Timestamp,HR,GSR
'2026-03-31 15:25:30,77,224
'2026-03-31 15:25:30,77,225
'2026-03-31 15:25:30,76,223
'2026-03-31 15:25:30,76,218
'2026-03-31 15:25:30,76,215
'2026-03-31 15:25:31,76,212
'2026-03-31 15:25:31,76,212
'2026-03-31 15:25:31,76,208
'2026-03-31 15:25:31,76,208
'2026-03-31 15:25:31,77,207
'2026-03-31 15:25:32,77,207
'2026-03-31 15:25:32,77,206
'2026-03-31 15:25:32,77,208
'2026-03-31 15:25:32,78,208
'2026-03-31 15:25:33,78,208
'2026-03-31 15:25:33,78,208
'2026-03-31 15:25:33,78,209
'2026-03-31 15:25:33,78,211
'2026-03-31 15:25:33,78,211
'2026-03-31 15:25:34,78,212
'2026-03-31 15:25:34,78,214
'2026-03-31 15:25:34,78,214
'2026-03-31 15:25:34,78,213
'2026-03-31 15:25:34,78,215
'2026-03-31 15:25:35,78,216
'2026-03-31 15:25:35,78,216
'2026-03-31 15:25:35,78,216
'2026-03-31 15:25:35,79,219
'2026-03-31 15:25:35,79,220
'2026-03-31 15:25:36,79,220
'2026-03-31 15:25:36,80,221
'2026-03-31 15:25:36,80,224
'2026-03-31 15:25:36,80,222
'2026-03-31 15:25:36,80,222
'2026-03-31 15:25:37,81,223
'2026-03-31 15:25:37,81,224
'2026-03-31 15:25:37,81,223
'2026-03-31 15:25:37,81,222
'2026-03-31 15:25:37,82,224
'2026-03-31 15:25:38,82,222
'2026-03-31 15:25:38,82,220
'2026-03-31 15:25:38,82,220
'2026-03-31 15:25:38,81,223
'2026-03-31 15:25:38,81,222
'2026-03-31 15:25:39,81,220
'2026-03-31 15:25:39,81,220
'2026-03-31 15:25:39,80,222
'2026-03-31 15:25:39,80,222
'2026-03-31 15:25:39,80,221
'2026-03-31 15:25:40,80,222
'2026-03-31 15:25:40,80,223
'2026-03-31 15:25:40,80,222
'2026-03-31 15:25:40,80,221
'2026-03-31 15:25:41,80,223
'2026-03-31 15:25:41,80,223
'2026-03-31 15:25:41,80,222
'2026-03-31 15:25:41,81,222
'2026-03-31 15:25:41,81,223
'2026-03-31 15:25:42,81,222
'2026-03-31 15:25:42,81,222
'2026-03-31 15:25:42,81,223
'2026-03-31 15:25:42,81,222
'2026-03-31 15:25:42,81,222
'2026-03-31 15:25:43,81,222
'2026-03-31 15:25:43,80,223
'2026-03-31 15:25:43,80,224
'2026-03-31 15:25:43,80,223
'2026-03-31 15:25:43,80,222
'2026-03-31 15:25:44,78,223
'2026-03-31 15:25:44,78,223
'2026-03-31 15:25:44,78,223
'2026-03-31 15:25:44,78,222
'2026-03-31 15:25:44,78,224
'2026-03-31 15:25:45,78,224
'2026-03-31 15:25:45,78,223
'2026-03-31 15:25:45,78,224
'2026-03-31 15:25:45,78,224
'2026-03-31 15:25:45,78,225
'2026-03-31 15:25:46,78,224
'2026-03-31 15:25:46,79,225
'2026-03-31 15:25:46,79,225
'2026-03-31 15:25:46,79,226
'2026-03-31 15:25:46,79,224
'2026-03-31 15:25:47,79,224
'2026-03-31 15:25:47,79,226
'2026-03-31 15:25:47,79,225
'2026-03-31 15:25:47,79,225
'2026-03-31 15:25:48,78,226
'2026-03-31 15:25:48,78,227
'2026-03-31 15:25:48,78,226
'2026-03-31 15:25:48,78,225
'2026-03-31 15:25:48,76,228
'2026-03-31 15:25:49,76,227
'2026-03-31 15:25:49,76,227
'2026-03-31 15:25:49,76,225
'2026-03-31 15:25:49,75,228
'2026-03-31 15:25:49,75,228
'2026-03-31 15:25:50,75,227
'2026-03-31 15:25:50,76,226
'2026-03-31 15:25:50,76,228
'2026-03-31 15:25:50,76,228
'2026-03-31 15:25:50,76,227
'2026-03-31 15:25:51,76,228
'2026-03-31 15:25:51,76,229
'2026-03-31 15:25:51,76,229
'2026-03-31 15:25:51,76,228
'2026-03-31 15:25:51,76,229
'2026-03-31 15:25:52,76,229
'2026-03-31 15:25:52,76,229
'2026-03-31 15:25:52,77,229
'2026-03-31 15:25:52,77,229
'2026-03-31 15:25:52,77,229
'2026-03-31 15:25:53,77,229
'2026-03-31 15:25:53,76,229
'2026-03-31 15:25:53,76,229
'2026-03-31 15:25:53,76,230
'2026-03-31 15:25:53,76,229
'2026-03-31 15:25:54,76,230
'2026-03-31 15:25:54,76,230
'2026-03-31 15:25:54,76,230
'2026-03-31 15:25:54,76,229
'2026-03-31 15:25:54,76,230
'2026-03-31 15:25:55,76,231
'2026-03-31 15:25:55,76,231
'2026-03-31 15:25:55,76,230
'2026-03-31 15:25:55,77,231
'2026-03-31 15:25:56,77,232
'2026-03-31 15:25:56,77,231
'2026-03-31 15:25:56,79,232
'2026-03-31 15:25:56,79,231
'2026-03-31 15:25:56,79,233
'2026-03-31 15:25:57,80,233
'2026-03-31 15:25:57,80,233
'2026-03-31 15:25:57,80,233
'2026-03-31 15:25:57,80,234
'2026-03-31 15:25:57,79,234
'2026-03-31 15:25:58,79,234
'2026-03-31 15:25:58,79,234
'2026-03-31 15:25:58,79,235
'2026-03-31 15:25:58,78,235
'2026-03-31 15:25:58,78,234
'2026-03-31 15:25:59,78,234
'2026-03-31 15:25:59,78,232
'2026-03-31 15:25:59,78,231
'2026-03-31 15:25:59,78,229
'2026-03-31 15:25:59,78,228
'2026-03-31 15:26:00,78,227
'2026-03-31 15:26:00,78,225
'2026-03-31 15:26:00,78,224
'2026-03-31 15:26:00,78,224
'2026-03-31 15:26:00,79,225
'2026-03-31 15:26:01,79,223
'2026-03-31 15:26:01,79,223
'2026-03-31 15:26:01,79,225
'2026-03-31 15:26:01,79,225
'2026-03-31 15:26:01,79,223
'2026-03-31 15:26:02,79,225
'2026-03-31 15:26:02,80,227
'2026-03-31 15:26:02,80,225
'2026-03-31 15:26:02,80,225
'2026-03-31 15:26:03,80,227
'2026-03-31 15:26:03,80,229
'2026-03-31 15:26:03,80,227
'2026-03-31 15:26:03,80,228
'2026-03-31 15:26:03,80,230
'2026-03-31 15:26:04,80,230
'2026-03-31 15:26:04,80,229
'2026-03-31 15:26:04,81,230
'2026-03-31 15:26:04,81,231
'2026-03-31 15:26:04,81,231
'2026-03-31 15:26:05,81,229
'2026-03-31 15:26:05,82,230
'2026-03-31 15:26:05,82,230
'2026-03-31 15:26:05,82,228
'2026-03-31 15:26:05,82,227
'2026-03-31 15:26:06,82,228
'2026-03-31 15:26:06,82,229
'2026-03-31 15:26:06,82,228
'2026-03-31 15:26:06,82,228
'2026-03-31 15:26:06,82,229
'2026-03-31 15:26:07,82,230
'2026-03-31 15:26:07,82,229
'2026-03-31 15:26:07,80,229
'2026-03-31 15:26:07,80,231
'2026-03-31 15:26:07,80,231
'2026-03-31 15:26:08,80,230
'2026-03-31 15:26:08,79,231
'2026-03-31 15:26:08,79,233
'2026-03-31 15:26:08,79,233
'2026-03-31 15:26:08,79,232
'2026-03-31 15:26:09,80,234
'2026-03-31 15:26:09,80,234
'2026-03-31 15:26:09,80,233
'2026-03-31 15:26:09,80,233
'2026-03-31 15:26:09,80,234
'2026-03-31 15:26:10,80,236
'2026-03-31 15:26:10,80,234
'2026-03-31 15:26:10,80,234
'2026-03-31 15:26:10,80,235
'2026-03-31 15:26:11,80,236
'2026-03-31 15:26:11,80,234
'2026-03-31 15:26:11,79,234
'2026-03-31 15:26:11,79,233
'2026-03-31 15:26:11,79,232
'2026-03-31 15:26:12,79,229
'2026-03-31 15:26:12,78,229
'2026-03-31 15:26:12,78,228
'2026-03-31 15:26:12,78,228
'2026-03-31 15:26:12,78,227
'2026-03-31 15:26:13,77,228
'2026-03-31 15:26:13,77,229
'2026-03-31 15:26:13,77,228
'2026-03-31 15:26:13,77,228
'2026-03-31 15:26:13,77,230
'2026-03-31 15:26:14,77,230
'2026-03-31 15:26:14,77,230
'2026-03-31 15:26:14,77,230
'2026-03-31 15:26:14,77,232
'2026-03-31 15:26:14,77,232
'2026-03-31 15:26:15,77,232
'2026-03-31 15:26:15,76,232
'2026-03-31 15:26:15,76,234
'2026-03-31 15:26:15,76,234
'2026-03-31 15:26:15,76,234
'2026-03-31 15:26:16,76,234
'2026-03-31 15:26:16,76,236
'2026-03-31 15:26:16,76,236
'2026-03-31 15:26:16,76,235
'2026-03-31 15:26:16,76,235
'2026-03-31 15:26:17,75,238
'2026-03-31 15:26:17,75,237
'2026-03-31 15:26:17,75,235
'2026-03-31 15:26:17,75,236
'2026-03-31 15:26:18,73,238
'2026-03-31 15:26:18,73,237
'2026-03-31 15:26:18,73,236
'2026-03-31 15:26:18,73,237
'2026-03-31 15:26:18,73,239
'2026-03-31 15:26:19,73,238
'2026-03-31 15:26:19,73,237
'2026-03-31 15:26:19,73,238
'2026-03-31 15:26:19,73,240
'2026-03-31 15:26:19,73,238
'2026-03-31 15:26:20,73,239
'2026-03-31 15:26:20,73,239
'2026-03-31 15:26:20,72,240
'2026-03-31 15:26:20,72,239
'2026-03-31 15:26:20,72,239
'2026-03-31 15:26:21,72,240
'2026-03-31 15:26:21,72,242
'2026-03-31 15:26:21,72,240
'2026-03-31 15:26:21,72,240
'2026-03-31 15:26:21,72,241
'2026-03-31 15:26:22,72,243
'2026-03-31 15:26:22,72,241
'2026-03-31 15:26:22,72,241
'2026-03-31 15:26:22,72,243
'2026-03-31 15:26:22,72,244
'2026-03-31 15:26:23,72,241
'2026-03-31 15:26:23,72,241
'2026-03-31 15:26:23,72,244
'2026-03-31 15:26:23,72,244
'2026-03-31 15:26:23,72,242
'2026-03-31 15:26:24,72,243
'2026-03-31 15:26:24,73,245
'2026-03-31 15:26:24,73,245
'2026-03-31 15:26:24,73,244
'2026-03-31 15:26:25,73,245
'2026-03-31 15:26:25,73,245
'2026-03-31 15:26:25,73,246
'2026-03-31 15:26:25,73,245
'2026-03-31 15:26:25,73,247
'2026-03-31 15:26:26,74,247
'2026-03-31 15:26:26,74,246
'2026-03-31 15:26:26,74,246
'2026-03-31 15:26:26,74,246
'2026-03-31 15:26:26,73,247
'2026-03-31 15:26:27,73,247
'2026-03-31 15:26:27,73,247
'2026-03-31 15:26:27,73,248
'2026-03-31 15:26:27,73,247
'2026-03-31 15:26:27,73,247
'2026-03-31 15:26:28,73,248
'2026-03-31 15:26:28,73,249
'2026-03-31 15:26:28,74,249
'2026-03-31 15:26:28,74,249
'2026-03-31 15:26:28,74,249
'2026-03-31 15:26:29,74,250
'2026-03-31 15:26:29,75,251
'2026-03-31 15:26:29,75,250
'2026-03-31 15:26:29,75,250
'2026-03-31 15:26:29,76,250
'2026-03-31 15:26:30,76,251
'2026-03-31 15:26:30,76,250
'2026-03-31 15:26:30,76,250
'2026-03-31 15:26:30,75,250
'2026-03-31 15:26:30,75,249
'2026-03-31 15:26:31,75,249
'2026-03-31 15:26:31,75,249
'2026-03-31 15:26:31,75,249
'2026-03-31 15:26:31,75,248
'2026-03-31 15:26:31,75,248
'2026-03-31 15:26:32,75,249
'2026-03-31 15:26:32,76,250
'2026-03-31 15:26:32,76,247
'2026-03-31 15:26:32,76,250
'2026-03-31 15:26:33,77,251
'2026-03-31 15:26:33,77,250
'2026-03-31 15:26:33,77,250
'2026-03-31 15:26:33,79,251
'2026-03-31 15:26:33,79,250
'2026-03-31 15:26:34,79,248
'2026-03-31 15:26:34,79,246
'2026-03-31 15:26:34,80,247
'2026-03-31 15:26:34,80,244
'2026-03-31 15:26:34,80,242
'2026-03-31 15:26:35,81,243
'2026-03-31 15:26:35,81,244
'2026-03-31 15:26:35,81,242
'2026-03-31 15:26:35,81,241
'2026-03-31 15:26:35,81,242
'2026-03-31 15:26:36,81,243
'2026-03-31 15:26:36,81,242
'2026-03-31 15:26:36,81,241
'2026-03-31 15:26:36,80,244
'2026-03-31 15:26:36,80,245
'2026-03-31 15:26:37,80,244
'2026-03-31 15:26:37,81,245
'2026-03-31 15:26:37,81,246
'2026-03-31 15:26:37,81,246
'2026-03-31 15:26:37,81,246
'2026-03-31 15:26:38,82,247
'2026-03-31 15:26:38,82,247
'2026-03-31 15:26:38,82,247
'2026-03-31 15:26:38,83,246
'2026-03-31 15:26:38,83,247
'2026-03-31 15:26:39,83,247
'2026-03-31 15:26:39,83,245
'2026-03-31 15:26:39,82,244
'2026-03-31 15:26:39,82,244
'2026-03-31 15:26:40,82,245
'2026-03-31 15:26:40,82,243
'2026-03-31 15:26:40,80,243
'2026-03-31 15:26:40,80,244
'2026-03-31 15:26:40,80,245
'2026-03-31 15:26:41,80,244
'2026-03-31 15:26:41,79,245
'2026-03-31 15:26:41,79,246
'2026-03-31 15:26:41,79,247
'2026-03-31 15:26:41,79,246
'2026-03-31 15:26:42,78,247
'2026-03-31 15:26:42,78,248
'2026-03-31 15:26:42,78,248
'2026-03-31 15:26:42,78,247
'2026-03-31 15:26:42,78,249
'2026-03-31 15:26:43,78,249
'2026-03-31 15:26:43,78,249
'2026-03-31 15:26:43,78,249
'2026-03-31 15:26:43,78,250
'2026-03-31 15:26:43,78,250
'2026-03-31 15:26:44,78,250
'2026-03-31 15:26:44,78,249
'2026-03-31 15:26:44,78,251
'2026-03-31 15:26:44,78,251
'2026-03-31 15:26:44,78,251
'2026-03-31 15:26:45,77,251
'2026-03-31 15:26:45,77,252
'2026-03-31 15:26:45,77,252
'2026-03-31 15:26:45,77,252
'2026-03-31 15:26:45,77,252
'2026-03-31 15:26:46,77,253
'2026-03-31 15:26:46,77,253
'2026-03-31 15:26:46,77,254
'2026-03-31 15:26:46,77,253
'2026-03-31 15:26:46,77,254
'2026-03-31 15:26:47,77,253
'2026-03-31 15:26:47,77,254
'2026-03-31 15:26:47,77,254
'2026-03-31 15:26:47,77,255
'2026-03-31 15:26:48,77,254
'2026-03-31 15:26:48,77,254
'2026-03-31 15:26:48,77,255
'2026-03-31 15:26:48,77,256
'2026-03-31 15:26:48,77,255
'2026-03-31 15:26:49,77,256
'2026-03-31 15:26:49,77,256
'2026-03-31 15:26:49,77,256
'2026-03-31 15:26:49,77,256
'2026-03-31 15:26:49,76,257
'2026-03-31 15:26:50,76,257
'2026-03-31 15:26:50,76,257
'2026-03-31 15:26:50,76,256
'2026-03-31 15:26:50,76,258
'2026-03-31 15:26:50,76,259
'2026-03-31 15:26:51,76,258
'2026-03-31 15:26:51,76,258
'2026-03-31 15:26:51,76,260
'2026-03-31 15:26:51,76,260
'2026-03-31 15:26:51,76,259
'2026-03-31 15:26:52,76,258
'2026-03-31 15:26:52,75,260
'2026-03-31 15:26:52,75,260
'2026-03-31 15:26:52,75,259
'2026-03-31 15:26:52,75,260
'2026-03-31 15:26:53,74,261
'2026-03-31 15:26:53,74,261
'2026-03-31 15:26:53,74,261
'2026-03-31 15:26:53,74,260
'2026-03-31 15:26:53,74,263
'2026-03-31 15:26:54,74,264
'2026-03-31 15:26:54,74,262
'2026-03-31 15:26:54,74,262
'2026-03-31 15:26:54,74,265
'2026-03-31 15:26:55,74,264
'2026-03-31 15:26:55,74,262
'2026-03-31 15:26:55,74,263
'2026-03-31 15:26:55,74,266
'2026-03-31 15:26:55,74,265
'2026-03-31 15:26:56,74,263
'2026-03-31 15:26:56,74,263
'2026-03-31 15:26:56,74,267
'2026-03-31 15:26:56,74,265
'2026-03-31 15:26:56,74,264
'2026-03-31 15:26:57,74,265
'2026-03-31 15:26:57,74,267
'2026-03-31 15:26:57,74,266
'2026-03-31 15:26:57,74,265
'2026-03-31 15:26:57,74,267
'2026-03-31 15:26:58,74,268
'2026-03-31 15:26:58,74,266
'2026-03-31 15:26:58,74,266
'2026-03-31 15:26:58,74,269
'2026-03-31 15:26:58,74,269
'2026-03-31 15:26:59,74,268
'2026-03-31 15:26:59,74,267
'2026-03-31 15:26:59,74,270
'2026-03-31 15:26:59,74,270
'2026-03-31 15:26:59,74,268
'2026-03-31 15:27:00,74,269
'2026-03-31 15:27:00,75,271
'2026-03-31 15:27:00,75,271
'2026-03-31 15:27:00,75,269
'2026-03-31 15:27:00,75,270
'2026-03-31 15:27:01,75,273
'2026-03-31 15:27:01,75,271
'2026-03-31 15:27:01,75,271
'2026-03-31 15:27:01,75,272
'2026-03-31 15:27:01,75,274
'2026-03-31 15:27:02,75,272
'2026-03-31 15:27:02,75,271
'2026-03-31 15:27:02,75,273
'2026-03-31 15:27:02,74,275
'2026-03-31 15:27:03,74,273
'2026-03-31 15:27:03,74,271
'2026-03-31 15:27:03,74,274
'2026-03-31 15:27:03,74,276
'2026-03-31 15:27:03,74,274
'2026-03-31 15:27:04,74,273
'2026-03-31 15:27:04,74,275
'2026-03-31 15:27:04,74,276
'2026-03-31 15:27:04,74,275
'2026-03-31 15:27:04,74,275
'2026-03-31 15:27:05,75,277
'2026-03-31 15:27:05,75,278
'2026-03-31 15:27:05,75,277
'2026-03-31 15:27:05,75,277
'2026-03-31 15:27:05,75,279
'2026-03-31 15:27:06,75,278
'2026-03-31 15:27:06,75,277
'2026-03-31 15:27:06,75,277
'2026-03-31 15:27:06,75,282
'2026-03-31 15:27:06,75,279
'2026-03-31 15:27:07,75,278
'2026-03-31 15:27:07,75,279
'2026-03-31 15:27:07,75,281
'2026-03-31 15:27:07,75,279
'2026-03-31 15:27:07,75,279
'2026-03-31 15:27:08,75,280
'2026-03-31 15:27:08,75,283
'2026-03-31 15:27:08,75,282
'2026-03-31 15:27:08,75,281
'2026-03-31 15:27:08,77,284
'2026-03-31 15:27:09,77,283
'2026-03-31 15:27:09,77,283
'2026-03-31 15:27:09,77,283
'2026-03-31 15:27:09,76,285
'2026-03-31 15:27:10,76,285
'2026-03-31 15:27:10,76,284
'2026-03-31 15:27:10,76,284
'2026-03-31 15:27:10,76,287
'2026-03-31 15:27:10,76,286
'2026-03-31 15:27:11,76,285
'2026-03-31 15:27:11,76,286
'2026-03-31 15:27:11,76,288
'2026-03-31 15:27:11,76,287
'2026-03-31 15:27:11,76,286
'2026-03-31 15:27:12,77,288
'2026-03-31 15:27:12,77,289
'2026-03-31 15:27:12,77,289
'2026-03-31 15:27:12,77,287
'2026-03-31 15:27:12,77,290
'2026-03-31 15:27:13,77,290
'2026-03-31 15:27:13,77,290
'2026-03-31 15:27:13,77,289
'2026-03-31 15:27:13,77,293
'2026-03-31 15:27:13,77,292
'2026-03-31 15:27:14,77,291
'2026-03-31 15:27:14,77,291
'2026-03-31 15:27:14,77,293
'2026-03-31 15:27:14,77,293
'2026-03-31 15:27:14,77,291
'2026-03-31 15:27:15,78,293
'2026-03-31 15:27:15,78,294
'2026-03-31 15:27:15,78,294
'2026-03-31 15:27:15,78,292
'2026-03-31 15:27:15,78,295
'2026-03-31 15:27:16,78,295
'2026-03-31 15:27:16,78,295
'2026-03-31 15:27:16,78,294
'2026-03-31 15:27:16,77,297
'2026-03-31 15:27:16,77,297
'2026-03-31 15:27:17,77,296
'2026-03-31 15:27:17,77,295
'2026-03-31 15:27:17,77,298
'2026-03-31 15:27:17,77,298
'2026-03-31 15:27:18,77,297
'2026-03-31 15:27:18,77,297
'2026-03-31 15:27:18,77,299
'2026-03-31 15:27:18,77,299
'2026-03-31 15:27:18,77,298
'2026-03-31 15:27:19,78,300
'2026-03-31 15:27:19,78,300
'2026-03-31 15:27:19,78,301
'2026-03-31 15:27:19,78,300
'2026-03-31 15:27:19,78,302
'2026-03-31 15:27:20,78,302
'2026-03-31 15:27:20,78,302
'2026-03-31 15:27:20,78,301
'2026-03-31 15:27:20,77,304
'2026-03-31 15:27:20,77,303
'2026-03-31 15:27:21,77,303
'2026-03-31 15:27:21,77,302
'2026-03-31 15:27:21,76,305
'2026-03-31 15:27:21,76,304
'2026-03-31 15:27:21,76,303
'2026-03-31 15:27:22,76,302
'2026-03-31 15:27:22,76,305
'2026-03-31 15:27:22,76,304
'2026-03-31 15:27:22,76,303
'2026-03-31 15:27:22,76,303
'2026-03-31 15:27:23,75,305
'2026-03-31 15:27:23,75,305
'2026-03-31 15:27:23,75,304
'2026-03-31 15:27:23,75,304
'2026-03-31 15:27:23,75,306
'2026-03-31 15:27:24,75,306
'2026-03-31 15:27:24,75,305
'2026-03-31 15:27:24,75,307
'2026-03-31 15:27:24,75,308
'2026-03-31 15:27:25,75,307
'2026-03-31 15:27:25,75,306
'2026-03-31 15:27:25,76,308
'2026-03-31 15:27:25,76,308
'2026-03-31 15:27:25,76,308
'2026-03-31 15:27:26,76,308
'2026-03-31 15:27:26,76,310
'2026-03-31 15:27:26,76,310
'2026-03-31 15:27:26,76,309
'2026-03-31 15:27:26,76,309
'2026-03-31 15:27:27,76,310
'2026-03-31 15:27:27,76,311
'2026-03-31 15:27:27,76,310
'2026-03-31 15:27:27,76,311
'2026-03-31 15:27:27,76,311
'2026-03-31 15:27:28,76,312
'2026-03-31 15:27:28,77,311
'2026-03-31 15:27:28,77,313
'2026-03-31 15:27:28,77,312
'2026-03-31 15:27:28,77,313
'2026-03-31 15:27:29,77,313
'2026-03-31 15:27:29,77,314
'2026-03-31 15:27:29,77,314
'2026-03-31 15:27:29,77,314
'2026-03-31 15:27:29,77,313
'2026-03-31 15:27:30,77,315
'2026-03-31 15:27:30,77,316
'2026-03-31 15:27:30,77,315
'2026-03-31 15:27:30,77,314
'2026-03-31 15:27:30,77,316
'2026-03-31 15:27:31,77,317
'2026-03-31 15:27:31,77,316
'2026-03-31 15:27:31,77,316
'2026-03-31 15:27:31,77,317
'2026-03-31 15:27:32,77,317
'2026-03-31 15:27:32,77,317
'2026-03-31 15:27:32,78,317
'2026-03-31 15:27:32,78,318
'2026-03-31 15:27:32,78,319
'2026-03-31 15:27:33,78,318
'2026-03-31 15:27:33,78,319
'2026-03-31 15:27:33,78,319
'2026-03-31 15:27:33,78,320
'2026-03-31 15:27:33,78,320
'2026-03-31 15:27:34,78,320
'2026-03-31 15:27:34,78,320
'2026-03-31 15:27:34,78,321
'2026-03-31 15:27:34,78,321
'2026-03-31 15:27:34,78,320
'2026-03-31 15:27:35,78,322
'2026-03-31 15:27:35,78,322
'2026-03-31 15:27:35,78,320
'2026-03-31 15:27:35,78,320
'2026-03-31 15:27:35,79,320
'2026-03-31 15:27:36,79,318
'2026-03-31 15:27:36,79,316
'2026-03-31 15:27:36,79,315
'2026-03-31 15:27:36,80,316
'2026-03-31 15:27:36,80,312
'2026-03-31 15:27:37,80,312
'2026-03-31 15:27:37,80,312
'2026-03-31 15:27:37,80,314
'2026-03-31 15:27:37,80,312
'2026-03-31 15:27:37,80,310
'2026-03-31 15:27:38,80,311
'2026-03-31 15:27:38,81,314
'2026-03-31 15:27:38,81,312
'2026-03-31 15:27:38,81,312
'2026-03-31 15:27:38,81,314
'2026-03-31 15:27:39,80,315
'2026-03-31 15:27:39,80,314
'2026-03-31 15:27:39,80,313
'2026-03-31 15:27:39,79,316
'2026-03-31 15:27:40,79,316
'2026-03-31 15:27:40,79,314
'2026-03-31 15:27:40,79,315
'2026-03-31 15:27:40,79,317
'2026-03-31 15:27:40,79,316
'2026-03-31 15:27:41,79,314
'2026-03-31 15:27:41,79,316
'2026-03-31 15:27:41,78,318
'2026-03-31 15:27:41,78,318
'2026-03-31 15:27:41,78,316
'2026-03-31 15:27:42,78,318
'2026-03-31 15:27:42,78,320
'2026-03-31 15:27:42,78,318
'2026-03-31 15:27:42,78,318
'2026-03-31 15:27:42,78,319
'2026-03-31 15:27:43,77,321
'2026-03-31 15:27:43,77,319
'2026-03-31 15:27:43,77,319
'2026-03-31 15:27:43,77,321
'2026-03-31 15:27:43,77,321
'2026-03-31 15:27:44,77,321
'2026-03-31 15:27:44,77,320
'2026-03-31 15:27:44,76,323
'2026-03-31 15:27:44,76,322
'2026-03-31 15:27:44,76,321
'2026-03-31 15:27:45,76,321
'2026-03-31 15:27:45,76,324
'2026-03-31 15:27:45,76,322
'2026-03-31 15:27:45,76,321
'2026-03-31 15:27:45,76,322
'2026-03-31 15:27:46,77,325
'2026-03-31 15:27:46,77,323
'2026-03-31 15:27:46,77,322
'2026-03-31 15:27:46,77,323
'2026-03-31 15:27:47,77,324
'2026-03-31 15:27:47,77,324
'2026-03-31 15:27:47,77,323
'2026-03-31 15:27:47,78,326
'2026-03-31 15:27:47,78,326
'2026-03-31 15:27:48,78,324
'2026-03-31 15:27:48,78,324
'2026-03-31 15:27:48,78,327
'2026-03-31 15:27:48,78,327
'2026-03-31 15:27:48,78,325
'2026-03-31 15:27:49,78,325
'2026-03-31 15:27:49,78,328
'2026-03-31 15:27:49,78,328
'2026-03-31 15:27:49,78,325
'2026-03-31 15:27:49,77,326
'2026-03-31 15:27:50,77,329
'2026-03-31 15:27:50,77,328
'2026-03-31 15:27:50,77,327
'2026-03-31 15:27:50,78,328
'2026-03-31 15:27:50,78,329
'2026-03-31 15:27:51,78,329
'2026-03-31 15:27:51,78,327
'2026-03-31 15:27:51,78,330
'2026-03-31 15:27:51,78,330
'2026-03-31 15:27:51,78,329
'2026-03-31 15:27:52,78,328
'2026-03-31 15:27:52,77,331
'2026-03-31 15:27:52,77,331
'2026-03-31 15:27:52,77,329
'2026-03-31 15:27:52,77,329
'2026-03-31 15:27:53,77,331
'2026-03-31 15:27:53,77,332
'2026-03-31 15:27:53,77,330
'2026-03-31 15:27:53,77,330
'2026-03-31 15:27:53,77,333
'2026-03-31 15:27:54,77,333
'2026-03-31 15:27:54,77,332
'2026-03-31 15:27:54,77,333
'2026-03-31 15:27:54,77,333
'2026-03-31 15:27:55,77,334
'2026-03-31 15:27:55,77,332
'2026-03-31 15:27:55,76,334
'2026-03-31 15:27:55,76,334
'2026-03-31 15:27:55,76,334
'2026-03-31 15:27:56,76,333
'2026-03-31 15:27:56,76,334
'2026-03-31 15:27:56,76,335
'2026-03-31 15:27:56,76,335
'2026-03-31 15:27:56,76,334
'2026-03-31 15:27:57,76,336
'2026-03-31 15:27:57,76,336
'2026-03-31 15:27:57,76,335
'2026-03-31 15:27:57,77,336
'2026-03-31 15:27:57,77,336
'2026-03-31 15:27:58,77,337
'2026-03-31 15:27:58,77,336
'2026-03-31 15:27:58,77,336
'2026-03-31 15:27:58,77,337
'2026-03-31 15:27:58,77,338
'2026-03-31 15:27:59,77,338
'2026-03-31 15:27:59,77,337
'2026-03-31 15:27:59,77,338
'2026-03-31 15:27:59,77,338
'2026-03-31 15:27:59,77,338
'2026-03-31 15:28:00,77,338
'2026-03-31 15:28:00,77,339
'2026-03-31 15:28:00,77,339
'2026-03-31 15:28:00,77,338
'2026-03-31 15:28:00,77,339
'2026-03-31 15:28:01,77,340
'2026-03-31 15:28:01,77,340
'2026-03-31 15:28:01,77,340
'2026-03-31 15:28:01,77,340
'2026-03-31 15:28:02,77,341
'2026-03-31 15:28:02,78,341
'2026-03-31 15:28:02,78,340
'2026-03-31 15:28:02,78,341
'2026-03-31 15:28:02,78,342
'2026-03-31 15:28:03,77,342
'2026-03-31 15:28:03,77,341
'2026-03-31 15:28:03,77,341
'2026-03-31 15:28:03,77,342
'2026-03-31 15:28:03,77,342
'2026-03-31 15:28:04,77,341
'2026-03-31 15:28:04,77,342
'2026-03-31 15:28:04,77,344
'2026-03-31 15:28:04,77,343
'2026-03-31 15:28:04,77,342
'2026-03-31 15:28:05,77,343
'2026-03-31 15:28:05,77,344
'2026-03-31 15:28:05,78,344
'2026-03-31 15:28:05,78,344
'2026-03-31 15:28:05,78,345
'2026-03-31 15:28:06,77,346
'2026-03-31 15:28:06,77,345
'2026-03-31 15:28:06,77,344
'2026-03-31 15:28:06,77,345
'2026-03-31 15:28:06,77,346
'2026-03-31 15:28:07,77,345
'2026-03-31 15:28:07,77,345
'2026-03-31 15:28:07,77,346
'2026-03-31 15:28:07,77,347
'2026-03-31 15:28:07,77,345
'2026-03-31 15:28:08,77,346
'2026-03-31 15:28:08,77,347
'2026-03-31 15:28:08,78,348
'2026-03-31 15:28:08,78,346
'2026-03-31 15:28:08,78,346
'2026-03-31 15:28:09,78,349
'2026-03-31 15:28:09,78,347
'2026-03-31 15:28:09,78,347
'2026-03-31 15:28:09,78,348
'2026-03-31 15:28:10,78,350
'2026-03-31 15:28:10,78,348
'2026-03-31 15:28:10,78,348
'2026-03-31 15:28:10,78,349
'2026-03-31 15:28:10,78,351
'2026-03-31 15:28:11,78,349
'2026-03-31 15:28:11,78,348
'2026-03-31 15:28:11,79,351
'2026-03-31 15:28:11,79,350
'2026-03-31 15:28:11,79,349
'2026-03-31 15:28:12,80,350
'2026-03-31 15:28:12,80,352
'2026-03-31 15:28:12,80,351
'2026-03-31 15:28:12,80,350
'2026-03-31 15:28:12,79,352
'2026-03-31 15:28:13,79,352
'2026-03-31 15:28:13,79,351
'2026-03-31 15:28:13,79,349
'2026-03-31 15:28:13,79,351
'2026-03-31 15:28:13,79,351
'2026-03-31 15:28:14,79,350
'2026-03-31 15:28:14,79,349
'2026-03-31 15:28:14,79,351
'2026-03-31 15:28:14,79,351
'2026-03-31 15:28:14,79,350
'2026-03-31 15:28:15,79,349
'2026-03-31 15:28:15,78,352
'2026-03-31 15:28:15,78,351
'2026-03-31 15:28:15,78,350
'2026-03-31 15:28:15,78,350
'2026-03-31 15:28:16,78,352
'2026-03-31 15:28:16,78,351
'2026-03-31 15:28:16,78,350
'2026-03-31 15:28:16,78,351
'2026-03-31 15:28:17,78,353
'2026-03-31 15:28:17,78,352
'2026-03-31 15:28:17,78,350
'2026-03-31 15:28:17,77,352
'2026-03-31 15:28:17,77,353
'2026-03-31 15:28:18,77,352
'2026-03-31 15:28:18,77,351
'2026-03-31 15:28:18,78,353
'2026-03-31 15:28:18,78,354
'2026-03-31 15:28:18,78,353
'2026-03-31 15:28:19,78,353
'2026-03-31 15:28:19,78,354
'2026-03-31 15:28:19,78,354
'2026-03-31 15:28:19,78,354
'2026-03-31 15:28:19,78,355
'2026-03-31 15:28:20,78,355
'2026-03-31 15:28:20,78,355
'2026-03-31 15:28:20,79,355
'2026-03-31 15:28:20,79,355
'2026-03-31 15:28:20,79,355
'2026-03-31 15:28:21,79,356
'2026-03-31 15:28:21,79,355
'2026-03-31 15:28:21,79,355
'2026-03-31 15:28:21,79,357
'2026-03-31 15:28:21,79,356
'2026-03-31 15:28:22,79,356
'2026-03-31 15:28:22,79,356
'2026-03-31 15:28:22,79,357
'2026-03-31 15:28:22,79,356
'2026-03-31 15:28:22,78,357
'2026-03-31 15:28:23,78,357
'2026-03-31 15:28:23,78,358
'2026-03-31 15:28:23,78,357
'2026-03-31 15:28:23,79,358
'2026-03-31 15:28:23,79,358
'2026-03-31 15:28:24,79,358
'2026-03-31 15:28:24,79,358
'2026-03-31 15:28:24,79,360
'2026-03-31 15:28:24,79,359
'2026-03-31 15:28:25,79,359
'2026-03-31 15:28:25,78,358
'2026-03-31 15:28:25,78,360
'2026-03-31 15:28:25,78,360
'2026-03-31 15:28:25,78,360
'2026-03-31 15:28:26,77,359
'2026-03-31 15:28:26,77,360
'2026-03-31 15:28:26,77,361
'2026-03-31 15:28:26,77,359
'2026-03-31 15:28:26,75,359
'2026-03-31 15:28:27,75,361
'2026-03-31 15:28:27,75,362
'2026-03-31 15:28:27,75,360
'2026-03-31 15:28:27,75,360
'2026-03-31 15:28:27,75,362
'2026-03-31 15:28:28,75,362
'2026-03-31 15:28:28,75,360
'2026-03-31 15:28:28,75,362
'2026-03-31 15:28:28,75,363
'2026-03-31 15:28:28,75,362
'2026-03-31 15:28:29,75,361
'2026-03-31 15:28:29,75,362
'2026-03-31 15:28:29,75,363
'2026-03-31 15:28:29,75,362
'2026-03-31 15:28:29,75,361
'2026-03-31 15:28:30,75,363
'2026-03-31 15:28:30,75,364
'2026-03-31 15:28:30,75,363
'2026-03-31 15:28:30,75,362
'2026-03-31 15:28:30,75,364
'2026-03-31 15:28:31,75,365
'2026-03-31 15:28:31,75,363
'2026-03-31 15:28:31,75,363
'2026-03-31 15:28:31,75,364
'2026-03-31 15:28:32,75,365
'2026-03-31 15:28:32,75,364
'2026-03-31 15:28:32,76,364
'2026-03-31 15:28:32,76,365
'2026-03-31 15:28:32,76,365
'2026-03-31 15:28:33,76,365
'2026-03-31 15:28:33,76,366
'2026-03-31 15:28:33,76,366
'2026-03-31 15:28:33,76,366
'2026-03-31 15:28:33,76,365
'2026-03-31 15:28:34,76,367
'2026-03-31 15:28:34,76,366
'2026-03-31 15:28:34,76,367
'2026-03-31 15:28:34,77,365
'2026-03-31 15:28:34,77,367
'2026-03-31 15:28:35,77,368
'2026-03-31 15:28:35,77,367
'2026-03-31 15:28:35,78,368
'2026-03-31 15:28:35,78,368
'2026-03-31 15:28:35,78,367
'2026-03-31 15:28:36,78,368
'2026-03-31 15:28:36,78,367
'2026-03-31 15:28:36,78,367
'2026-03-31 15:28:36,78,367
'2026-03-31 15:28:36,77,368
'2026-03-31 15:28:37,77,367
'2026-03-31 15:28:37,77,367
'2026-03-31 15:28:37,77,367
'2026-03-31 15:28:37,77,367
'2026-03-31 15:28:37,77,366
'2026-03-31 15:28:38,77,367
'2026-03-31 15:28:38,77,366
'2026-03-31 15:28:38,77,366
'2026-03-31 15:28:38,77,366
'2026-03-31 15:28:38,77,367
'2026-03-31 15:28:39,77,366
'2026-03-31 15:28:39,77,366
'2026-03-31 15:28:39,77,366
'2026-03-31 15:28:39,77,366
'2026-03-31 15:28:40,77,366
'2026-03-31 15:28:40,77,365
'2026-03-31 15:28:40,77,365
'2026-03-31 15:28:40,77,366
'2026-03-31 15:28:40,77,366
'2026-03-31 15:28:41,77,366
'2026-03-31 15:28:41,77,366
'2026-03-31 15:28:41,77,367
'2026-03-31 15:28:41,77,366
'2026-03-31 15:28:41,77,367
'2026-03-31 15:28:42,77,367
'2026-03-31 15:28:42,77,367
'2026-03-31 15:28:42,76,366
'2026-03-31 15:28:42,76,368
'2026-03-31 15:28:42,76,368
'2026-03-31 15:28:43,76,368
'2026-03-31 15:28:43,75,368
'2026-03-31 15:28:43,75,368
'2026-03-31 15:28:43,75,369
'2026-03-31 15:28:43,75,368
'2026-03-31 15:28:44,75,369
'2026-03-31 15:28:44,75,369
'2026-03-31 15:28:44,75,369
'2026-03-31 15:28:44,76,370
'2026-03-31 15:28:44,76,369
'2026-03-31 15:28:45,76,369
'2026-03-31 15:28:45,76,370
'2026-03-31 15:28:45,77,369
'2026-03-31 15:28:45,77,369
'2026-03-31 15:28:45,77,370
'2026-03-31 15:28:46,77,370
'2026-03-31 15:28:46,77,371
'2026-03-31 15:28:46,77,369
'2026-03-31 15:28:46,77,371
'2026-03-31 15:28:47,77,371
'2026-03-31 15:28:47,77,370
'2026-03-31 15:28:47,77,371
'2026-03-31 15:28:47,77,371
'2026-03-31 15:28:47,78,372
'2026-03-31 15:28:48,78,370
'2026-03-31 15:28:48,78,370
'2026-03-31 15:28:48,78,372
'2026-03-31 15:28:48,78,373
'2026-03-31 15:28:48,78,370
'2026-03-31 15:28:49,78,372
'2026-03-31 15:28:49,78,372
'2026-03-31 15:28:49,78,373
'2026-03-31 15:28:49,78,371
'2026-03-31 15:28:49,78,372
'2026-03-31 15:28:50,78,374
'2026-03-31 15:28:50,77,373
'2026-03-31 15:28:50,77,372
'2026-03-31 15:28:50,77,373
'2026-03-31 15:28:50,77,374
'2026-03-31 15:28:51,77,373
'2026-03-31 15:28:51,77,373
'2026-03-31 15:28:51,77,374
'2026-03-31 15:28:51,77,374
'2026-03-31 15:28:51,76,374
'2026-03-31 15:28:52,76,374
'2026-03-31 15:28:52,76,375
'2026-03-31 15:28:52,76,374
'2026-03-31 15:28:52,76,375
'2026-03-31 15:28:52,76,374
'2026-03-31 15:28:53,76,375
'2026-03-31 15:28:53,76,375
'2026-03-31 15:28:53,76,374
'2026-03-31 15:28:53,76,376
'2026-03-31 15:28:53,76,376
'2026-03-31 15:28:54,75,375
'2026-03-31 15:28:54,75,376
'2026-03-31 15:28:54,75,376
'2026-03-31 15:28:54,75,377
'2026-03-31 15:28:55,75,376
'2026-03-31 15:28:55,75,376
'2026-03-31 15:28:55,75,377
'2026-03-31 15:28:55,75,377
'2026-03-31 15:28:55,75,377
'2026-03-31 15:28:56,75,376
'2026-03-31 15:28:56,75,378
'2026-03-31 15:28:56,75,377
'2026-03-31 15:28:56,75,378
'2026-03-31 15:28:56,75,377
'2026-03-31 15:28:57,75,378
'2026-03-31 15:28:57,75,377
'2026-03-31 15:28:57,75,377
'2026-03-31 15:28:57,75,378
'2026-03-31 15:28:57,75,379
'2026-03-31 15:28:58,76,379
'2026-03-31 15:28:58,76,378
'2026-03-31 15:28:58,76,379
'2026-03-31 15:28:58,76,379
'2026-03-31 15:28:58,77,379
'2026-03-31 15:28:59,77,378
'2026-03-31 15:28:59,77,379
'2026-03-31 15:28:59,77,380
'2026-03-31 15:28:59,76,380
'2026-03-31 15:28:59,76,379
'2026-03-31 15:29:00,76,380
'2026-03-31 15:29:00,76,380
'2026-03-31 15:29:00,76,378
'2026-03-31 15:29:00,76,379
'2026-03-31 15:29:00,76,380
'2026-03-31 15:29:01,77,379
'2026-03-31 15:29:01,77,377
'2026-03-31 15:29:01,77,377
'2026-03-31 15:29:01,77,378
'2026-03-31 15:29:02,78,377
'2026-03-31 15:29:02,78,375
'2026-03-31 15:29:02,78,376
'2026-03-31 15:29:02,80,378
'2026-03-31 15:29:02,80,375
'2026-03-31 15:29:03,80,374
'2026-03-31 15:29:03,80,375
'2026-03-31 15:29:03,80,374
'2026-03-31 15:29:03,80,370
'2026-03-31 15:29:03,80,367
'2026-03-31 15:29:04,80,367
'2026-03-31 15:29:04,80,365
'2026-03-31 15:29:04,80,360
'2026-03-31 15:29:04,81,358
'2026-03-31 15:29:04,81,358
'2026-03-31 15:29:05,81,355
'2026-03-31 15:29:05,81,353
'2026-03-31 15:29:05,81,353
'2026-03-31 15:29:05,81,353
'2026-03-31 15:29:05,81,351
'2026-03-31 15:29:06,81,349
'2026-03-31 15:29:06,81,350
'2026-03-31 15:29:06,81,350
'2026-03-31 15:29:06,81,348
'2026-03-31 15:29:06,82,347
'2026-03-31 15:29:07,82,346
'2026-03-31 15:29:07,82,346
'2026-03-31 15:29:07,82,343
'2026-03-31 15:29:07,82,342
'2026-03-31 15:29:07,82,342
'2026-03-31 15:29:08,82,342
'2026-03-31 15:29:08,82,341
'2026-03-31 15:29:08,82,340
'2026-03-31 15:29:08,82,340
'2026-03-31 15:29:09,82,339
'2026-03-31 15:29:09,82,338
'2026-03-31 15:29:09,81,339
'2026-03-31 15:29:09,81,339
'2026-03-31 15:29:09,81,338
'2026-03-31 15:29:10,80,337
'2026-03-31 15:29:10,80,336
'2026-03-31 15:29:10,80,335
'2026-03-31 15:29:10,80,334
'2026-03-31 15:29:10,80,335
'2026-03-31 15:29:11,80,335
'2026-03-31 15:29:11,80,335
'2026-03-31 15:29:11,79,336
'2026-03-31 15:29:11,79,335
'2026-03-31 15:29:11,79,336
'2026-03-31 15:29:12,79,337
'2026-03-31 15:29:12,79,336
'2026-03-31 15:29:12,79,335
'2026-03-31 15:29:12,79,336
'2026-03-31 15:29:12,79,334
'2026-03-31 15:29:13,79,333
'2026-03-31 15:29:13,79,331
'2026-03-31 15:29:13,79,331
'2026-03-31 15:29:13,79,330
'2026-03-31 15:29:13,79,327
'2026-03-31 15:29:14,79,327
'2026-03-31 15:29:14,79,326
'2026-03-31 15:29:14,79,327
'2026-03-31 15:29:14,79,324
'2026-03-31 15:29:14,79,323
'2026-03-31 15:29:15,79,323
'2026-03-31 15:29:15,79,323
'2026-03-31 15:29:15,79,319
'2026-03-31 15:29:15,79,319
'2026-03-31 15:29:15,79,320
'2026-03-31 15:29:16,79,319
'2026-03-31 15:29:16,79,317
'2026-03-31 15:29:16,79,317
'2026-03-31 15:29:16,79,314
'2026-03-31 15:29:17,78,314
'2026-03-31 15:29:17,78,312
'2026-03-31 15:29:17,78,312
'2026-03-31 15:29:17,78,311
'2026-03-31 15:29:17,77,310
'2026-03-31 15:29:18,77,310
'2026-03-31 15:29:18,77,311
'2026-03-31 15:29:18,78,312
'2026-03-31 15:29:18,78,310
'2026-03-31 15:29:18,78,311
'2026-03-31 15:29:19,78,312
'2026-03-31 15:29:19,78,313
'2026-03-31 15:29:19,78,311
'2026-03-31 15:29:19,78,312
'2026-03-31 15:29:19,79,314
'2026-03-31 15:29:20,79,312
'2026-03-31 15:29:20,79,312
'2026-03-31 15:29:20,79,312
'2026-03-31 15:29:20,79,314
'2026-03-31 15:29:20,79,313
'2026-03-31 15:29:21,79,312
'2026-03-31 15:29:21,79,313
'2026-03-31 15:29:21,77,315
'2026-03-31 15:29:21,77,313
'2026-03-31 15:29:21,77,312
'2026-03-31 15:29:22,77,314
'2026-03-31 15:29:22,76,315
'2026-03-31 15:29:22,76,313
'2026-03-31 15:29:22,76,314
'2026-03-31 15:29:22,76,315
'2026-03-31 15:29:23,76,315
'2026-03-31 15:29:23,76,314
'2026-03-31 15:29:23,76,314
'2026-03-31 15:29:23,78,317
'2026-03-31 15:29:24,78,315
'2026-03-31 15:29:24,78,314
'2026-03-31 15:29:24,79,315
'2026-03-31 15:29:24,79,316
'2026-03-31 15:29:24,79,315
'2026-03-31 15:29:25,79,314
'2026-03-31 15:29:25,80,317
'2026-03-31 15:29:25,80,316
'2026-03-31 15:29:25,80,313
'2026-03-31 15:29:25,80,312
'2026-03-31 15:29:26,80,313
'2026-03-31 15:29:26,80,311
'2026-03-31 15:29:26,80,308
'2026-03-31 15:29:26,80,309
'2026-03-31 15:29:26,80,309
'2026-03-31 15:29:27,80,308
'2026-03-31 15:29:27,80,306
'2026-03-31 15:29:27,79,307
'2026-03-31 15:29:27,79,306
'2026-03-31 15:29:27,79,304
'2026-03-31 15:29:28,80,302
'2026-03-31 15:29:28,80,303
'2026-03-31 15:29:28,80,303
'2026-03-31 15:29:28,80,301
'2026-03-31 15:29:28,81,302
'2026-03-31 15:29:29,81,302
'2026-03-31 15:29:29,81,302
'2026-03-31 15:29:29,82,301
'2026-03-31 15:29:29,82,299
'2026-03-31 15:29:29,82,298
'2026-03-31 15:29:30,82,297
'2026-03-31 15:29:30,82,295
'2026-03-31 15:29:30,82,293
'2026-03-31 15:29:30,82,293
'2026-03-31 15:29:30,82,292
'2026-03-31 15:29:31,81,292
'2026-03-31 15:29:31,81,291
'2026-03-31 15:29:31,81,291
'2026-03-31 15:29:31,81,290
'2026-03-31 15:29:32,79,289
'2026-03-31 15:29:32,79,290
'2026-03-31 15:29:32,79,289
'2026-03-31 15:29:32,79,288
'2026-03-31 15:29:32,77,288
'2026-03-31 15:29:33,77,290
'2026-03-31 15:29:33,77,290
'2026-03-31 15:29:33,77,289
'2026-03-31 15:29:33,76,289
'2026-03-31 15:29:33,76,292
'2026-03-31 15:29:34,76,293
'2026-03-31 15:29:34,76,292
'2026-03-31 15:29:34,76,293
'2026-03-31 15:29:34,76,295
'2026-03-31 15:29:34,76,295
'2026-03-31 15:29:35,76,294
'2026-03-31 15:29:35,75,295
'2026-03-31 15:29:35,75,297
'2026-03-31 15:29:35,75,296
'2026-03-31 15:29:35,75,294
'2026-03-31 15:29:36,74,295
'2026-03-31 15:29:36,74,298
'2026-03-31 15:29:36,74,297
'2026-03-31 15:29:36,74,295
'2026-03-31 15:29:36,74,296
'2026-03-31 15:29:37,73,298
'2026-03-31 15:29:37,73,296
'2026-03-31 15:29:37,73,295
'2026-03-31 15:29:37,73,297
'2026-03-31 15:29:37,72,298
'2026-03-31 15:29:38,72,296
'2026-03-31 15:29:38,72,296
'2026-03-31 15:29:38,72,297
'2026-03-31 15:29:38,72,299
'2026-03-31 15:29:39,72,297
'2026-03-31 15:29:39,72,296
'2026-03-31 15:29:39,73,298
'2026-03-31 15:29:39,73,297
'2026-03-31 15:29:39,73,296
'2026-03-31 15:29:40,74,296
'2026-03-31 15:29:40,74,298
'2026-03-31 15:29:40,74,297
'2026-03-31 15:29:40,74,294
'2026-03-31 15:29:40,75,295
'2026-03-31 15:29:41,75,293
'2026-03-31 15:29:41,75,291
'2026-03-31 15:29:41,75,288
'2026-03-31 15:29:41,76,288
'2026-03-31 15:29:41,76,287
'2026-03-31 15:29:42,76,284
'2026-03-31 15:29:42,76,283
'2026-03-31 15:29:42,76,284
'2026-03-31 15:29:42,76,283
'2026-03-31 15:29:42,76,280
'2026-03-31 15:29:43,76,278
'2026-03-31 15:29:43,76,277
'2026-03-31 15:29:43,76,276
'2026-03-31 15:29:43,76,273
'2026-03-31 15:29:43,78,272
'2026-03-31 15:29:44,78,271
'2026-03-31 15:29:44,78,269
'2026-03-31 15:29:44,79,269
'2026-03-31 15:29:44,79,268
'2026-03-31 15:29:44,79,269
'2026-03-31 15:29:45,79,268
'2026-03-31 15:29:45,81,268
'2026-03-31 15:29:45,81,269
'2026-03-31 15:29:45,81,269
'2026-03-31 15:29:45,81,268
'2026-03-31 15:29:46,81,265
'2026-03-31 15:29:46,81,263
'2026-03-31 15:29:46,82,260
'2026-03-31 15:29:46,82,259
'2026-03-31 15:29:47,82,255
'2026-03-31 15:29:47,82,259
'2026-03-31 15:29:47,82,264
'2026-03-31 15:29:47,82,264
'2026-03-31 15:29:47,82,264
'2026-03-31 15:29:48,83,263
'2026-03-31 15:29:48,83,262
'2026-03-31 15:29:48,83,259
'2026-03-31 15:29:48,83,260
'2026-03-31 15:29:48,83,263
'2026-03-31 15:29:49,83,262
'2026-03-31 15:29:49,83,261
'2026-03-31 15:29:49,83,263
'2026-03-31 15:29:49,83,267
'2026-03-31 15:29:49,83,266
'2026-03-31 15:29:50,83,264
'2026-03-31 15:29:50,83,267
'2026-03-31 15:29:50,83,268
'2026-03-31 15:29:50,83,266
'2026-03-31 15:29:50,83,266
'2026-03-31 15:29:51,83,268
'2026-03-31 15:29:51,83,267
'2026-03-31 15:29:51,83,267
'2026-03-31 15:29:51,83,267
'2026-03-31 15:29:51,82,269
'2026-03-31 15:29:52,82,268
'2026-03-31 15:29:52,82,266
'2026-03-31 15:29:52,82,266
'2026-03-31 15:29:52,82,267
'2026-03-31 15:29:52,82,266
'2026-03-31 15:29:53,82,265
'2026-03-31 15:29:53,82,265
'2026-03-31 15:29:53,82,265
'2026-03-31 15:29:53,82,263
'2026-03-31 15:29:54,82,262
'2026-03-31 15:29:54,82,261
'2026-03-31 15:29:54,82,260
'2026-03-31 15:29:54,82,259
'2026-03-31 15:29:54,82,257
'2026-03-31 15:29:55,82,258
'2026-03-31 15:29:55,83,259
'2026-03-31 15:29:55,83,259
'2026-03-31 15:29:55,83,257
'2026-03-31 15:29:55,83,257
'2026-03-31 15:29:56,84,259
'2026-03-31 15:29:56,84,256
'2026-03-31 15:29:56,84,254
'2026-03-31 15:29:56,84,256
'2026-03-31 15:29:56,84,255
'2026-03-31 15:29:57,84,253
'2026-03-31 15:29:57,84,253
'2026-03-31 15:29:57,84,255
'2026-03-31 15:29:57,84,253
'2026-03-31 15:29:57,84,251
'2026-03-31 15:29:58,84,252
'2026-03-31 15:29:58,84,254
'2026-03-31 15:29:58,84,251
'2026-03-31 15:29:58,84,249
'2026-03-31 15:29:58,85,251
'2026-03-31 15:29:59,85,250
'2026-03-31 15:29:59,85,248
'2026-03-31 15:29:59,85,248
'2026-03-31 15:29:59,85,248
'2026-03-31 15:29:59,85,245
'2026-03-31 15:30:00,85,240
'2026-03-31 15:30:00,85,238
'2026-03-31 15:30:00,85,236
'2026-03-31 15:30:00,85,233
'2026-03-31 15:30:00,84,230
'2026-03-31 15:30:01,84,229
'2026-03-31 15:30:01,84,230
'2026-03-31 15:30:01,84,228
'2026-03-31 15:30:01,83,228
'2026-03-31 15:30:02,83,227
'2026-03-31 15:30:02,83,227
'2026-03-31 15:30:02,83,224
'2026-03-31 15:30:02,81,226
'2026-03-31 15:30:02,81,226
'2026-03-31 15:30:03,81,229
'2026-03-31 15:30:03,81,228
'2026-03-31 15:30:03,81,229
'2026-03-31 15:30:03,81,230
'2026-03-31 15:30:03,81,230
'2026-03-31 15:30:04,81,229
'2026-03-31 15:30:04,81,229
'2026-03-31 15:30:04,81,229
'2026-03-31 15:30:04,81,229
'2026-03-31 15:30:04,81,231
'2026-03-31 15:30:05,81,230
'2026-03-31 15:30:05,81,231
'2026-03-31 15:30:05,81,231
'2026-03-31 15:30:05,81,231
'2026-03-31 15:30:05,81,231
'2026-03-31 15:30:06,81,231
'2026-03-31 15:30:06,81,232
'2026-03-31 15:30:06,81,230
'2026-03-31 15:30:06,81,231
'2026-03-31 15:30:06,80,232
'2026-03-31 15:30:07,80,232
'2026-03-31 15:30:07,80,230
'2026-03-31 15:30:07,80,230
'2026-03-31 15:30:07,80,233
'2026-03-31 15:30:07,80,230
'2026-03-31 15:30:08,80,230
'2026-03-31 15:30:08,81,230
'2026-03-31 15:30:08,81,232
'2026-03-31 15:30:08,81,229
'2026-03-31 15:30:09,81,230
'2026-03-31 15:30:09,81,231
'2026-03-31 15:30:09,81,230
'2026-03-31 15:30:09,81,229
'2026-03-31 15:30:09,81,230
'2026-03-31 15:30:10,81,232
'2026-03-31 15:30:10,81,230
'2026-03-31 15:30:10,81,229
'2026-03-31 15:30:10,81,230
'2026-03-31 15:30:10,81,231
'2026-03-31 15:30:11,81,230
'2026-03-31 15:30:11,81,229
'2026-03-31 15:30:11,81,231
'2026-03-31 15:30:11,81,230
'2026-03-31 15:30:11,81,229
'2026-03-31 15:30:12,81,229
'2026-03-31 15:30:12,81,230
'2026-03-31 15:30:12,81,230
'2026-03-31 15:30:12,81,227
'2026-03-31 15:30:12,81,227
'2026-03-31 15:30:13,81,228
'2026-03-31 15:30:13,81,228
'2026-03-31 15:30:13,81,226
'2026-03-31 15:30:13,81,228
'2026-03-31 15:30:13,81,228
'2026-03-31 15:30:14,81,226
'2026-03-31 15:30:14,82,227
'2026-03-31 15:30:14,82,227
'2026-03-31 15:30:14,82,227
'2026-03-31 15:30:14,82,226
'2026-03-31 15:30:15,83,226
'2026-03-31 15:30:15,83,225
'2026-03-31 15:30:15,83,225
'2026-03-31 15:30:15,85,224
'2026-03-31 15:30:16,84,223
'2026-03-31 15:30:16,84,222
'2026-03-31 15:30:16,84,221
'2026-03-31 15:30:16,84,220
'2026-03-31 15:30:16,83,219
'2026-03-31 15:30:17,85,221
'2026-03-31 15:30:17,85,220
'2026-03-31 15:30:17,83,219
'2026-03-31 15:30:17,84,219
'2026-03-31 15:30:17,83,220
'2026-03-31 15:30:18,84,220
'2026-03-31 15:30:18,84,220
'2026-03-31 15:30:18,83,219
'2026-03-31 15:30:18,84,221
'2026-03-31 15:30:18,85,221
'2026-03-31 15:30:19,86,220
'2026-03-31 15:30:19,89,222
'2026-03-31 15:30:19,92,222
'2026-03-31 15:30:19,92,222
'2026-03-31 15:30:19,92,222
'2026-03-31 15:30:20,92,223
'2026-03-31 15:30:20,92,223
'2026-03-31 15:30:20,93,223
'2026-03-31 15:30:20,95,223
'2026-03-31 15:30:20,95,224
'2026-03-31 15:30:21,96,225
'2026-03-31 15:30:21,94,224
'2026-03-31 15:30:21,96,224
'2026-03-31 15:30:21,96,225
'2026-03-31 15:30:21,94,225
'2026-03-31 15:30:22,95,223
'2026-03-31 15:30:22,94,224
'2026-03-31 15:30:22,93,225
'2026-03-31 15:30:22,94,225
'2026-03-31 15:30:22,95,225
'2026-03-31 15:30:23,95,225
'2026-03-31 15:30:23,94,226
'2026-03-31 15:30:23,95,224
'2026-03-31 15:30:23,95,225
'2026-03-31 15:30:24,95,226
'2026-03-31 15:30:24,95,226
'2026-03-31 15:30:24,96,224
'2026-03-31 15:30:24,93,225
'2026-03-31 15:30:24,94,226
'2026-03-31 15:30:25,94,226
'2026-03-31 15:30:25,92,225
'2026-03-31 15:30:25,93,226
'2026-03-31 15:30:25,92,227
'2026-03-31 15:30:25,91,226
'2026-03-31 15:30:26,93,226
'2026-03-31 15:30:26,93,227
'2026-03-31 15:30:26,92,227
'2026-03-31 15:30:26,90,226
'2026-03-31 15:30:26,89,226
'2026-03-31 15:30:27,91,228
'2026-03-31 15:30:27,90,227
'2026-03-31 15:30:27,88,225
'2026-03-31 15:30:27,89,226
'2026-03-31 15:30:27,89,227
'2026-03-31 15:30:28,89,226
'2026-03-31 15:30:28,89,225
'2026-03-31 15:30:28,89,225
'2026-03-31 15:30:28,82,228
'2026-03-31 15:30:28,82,225
'2026-03-31 15:30:29,82,226
'2026-03-31 15:30:29,79,227
'2026-03-31 15:30:29,79,228
'2026-03-31 15:30:29,79,227
'2026-03-31 15:30:29,79,226
'2026-03-31 15:30:30,80,227
'2026-03-31 15:30:30,80,228
'2026-03-31 15:30:30,80,226
'2026-03-31 15:30:30,80,226
'2026-03-31 15:30:31,79,228
'2026-03-31 15:30:31,79,228
'2026-03-31 15:30:31,79,226
'2026-03-31 15:30:31,79,227
'2026-03-31 15:30:31,79,228
'2026-03-31 15:30:32,79,227
'2026-03-31 15:30:32,79,225
'2026-03-31 15:30:32,79,225
'2026-03-31 15:30:32,78,226
'2026-03-31 15:30:32,78,223
'2026-03-31 15:30:33,78,221
'2026-03-31 15:30:33,77,221
'2026-03-31 15:30:33,77,222
'2026-03-31 15:30:33,77,220
'2026-03-31 15:30:33,77,219
'2026-03-31 15:30:34,77,220
'2026-03-31 15:30:34,77,221
'2026-03-31 15:30:34,77,220
'2026-03-31 15:30:34,77,220
'2026-03-31 15:30:34,76,222
'2026-03-31 15:30:35,76,222
'2026-03-31 15:30:35,76,221
'2026-03-31 15:30:35,76,222
'2026-03-31 15:30:35,76,223
'2026-03-31 15:30:35,76,223
'2026-03-31 15:30:36,76,222
'2026-03-31 15:30:36,76,223
'2026-03-31 15:30:36,75,224
'2026-03-31 15:30:36,75,224
'2026-03-31 15:30:36,75,224
'2026-03-31 15:30:37,75,225
'2026-03-31 15:30:37,75,227
'2026-03-31 15:30:37,75,225
'2026-03-31 15:30:37,75,226
'2026-03-31 15:30:37,76,226
'2026-03-31 15:30:38,76,227
'2026-03-31 15:30:38,76,226
'2026-03-31 15:30:38,76,225
'2026-03-31 15:30:38,76,227
'2026-03-31 15:30:39,76,228
'2026-03-31 15:30:39,76,226
'2026-03-31 15:30:39,76,227
'2026-03-31 15:30:39,76,228
'2026-03-31 15:30:39,76,227
'2026-03-31 15:30:40,76,225
'2026-03-31 15:30:40,76,227
'2026-03-31 15:30:40,76,229
'2026-03-31 15:30:40,76,227
'2026-03-31 15:30:40,76,227
'2026-03-31 15:30:41,76,228
'2026-03-31 15:30:41,76,229
'2026-03-31 15:30:41,76,226
'2026-03-31 15:30:41,76,226
'2026-03-31 15:30:41,76,228
'2026-03-31 15:30:42,75,229
'2026-03-31 15:30:42,75,227
'2026-03-31 15:30:42,75,228
'2026-03-31 15:30:42,75,229
'2026-03-31 15:30:42,76,229
'2026-03-31 15:30:43,76,228
'2026-03-31 15:30:43,76,229
'2026-03-31 15:30:43,77,230
'2026-03-31 15:30:43,77,229
'2026-03-31 15:30:43,77,229
'2026-03-31 15:30:44,77,229
'2026-03-31 15:30:44,78,232
'2026-03-31 15:30:44,78,230
'2026-03-31 15:30:44,78,229
'2026-03-31 15:30:44,78,231
'2026-03-31 15:30:45,78,232
'2026-03-31 15:30:45,78,230
'2026-03-31 15:30:45,78,230
'2026-03-31 15:30:45,77,232
'2026-03-31 15:30:46,77,232
'2026-03-31 15:30:46,77,230
'2026-03-31 15:30:46,77,231
'2026-03-31 15:30:46,77,233
'2026-03-31 15:30:46,77,232
'2026-03-31 15:30:47,77,231
'2026-03-31 15:30:47,77,232
'2026-03-31 15:30:47,77,234
'2026-03-31 15:30:47,77,232
'2026-03-31 15:30:47,77,232
'2026-03-31 15:30:48,77,233
'2026-03-31 15:30:48,77,234
'2026-03-31 15:30:48,77,232
'2026-03-31 15:30:48,77,233
'2026-03-31 15:30:48,77,234
'2026-03-31 15:30:49,77,235
'2026-03-31 15:30:49,77,233
'2026-03-31 15:30:49,77,234
'2026-03-31 15:30:49,77,235
'2026-03-31 15:30:49,76,235
'2026-03-31 15:30:50,76,233
'2026-03-31 15:30:50,76,234
'2026-03-31 15:30:50,76,235
'2026-03-31 15:30:50,75,235
'2026-03-31 15:30:50,75,235
'2026-03-31 15:30:51,75,235
'2026-03-31 15:30:51,75,236
'2026-03-31 15:30:51,75,235
'2026-03-31 15:30:51,73,236
'2026-03-31 15:30:51,73,236
'2026-03-31 15:30:52,73,237
'2026-03-31 15:30:52,73,236
'2026-03-31 15:30:52,72,238
'2026-03-31 15:30:52,72,238
'2026-03-31 15:30:52,72,238
'2026-03-31 15:30:53,72,236
'2026-03-31 15:30:53,72,238
'2026-03-31 15:30:53,72,239
'2026-03-31 15:30:53,72,237
'2026-03-31 15:30:54,72,237
'2026-03-31 15:30:54,71,239
'2026-03-31 15:30:54,71,239
'2026-03-31 15:30:54,71,238
'2026-03-31 15:30:54,71,238
'2026-03-31 15:30:55,71,240
'2026-03-31 15:30:55,71,240
'2026-03-31 15:30:55,71,239
'2026-03-31 15:30:55,71,240
'2026-03-31 15:30:55,71,241
'2026-03-31 15:30:56,71,241
'2026-03-31 15:30:56,71,240
'2026-03-31 15:30:56,71,240
'2026-03-31 15:30:56,70,242
'2026-03-31 15:30:56,70,242
'2026-03-31 15:30:57,70,240
'2026-03-31 15:30:57,71,242
'2026-03-31 15:30:57,71,243
'2026-03-31 15:30:57,71,242
'2026-03-31 15:30:57,71,241
'2026-03-31 15:30:58,72,243
'2026-03-31 15:30:58,72,244
'2026-03-31 15:30:58,72,242
'2026-03-31 15:30:58,72,243
'2026-03-31 15:30:58,73,245
'2026-03-31 15:30:59,73,244
'2026-03-31 15:30:59,73,243
'2026-03-31 15:30:59,73,243
'2026-03-31 15:30:59,74,245
'2026-03-31 15:30:59,74,244
'2026-03-31 15:31:00,74,243
'2026-03-31 15:31:00,74,245
'2026-03-31 15:31:00,74,247
'2026-03-31 15:31:00,74,245
'2026-03-31 15:31:01,74,244
'2026-03-31 15:31:01,74,245
'2026-03-31 15:31:01,75,248
'2026-03-31 15:31:01,75,246
'2026-03-31 15:31:01,75,246
'2026-03-31 15:31:02,76,248
'2026-03-31 15:31:02,76,248
'2026-03-31 15:31:02,76,247
'2026-03-31 15:31:02,76,247
'2026-03-31 15:31:02,76,249
'2026-03-31 15:31:03,76,250
'2026-03-31 15:31:03,76,248
'2026-03-31 15:31:03,76,249
'2026-03-31 15:31:03,76,250
'2026-03-31 15:31:03,76,249
'2026-03-31 15:31:04,76,249
'2026-03-31 15:31:04,76,249
'2026-03-31 15:31:04,75,251
'2026-03-31 15:31:04,75,251
'2026-03-31 15:31:04,75,249
'2026-03-31 15:31:05,75,250
'2026-03-31 15:31:05,75,251
'2026-03-31 15:31:05,74,252
'2026-03-31 15:31:05,74,251
'2026-03-31 15:31:05,74,252
'2026-03-31 15:31:06,74,254
'2026-03-31 15:31:06,74,253
'2026-03-31 15:31:06,74,252
'2026-03-31 15:31:06,74,254
'2026-03-31 15:31:06,74,255
'2026-03-31 15:31:07,74,253
'2026-03-31 15:31:07,74,254
'2026-03-31 15:31:07,74,254
'2026-03-31 15:31:07,74,255
'2026-03-31 15:31:08,74,253
'2026-03-31 15:31:08,74,254
'2026-03-31 15:31:08,74,255
'2026-03-31 15:31:08,74,255
'2026-03-31 15:31:08,74,254
'2026-03-31 15:31:09,74,255
'2026-03-31 15:31:09,74,256
'2026-03-31 15:31:09,74,256
'2026-03-31 15:31:09,74,255
'2026-03-31 15:31:09,74,256
'2026-03-31 15:31:10,74,257
'2026-03-31 15:31:10,73,257
'2026-03-31 15:31:10,73,257
'2026-03-31 15:31:10,73,258
'2026-03-31 15:31:10,73,258
'2026-03-31 15:31:11,73,259
'2026-03-31 15:31:11,73,258
'2026-03-31 15:31:11,73,259
'2026-03-31 15:31:11,73,259
'2026-03-31 15:31:11,73,259
'2026-03-31 15:31:12,73,258
'2026-03-31 15:31:12,73,258
'2026-03-31 15:31:12,73,256
'2026-03-31 15:31:12,74,256
'2026-03-31 15:31:12,74,254
'2026-03-31 15:31:13,74,254
'2026-03-31 15:31:13,75,254
'2026-03-31 15:31:13,75,253
'2026-03-31 15:31:13,75,253
'2026-03-31 15:31:13,75,253
'2026-03-31 15:31:14,76,253
'2026-03-31 15:31:14,76,252
'2026-03-31 15:31:14,76,252
'2026-03-31 15:31:14,76,253
'2026-03-31 15:31:14,76,253
'2026-03-31 15:31:15,76,251
'2026-03-31 15:31:15,76,250
'2026-03-31 15:31:15,76,248
'2026-03-31 15:31:15,76,246
'2026-03-31 15:31:16,76,244
'2026-03-31 15:31:16,76,243
'2026-03-31 15:31:16,76,242
'2026-03-31 15:31:16,76,240
'2026-03-31 15:31:16,76,239
'2026-03-31 15:31:17,76,240
'2026-03-31 15:31:17,77,239
'2026-03-31 15:31:17,77,238
'2026-03-31 15:31:17,77,238
'2026-03-31 15:31:17,78,240
'2026-03-31 15:31:18,78,237
'2026-03-31 15:31:18,78,236
'2026-03-31 15:31:18,79,238
'2026-03-31 15:31:18,79,239
'2026-03-31 15:31:18,79,237
'2026-03-31 15:31:19,79,237
'2026-03-31 15:31:19,80,240
'2026-03-31 15:31:19,80,240
'2026-03-31 15:31:19,80,238
'2026-03-31 15:31:19,80,239
'2026-03-31 15:31:20,80,241
'2026-03-31 15:31:20,80,240
'2026-03-31 15:31:20,80,239
'2026-03-31 15:31:20,80,240
'2026-03-31 15:31:20,79,242
'2026-03-31 15:31:21,79,240
'2026-03-31 15:31:21,79,240
'2026-03-31 15:31:21,79,241
'2026-03-31 15:31:21,79,243
'2026-03-31 15:31:21,79,240
'2026-03-31 15:31:22,79,240
'2026-03-31 15:31:22,79,240
'2026-03-31 15:31:22,79,238
'2026-03-31 15:31:22,79,233
'2026-03-31 15:31:23,79,231
'2026-03-31 15:31:23,80,231
'2026-03-31 15:31:23,80,228
'2026-03-31 15:31:23,80,224
'2026-03-31 15:31:23,80,223
'2026-03-31 15:31:24,80,223
'2026-03-31 15:31:24,80,220
'2026-03-31 15:31:24,80,216
'2026-03-31 15:31:24,79,217
'2026-03-31 15:31:24,79,217
'2026-03-31 15:31:25,79,215
'2026-03-31 15:31:25,79,214
'2026-03-31 15:31:25,79,216
'2026-03-31 15:31:25,79,216
'2026-03-31 15:31:25,79,214
'2026-03-31 15:31:26,79,214
'2026-03-31 15:31:26,78,217
'2026-03-31 15:31:26,78,217
'2026-03-31 15:31:26,78,215
'2026-03-31 15:31:26,78,217
'2026-03-31 15:31:27,78,220
'2026-03-31 15:31:27,78,220
'2026-03-31 15:31:27,78,219
'2026-03-31 15:31:27,78,220
'2026-03-31 15:31:27,78,223
'2026-03-31 15:31:28,78,222
'2026-03-31 15:31:28,78,221
'2026-03-31 15:31:28,78,223
'2026-03-31 15:31:28,78,223
'2026-03-31 15:31:28,78,223
'2026-03-31 15:31:29,79,223
'2026-03-31 15:31:29,79,224
'2026-03-31 15:31:29,79,223
'2026-03-31 15:31:29,79,221
'2026-03-31 15:31:29,79,219
'2026-03-31 15:31:30,79,218
'2026-03-31 15:31:30,79,216
'2026-03-31 15:31:30,79,212
'2026-03-31 15:31:30,78,212
'2026-03-31 15:31:31,78,211
'2026-03-31 15:31:31,78,210
'2026-03-31 15:31:31,78,208
'2026-03-31 15:31:31,78,208
'2026-03-31 15:31:31,78,208
'2026-03-31 15:31:32,78,206
'2026-03-31 15:31:32,78,204
'2026-03-31 15:31:32,77,206
'2026-03-31 15:31:32,77,205
'2026-03-31 15:31:32,77,205
'2026-03-31 15:31:33,77,205
'2026-03-31 15:31:33,77,207
'2026-03-31 15:31:33,77,208
'2026-03-31 15:31:33,77,207
'2026-03-31 15:31:33,78,209
'2026-03-31 15:31:34,78,210
'2026-03-31 15:31:34,78,210
'2026-03-31 15:31:34,78,210
'2026-03-31 15:31:34,78,212
'2026-03-31 15:31:34,78,213
'2026-03-31 15:31:35,78,213
'2026-03-31 15:31:35,78,213
'2026-03-31 15:31:35,78,215
'2026-03-31 15:31:35,78,216
'2026-03-31 15:31:35,78,215
'2026-03-31 15:31:36,78,215
'2026-03-31 15:31:36,78,217
'2026-03-31 15:31:36,78,218
'2026-03-31 15:31:36,78,218
'2026-03-31 15:31:36,77,218
'2026-03-31 15:31:37,77,218
'2026-03-31 15:31:37,77,219
'2026-03-31 15:31:37,77,217
'2026-03-31 15:31:37,77,219
'2026-03-31 15:31:38,77,219
'2026-03-31 15:31:38,77,218
'2026-03-31 15:31:38,77,215
'2026-03-31 15:31:38,77,216
'2026-03-31 15:31:38,77,213
'2026-03-31 15:31:39,77,211
'2026-03-31 15:31:39,78,209
'2026-03-31 15:31:39,78,208
'2026-03-31 15:31:39,78,207
'2026-03-31 15:31:39,78,206
'2026-03-31 15:31:40,78,204
'2026-03-31 15:31:40,78,205
'2026-03-31 15:31:40,78,205
'2026-03-31 15:31:40,78,204
'2026-03-31 15:31:40,77,204
'2026-03-31 15:31:41,77,204
'2026-03-31 15:31:41,77,206
'2026-03-31 15:31:41,77,206
'2026-03-31 15:31:41,77,207
'2026-03-31 15:31:41,77,208
