Timestamp_Beijing,HR,GSR
'2026-03-22 18:17:04,0,327
'2026-03-22 18:17:04,0,325
'2026-03-22 18:17:04,0,322
'2026-03-22 18:17:04,0,327
'2026-03-22 18:17:04,0,325
'2026-03-22 18:17:05,0,323
'2026-03-22 18:17:05,0,327
'2026-03-22 18:17:05,84,334
'2026-03-22 18:17:05,83,333
'2026-03-22 18:17:05,83,333
'2026-03-22 18:17:06,83,332
'2026-03-22 18:17:06,82,330
'2026-03-22 18:17:06,82,328
'2026-03-22 18:17:06,82,330
'2026-03-22 18:17:07,82,333
'2026-03-22 18:17:07,82,332
'2026-03-22 18:17:07,85,332
'2026-03-22 18:17:07,90,335
'2026-03-22 18:17:07,93,334
'2026-03-22 18:17:08,94,331
'2026-03-22 18:17:08,95,331
'2026-03-22 18:17:08,94,333
'2026-03-22 18:17:08,93,332
'2026-03-22 18:17:08,93,331
'2026-03-22 18:17:09,92,334
'2026-03-22 18:17:09,92,336
'2026-03-22 18:17:09,92,335
'2026-03-22 18:17:09,90,333
'2026-03-22 18:17:09,88,334
'2026-03-22 18:17:10,86,334
'2026-03-22 18:17:10,86,332
'2026-03-22 18:17:10,85,332
'2026-03-22 18:17:10,83,335
'2026-03-22 18:17:10,81,336
'2026-03-22 18:17:11,82,334
'2026-03-22 18:17:11,83,334
'2026-03-22 18:17:11,83,334
'2026-03-22 18:17:11,83,333
'2026-03-22 18:17:11,84,333
'2026-03-22 18:17:12,85,335
'2026-03-22 18:17:12,85,334
'2026-03-22 18:17:12,86,332
'2026-03-22 18:17:12,86,331
'2026-03-22 18:17:12,86,331
'2026-03-22 18:17:13,86,331
'2026-03-22 18:17:13,85,331
'2026-03-22 18:17:13,84,333
'2026-03-22 18:17:13,84,333
'2026-03-22 18:17:13,84,331
'2026-03-22 18:17:14,84,330
'2026-03-22 18:17:14,84,332
'2026-03-22 18:17:14,84,334
'2026-03-22 18:17:14,83,335
'2026-03-22 18:17:15,82,336
'2026-03-22 18:17:15,82,335
'2026-03-22 18:17:15,82,334
'2026-03-22 18:17:15,83,333
'2026-03-22 18:17:15,83,333
'2026-03-22 18:17:16,83,332
'2026-03-22 18:17:16,83,331
'2026-03-22 18:17:16,84,331
'2026-03-22 18:17:16,84,333
'2026-03-22 18:17:16,85,333
'2026-03-22 18:17:17,86,331
'2026-03-22 18:17:17,87,331
'2026-03-22 18:17:17,89,332
'2026-03-22 18:17:17,89,332
'2026-03-22 18:17:17,89,329
'2026-03-22 18:17:18,89,329
'2026-03-22 18:17:18,88,331
'2026-03-22 18:17:18,88,329
'2026-03-22 18:17:18,90,330
'2026-03-22 18:17:18,90,332
'2026-03-22 18:17:19,90,332
'2026-03-22 18:17:19,93,332
'2026-03-22 18:17:19,93,333
'2026-03-22 18:17:19,93,333
'2026-03-22 18:17:19,95,333
'2026-03-22 18:17:20,96,331
'2026-03-22 18:17:20,97,328
'2026-03-22 18:17:20,99,328
'2026-03-22 18:17:20,101,325
'2026-03-22 18:17:20,102,324
'2026-03-22 18:17:21,103,326
'2026-03-22 18:17:21,103,326
'2026-03-22 18:17:21,104,325
'2026-03-22 18:17:21,105,328
'2026-03-22 18:17:22,105,331
'2026-03-22 18:17:22,105,330
'2026-03-22 18:17:22,104,328
'2026-03-22 18:17:22,104,327
'2026-03-22 18:17:22,105,327
'2026-03-22 18:17:23,103,327
'2026-03-22 18:17:23,103,329
'2026-03-22 18:17:23,103,331
'2026-03-22 18:17:23,103,331
'2026-03-22 18:17:23,103,330
'2026-03-22 18:17:24,102,330
'2026-03-22 18:17:24,103,330
'2026-03-22 18:17:24,104,329
'2026-03-22 18:17:24,104,329
'2026-03-22 18:17:24,104,332
'2026-03-22 18:17:25,103,331
'2026-03-22 18:17:25,101,330
'2026-03-22 18:17:25,99,331
'2026-03-22 18:17:25,97,331
'2026-03-22 18:17:25,98,328
'2026-03-22 18:17:26,98,329
'2026-03-22 18:17:26,96,333
'2026-03-22 18:17:26,95,332
'2026-03-22 18:17:26,94,328
'2026-03-22 18:17:26,92,329
'2026-03-22 18:17:27,91,332
'2026-03-22 18:17:27,91,329
'2026-03-22 18:17:27,90,326
'2026-03-22 18:17:27,90,327
'2026-03-22 18:17:27,91,328
'2026-03-22 18:17:28,91,326
'2026-03-22 18:17:28,90,325
'2026-03-22 18:17:28,89,327
'2026-03-22 18:17:28,90,329
'2026-03-22 18:17:28,91,329
'2026-03-22 18:17:29,91,329
'2026-03-22 18:17:29,92,330
'2026-03-22 18:17:29,92,330
'2026-03-22 18:17:29,92,329
'2026-03-22 18:17:30,93,330
'2026-03-22 18:17:30,92,329
'2026-03-22 18:17:30,92,327
'2026-03-22 18:17:30,91,328
'2026-03-22 18:17:30,89,331
'2026-03-22 18:17:31,89,330
'2026-03-22 18:17:31,90,328
'2026-03-22 18:17:31,89,329
'2026-03-22 18:17:31,88,329
'2026-03-22 18:17:31,87,326
'2026-03-22 18:17:32,87,327
'2026-03-22 18:17:32,88,330
'2026-03-22 18:17:32,89,328
'2026-03-22 18:17:32,89,325
'2026-03-22 18:17:32,90,326
'2026-03-22 18:17:33,91,328
'2026-03-22 18:17:33,91,327
'2026-03-22 18:17:33,92,325
'2026-03-22 18:17:33,93,327
'2026-03-22 18:17:33,93,327
'2026-03-22 18:17:34,92,327
'2026-03-22 18:17:34,91,327
'2026-03-22 18:17:34,90,329
'2026-03-22 18:17:34,90,330
'2026-03-22 18:17:34,89,330
'2026-03-22 18:17:35,88,331
'2026-03-22 18:17:35,85,331
'2026-03-22 18:17:35,84,330
'2026-03-22 18:17:35,84,328
'2026-03-22 18:17:35,82,329
'2026-03-22 18:17:36,82,328
'2026-03-22 18:17:36,83,325
'2026-03-22 18:17:36,83,326
'2026-03-22 18:17:36,82,328
'2026-03-22 18:17:37,83,327
'2026-03-22 18:17:37,83,326
'2026-03-22 18:17:37,84,329
'2026-03-22 18:17:37,83,330
'2026-03-22 18:17:37,82,326
'2026-03-22 18:17:38,82,326
'2026-03-22 18:17:38,82,326
'2026-03-22 18:17:38,82,325
'2026-03-22 18:17:38,81,325
'2026-03-22 18:17:38,81,327
'2026-03-22 18:17:39,80,327
'2026-03-22 18:17:39,78,326
'2026-03-22 18:17:39,77,327
'2026-03-22 18:17:39,77,328
'2026-03-22 18:17:39,76,328
'2026-03-22 18:17:40,76,327
'2026-03-22 18:17:40,76,328
'2026-03-22 18:17:40,75,328
'2026-03-22 18:17:40,75,327
'2026-03-22 18:17:40,76,327
'2026-03-22 18:17:41,76,327
'2026-03-22 18:17:41,76,327
'2026-03-22 18:17:41,76,324
'2026-03-22 18:17:41,76,323
'2026-03-22 18:17:41,77,324
'2026-03-22 18:17:42,78,325
'2026-03-22 18:17:42,78,325
'2026-03-22 18:17:42,77,325
'2026-03-22 18:17:42,78,324
'2026-03-22 18:17:42,79,323
'2026-03-22 18:17:43,78,324
'2026-03-22 18:17:43,79,327
'2026-03-22 18:17:43,78,327
'2026-03-22 18:17:43,78,324
'2026-03-22 18:17:43,77,323
'2026-03-22 18:17:44,77,324
'2026-03-22 18:17:44,77,323
'2026-03-22 18:17:44,76,323
'2026-03-22 18:17:44,77,325
'2026-03-22 18:17:45,79,326
'2026-03-22 18:17:45,80,324
'2026-03-22 18:17:45,81,324
'2026-03-22 18:17:45,81,327
'2026-03-22 18:17:45,81,326
'2026-03-22 18:17:46,80,322
'2026-03-22 18:17:46,81,323
'2026-03-22 18:17:46,82,326
'2026-03-22 18:17:46,82,324
'2026-03-22 18:17:46,83,324
'2026-03-22 18:17:47,84,325
'2026-03-22 18:17:47,84,324
'2026-03-22 18:17:47,84,323
'2026-03-22 18:17:47,85,325
'2026-03-22 18:17:47,85,325
'2026-03-22 18:17:48,85,323
'2026-03-22 18:17:48,85,324
'2026-03-22 18:17:48,85,325
'2026-03-22 18:17:48,86,323
'2026-03-22 18:17:48,87,320
'2026-03-22 18:17:49,87,321
'2026-03-22 18:17:49,87,324
'2026-03-22 18:17:49,86,325
'2026-03-22 18:17:49,87,324
'2026-03-22 18:17:49,87,323
'2026-03-22 18:17:50,87,324
'2026-03-22 18:17:50,87,324
'2026-03-22 18:17:50,88,324
'2026-03-22 18:17:50,88,323
'2026-03-22 18:17:50,88,323
'2026-03-22 18:17:51,89,324
'2026-03-22 18:17:51,87,325
'2026-03-22 18:17:51,87,328
'2026-03-22 18:17:51,89,328
'2026-03-22 18:17:52,89,323
'2026-03-22 18:17:52,90,323
'2026-03-22 18:17:52,91,324
'2026-03-22 18:17:52,91,322
'2026-03-22 18:17:52,91,321
'2026-03-22 18:17:53,93,322
'2026-03-22 18:17:53,94,320
'2026-03-22 18:17:53,92,316
'2026-03-22 18:17:53,91,317
'2026-03-22 18:17:53,91,320
'2026-03-22 18:17:54,91,319
'2026-03-22 18:17:54,92,319
'2026-03-22 18:17:54,92,322
'2026-03-22 18:17:54,91,323
'2026-03-22 18:17:54,91,321
'2026-03-22 18:17:55,91,321
'2026-03-22 18:17:55,91,323
'2026-03-22 18:17:55,91,323
'2026-03-22 18:17:55,92,319
'2026-03-22 18:17:55,93,317
'2026-03-22 18:17:56,92,319
'2026-03-22 18:17:56,91,320
'2026-03-22 18:17:56,90,319
'2026-03-22 18:17:56,90,321
'2026-03-22 18:17:56,91,322
'2026-03-22 18:17:57,91,320
'2026-03-22 18:17:57,91,317
'2026-03-22 18:17:57,92,319
'2026-03-22 18:17:57,93,320
'2026-03-22 18:17:57,93,318
'2026-03-22 18:17:58,93,319
'2026-03-22 18:17:58,91,322
'2026-03-22 18:17:58,91,320
'2026-03-22 18:17:58,92,317
'2026-03-22 18:17:59,91,319
'2026-03-22 18:17:59,90,319
'2026-03-22 18:17:59,90,317
'2026-03-22 18:17:59,91,318
'2026-03-22 18:17:59,91,320
'2026-03-22 18:18:00,91,320
'2026-03-22 18:18:00,91,318
'2026-03-22 18:18:00,91,318
'2026-03-22 18:18:00,92,319
'2026-03-22 18:18:00,93,320
'2026-03-22 18:18:01,92,320
'2026-03-22 18:18:01,91,320
'2026-03-22 18:18:01,91,319
'2026-03-22 18:18:01,91,318
'2026-03-22 18:18:01,91,315
'2026-03-22 18:18:02,93,317
'2026-03-22 18:18:02,92,320
'2026-03-22 18:18:02,91,319
'2026-03-22 18:18:02,90,318
'2026-03-22 18:18:02,90,321
'2026-03-22 18:18:03,90,320
'2026-03-22 18:18:03,90,318
'2026-03-22 18:18:03,89,319
'2026-03-22 18:18:03,88,319
'2026-03-22 18:18:03,88,317
'2026-03-22 18:18:04,89,317
'2026-03-22 18:18:04,88,319
'2026-03-22 18:18:04,88,319
'2026-03-22 18:18:04,88,317
'2026-03-22 18:18:04,88,318
'2026-03-22 18:18:05,88,321
'2026-03-22 18:18:05,89,319
'2026-03-22 18:18:05,89,317
'2026-03-22 18:18:05,89,318
'2026-03-22 18:18:05,89,319
'2026-03-22 18:18:06,89,318
'2026-03-22 18:18:06,89,317
'2026-03-22 18:18:06,89,319
'2026-03-22 18:18:06,88,318
'2026-03-22 18:18:07,89,316
'2026-03-22 18:18:07,88,317
'2026-03-22 18:18:07,86,318
'2026-03-22 18:18:07,84,315
'2026-03-22 18:18:07,84,314
'2026-03-22 18:18:08,84,317
'2026-03-22 18:18:08,84,317
'2026-03-22 18:18:08,85,315
'2026-03-22 18:18:08,85,316
'2026-03-22 18:18:08,84,318
'2026-03-22 18:18:09,83,317
'2026-03-22 18:18:09,84,314
'2026-03-22 18:18:09,86,315
'2026-03-22 18:18:09,87,315
'2026-03-22 18:18:09,87,313
'2026-03-22 18:18:10,87,313
'2026-03-22 18:18:10,87,315
'2026-03-22 18:18:10,87,315
'2026-03-22 18:18:10,88,314
'2026-03-22 18:18:10,88,314
'2026-03-22 18:18:11,88,314
'2026-03-22 18:18:11,86,314
'2026-03-22 18:18:11,83,314
'2026-03-22 18:18:11,83,316
'2026-03-22 18:18:11,84,317
'2026-03-22 18:18:12,85,316
'2026-03-22 18:18:12,86,317
'2026-03-22 18:18:12,86,317
'2026-03-22 18:18:12,85,316
'2026-03-22 18:18:12,85,314
'2026-03-22 18:18:13,85,315
'2026-03-22 18:18:13,86,316
'2026-03-22 18:18:13,86,314
'2026-03-22 18:18:13,86,314
'2026-03-22 18:18:14,87,315
'2026-03-22 18:18:14,88,315
'2026-03-22 18:18:14,89,314
'2026-03-22 18:18:14,89,314
'2026-03-22 18:18:14,89,314
'2026-03-22 18:18:15,89,313
'2026-03-22 18:18:15,88,313
'2026-03-22 18:18:15,87,314
'2026-03-22 18:18:15,86,314
'2026-03-22 18:18:15,85,313
'2026-03-22 18:18:16,86,315
'2026-03-22 18:18:16,86,315
'2026-03-22 18:18:16,86,312
'2026-03-22 18:18:16,86,311
'2026-03-22 18:18:16,86,314
'2026-03-22 18:18:17,84,318
'2026-03-22 18:18:17,84,317
'2026-03-22 18:18:17,84,315
'2026-03-22 18:18:17,84,316
'2026-03-22 18:18:17,84,315
'2026-03-22 18:18:18,85,314
'2026-03-22 18:18:18,86,313
'2026-03-22 18:18:18,86,314
'2026-03-22 18:18:18,86,312
'2026-03-22 18:18:18,85,310
'2026-03-22 18:18:19,85,310
'2026-03-22 18:18:19,86,311
'2026-03-22 18:18:19,86,311
'2026-03-22 18:18:19,86,311
'2026-03-22 18:18:19,85,313
'2026-03-22 18:18:20,85,313
'2026-03-22 18:18:20,86,312
'2026-03-22 18:18:20,86,314
'2026-03-22 18:18:20,87,316
'2026-03-22 18:18:20,87,315
'2026-03-22 18:18:21,87,313
'2026-03-22 18:18:21,88,315
'2026-03-22 18:18:21,89,315
'2026-03-22 18:18:21,88,312
'2026-03-22 18:18:22,88,311
'2026-03-22 18:18:22,88,314
'2026-03-22 18:18:22,89,315
'2026-03-22 18:18:22,89,313
'2026-03-22 18:18:22,88,312
'2026-03-22 18:18:23,88,312
'2026-03-22 18:18:23,88,310
'2026-03-22 18:18:23,89,309
'2026-03-22 18:18:23,88,312
'2026-03-22 18:18:23,88,314
'2026-03-22 18:18:24,88,312
'2026-03-22 18:18:24,88,311
'2026-03-22 18:18:24,88,313
'2026-03-22 18:18:24,88,311
'2026-03-22 18:18:24,87,309
'2026-03-22 18:18:25,87,310
'2026-03-22 18:18:25,87,312
'2026-03-22 18:18:25,86,311
'2026-03-22 18:18:25,87,309
'2026-03-22 18:18:25,88,309
'2026-03-22 18:18:26,88,311
'2026-03-22 18:18:26,88,309
'2026-03-22 18:18:26,89,309
'2026-03-22 18:18:26,90,313
'2026-03-22 18:18:26,90,314
'2026-03-22 18:18:27,89,313
'2026-03-22 18:18:27,88,312
'2026-03-22 18:18:27,88,312
'2026-03-22 18:18:27,89,311
'2026-03-22 18:18:27,89,308
'2026-03-22 18:18:28,89,308
'2026-03-22 18:18:28,89,310
'2026-03-22 18:18:28,89,308
'2026-03-22 18:18:28,88,308
'2026-03-22 18:18:29,89,309
'2026-03-22 18:18:29,90,310
'2026-03-22 18:18:29,90,310
'2026-03-22 18:18:29,90,311
'2026-03-22 18:18:29,90,313
'2026-03-22 18:18:30,91,311
'2026-03-22 18:18:30,91,309
'2026-03-22 18:18:30,91,311
'2026-03-22 18:18:30,92,313
'2026-03-22 18:18:30,92,312
'2026-03-22 18:18:31,92,312
'2026-03-22 18:18:31,91,313
'2026-03-22 18:18:31,91,313
'2026-03-22 18:18:31,90,309
'2026-03-22 18:18:31,89,309
'2026-03-22 18:18:32,89,312
'2026-03-22 18:18:32,89,311
'2026-03-22 18:18:32,89,309
'2026-03-22 18:18:32,89,313
'2026-03-22 18:18:32,88,313
'2026-03-22 18:18:33,88,310
'2026-03-22 18:18:33,89,309
'2026-03-22 18:18:33,89,312
'2026-03-22 18:18:33,88,312
'2026-03-22 18:18:33,88,310
'2026-03-22 18:18:34,88,308
'2026-03-22 18:18:34,90,310
'2026-03-22 18:18:34,90,310
'2026-03-22 18:18:34,89,307
'2026-03-22 18:18:34,88,309
'2026-03-22 18:18:35,89,311
'2026-03-22 18:18:35,89,310
'2026-03-22 18:18:35,90,309
'2026-03-22 18:18:35,89,310
'2026-03-22 18:18:35,89,310
'2026-03-22 18:18:36,88,309
'2026-03-22 18:18:36,87,308
'2026-03-22 18:18:36,86,310
'2026-03-22 18:18:36,87,311
'2026-03-22 18:18:37,87,310
'2026-03-22 18:18:37,87,311
'2026-03-22 18:18:37,86,313
'2026-03-22 18:18:37,86,311
'2026-03-22 18:18:37,87,309
'2026-03-22 18:18:38,88,311
'2026-03-22 18:18:38,90,313
'2026-03-22 18:18:38,90,312
'2026-03-22 18:18:38,90,309
'2026-03-22 18:18:38,91,310
'2026-03-22 18:18:39,92,311
'2026-03-22 18:18:39,93,309
'2026-03-22 18:18:39,94,306
'2026-03-22 18:18:39,94,308
'2026-03-22 18:18:39,94,308
'2026-03-22 18:18:40,93,306
'2026-03-22 18:18:40,93,308
'2026-03-22 18:18:40,92,310
'2026-03-22 18:18:40,92,309
'2026-03-22 18:18:40,92,308
'2026-03-22 18:18:41,91,309
'2026-03-22 18:18:41,90,309
'2026-03-22 18:18:41,90,308
'2026-03-22 18:18:41,92,308
'2026-03-22 18:18:41,93,310
'2026-03-22 18:18:42,93,310
'2026-03-22 18:18:42,92,310
'2026-03-22 18:18:42,93,310
'2026-03-22 18:18:42,93,310
'2026-03-22 18:18:42,93,309
'2026-03-22 18:18:43,93,308
'2026-03-22 18:18:43,95,309
'2026-03-22 18:18:43,95,308
'2026-03-22 18:18:43,93,306
'2026-03-22 18:18:44,91,306
'2026-03-22 18:18:44,90,307
'2026-03-22 18:18:44,89,308
'2026-03-22 18:18:44,88,306
'2026-03-22 18:18:44,88,306
'2026-03-22 18:18:45,87,309
'2026-03-22 18:18:45,86,309
'2026-03-22 18:18:45,85,306
'2026-03-22 18:18:45,84,308
'2026-03-22 18:18:45,85,311
'2026-03-22 18:18:46,88,310
'2026-03-22 18:18:46,93,307
'2026-03-22 18:18:46,95,306
'2026-03-22 18:18:46,97,307
'2026-03-22 18:18:46,100,308
'2026-03-22 18:18:47,101,308
'2026-03-22 18:18:47,101,309
'2026-03-22 18:18:47,102,309
'2026-03-22 18:18:47,101,310
'2026-03-22 18:18:47,101,309
'2026-03-22 18:18:48,102,308
'2026-03-22 18:18:48,102,308
'2026-03-22 18:18:48,102,308
'2026-03-22 18:18:48,104,308
'2026-03-22 18:18:48,104,309
'2026-03-22 18:18:49,103,308
'2026-03-22 18:18:49,104,308
'2026-03-22 18:18:49,104,309
'2026-03-22 18:18:49,103,307
'2026-03-22 18:18:49,104,305
'2026-03-22 18:18:50,105,306
'2026-03-22 18:18:50,107,309
'2026-03-22 18:18:50,109,309
'2026-03-22 18:18:50,110,307
'2026-03-22 18:18:50,111,310
'2026-03-22 18:18:51,114,311
'2026-03-22 18:18:51,117,310
'2026-03-22 18:18:51,116,309
'2026-03-22 18:18:51,115,312
'2026-03-22 18:18:52,114,313
'2026-03-22 18:18:52,114,309
'2026-03-22 18:18:52,111,307
'2026-03-22 18:18:52,106,310
'2026-03-22 18:18:52,105,309
'2026-03-22 18:18:53,104,307
'2026-03-22 18:18:53,101,308
'2026-03-22 18:18:53,99,308
'2026-03-22 18:18:53,99,304
'2026-03-22 18:18:53,99,305
'2026-03-22 18:18:54,99,307
'2026-03-22 18:18:54,99,306
'2026-03-22 18:18:54,101,304
'2026-03-22 18:18:54,101,305
'2026-03-22 18:18:54,102,305
'2026-03-22 18:18:55,102,305
'2026-03-22 18:18:55,102,305
'2026-03-22 18:18:55,102,308
'2026-03-22 18:18:55,101,308
'2026-03-22 18:18:55,101,304
'2026-03-22 18:18:56,102,303
'2026-03-22 18:18:56,102,305
'2026-03-22 18:18:56,102,307
'2026-03-22 18:18:56,103,307
'2026-03-22 18:18:56,101,307
'2026-03-22 18:18:57,100,308
'2026-03-22 18:18:57,100,308
'2026-03-22 18:18:57,101,308
'2026-03-22 18:18:57,99,310
'2026-03-22 18:18:57,98,310
'2026-03-22 18:18:58,97,307
'2026-03-22 18:18:58,97,306
'2026-03-22 18:18:58,96,307
'2026-03-22 18:18:58,97,306
'2026-03-22 18:18:59,98,306
'2026-03-22 18:18:59,99,308
'2026-03-22 18:18:59,99,308
'2026-03-22 18:18:59,100,307
'2026-03-22 18:18:59,99,307
'2026-03-22 18:19:00,98,305
'2026-03-22 18:19:00,97,304
'2026-03-22 18:19:00,97,304
'2026-03-22 18:19:00,97,305
'2026-03-22 18:19:00,96,307
'2026-03-22 18:19:01,96,309
'2026-03-22 18:19:01,96,308
'2026-03-22 18:19:01,95,307
'2026-03-22 18:19:01,95,308
'2026-03-22 18:19:01,94,307
'2026-03-22 18:19:02,94,306
'2026-03-22 18:19:02,94,307
'2026-03-22 18:19:02,92,309
'2026-03-22 18:19:02,91,309
'2026-03-22 18:19:02,92,307
'2026-03-22 18:19:03,92,308
'2026-03-22 18:19:03,93,308
'2026-03-22 18:19:03,94,307
'2026-03-22 18:19:03,94,307
'2026-03-22 18:19:03,94,309
'2026-03-22 18:19:04,94,310
'2026-03-22 18:19:04,94,309
'2026-03-22 18:19:04,93,308
'2026-03-22 18:19:04,91,307
'2026-03-22 18:19:04,91,306
'2026-03-22 18:19:05,91,307
'2026-03-22 18:19:05,91,307
'2026-03-22 18:19:05,89,306
'2026-03-22 18:19:05,89,304
'2026-03-22 18:19:06,88,304
'2026-03-22 18:19:06,88,307
'2026-03-22 18:19:06,88,307
'2026-03-22 18:19:06,88,306
'2026-03-22 18:19:06,87,308
'2026-03-22 18:19:07,88,311
'2026-03-22 18:19:07,90,309
'2026-03-22 18:19:07,91,308
'2026-03-22 18:19:07,91,309
'2026-03-22 18:19:07,91,308
'2026-03-22 18:19:08,91,307
'2026-03-22 18:19:08,92,308
'2026-03-22 18:19:08,92,309
'2026-03-22 18:19:08,92,308
'2026-03-22 18:19:08,91,308
'2026-03-22 18:19:09,91,310
'2026-03-22 18:19:09,91,310
'2026-03-22 18:19:09,90,308
'2026-03-22 18:19:09,90,307
'2026-03-22 18:19:09,89,309
'2026-03-22 18:19:10,89,308
'2026-03-22 18:19:10,88,304
'2026-03-22 18:19:10,88,305
'2026-03-22 18:19:10,88,308
'2026-03-22 18:19:10,89,307
'2026-03-22 18:19:11,88,305
'2026-03-22 18:19:11,89,307
'2026-03-22 18:19:11,89,309
'2026-03-22 18:19:11,90,308
'2026-03-22 18:19:11,91,307
'2026-03-22 18:19:12,91,308
'2026-03-22 18:19:12,92,308
'2026-03-22 18:19:12,92,306
'2026-03-22 18:19:12,91,307
'2026-03-22 18:19:12,92,310
'2026-03-22 18:19:13,92,310
'2026-03-22 18:19:13,90,309
'2026-03-22 18:19:13,89,309
'2026-03-22 18:19:13,89,309
'2026-03-22 18:19:14,88,308
'2026-03-22 18:19:14,88,308
'2026-03-22 18:19:14,88,309
'2026-03-22 18:19:14,88,309
'2026-03-22 18:19:14,89,308
'2026-03-22 18:19:15,89,309
'2026-03-22 18:19:15,88,309
'2026-03-22 18:19:15,89,308
'2026-03-22 18:19:15,90,308
'2026-03-22 18:19:15,91,308
'2026-03-22 18:19:16,90,309
'2026-03-22 18:19:16,89,310
'2026-03-22 18:19:16,89,309
'2026-03-22 18:19:16,90,310
'2026-03-22 18:19:16,89,311
'2026-03-22 18:19:17,88,307
'2026-03-22 18:19:17,88,308
'2026-03-22 18:19:17,88,311
'2026-03-22 18:19:17,86,310
'2026-03-22 18:19:17,84,308
'2026-03-22 18:19:18,85,309
'2026-03-22 18:19:18,85,311
'2026-03-22 18:19:18,84,310
'2026-03-22 18:19:18,84,308
'2026-03-22 18:19:18,84,308
'2026-03-22 18:19:19,84,310
'2026-03-22 18:19:19,84,309
'2026-03-22 18:19:19,85,309
'2026-03-22 18:19:19,86,311
'2026-03-22 18:19:19,85,310
'2026-03-22 18:19:20,85,308
'2026-03-22 18:19:20,85,308
'2026-03-22 18:19:20,85,308
'2026-03-22 18:19:20,84,308
'2026-03-22 18:19:21,84,309
'2026-03-22 18:19:21,83,309
'2026-03-22 18:19:21,83,309
'2026-03-22 18:19:21,82,308
'2026-03-22 18:19:21,82,309
'2026-03-22 18:19:22,82,310
'2026-03-22 18:19:22,81,311
'2026-03-22 18:19:22,81,311
'2026-03-22 18:19:22,81,311
'2026-03-22 18:19:22,81,310
'2026-03-22 18:19:23,81,309
'2026-03-22 18:19:23,82,308
'2026-03-22 18:19:23,83,308
'2026-03-22 18:19:23,83,309
'2026-03-22 18:19:23,83,310
'2026-03-22 18:19:24,82,310
'2026-03-22 18:19:24,83,309
'2026-03-22 18:19:24,83,307
'2026-03-22 18:19:24,83,305
'2026-03-22 18:19:24,83,306
'2026-03-22 18:19:25,83,309
'2026-03-22 18:19:25,83,307
'2026-03-22 18:19:25,84,307
'2026-03-22 18:19:25,84,309
'2026-03-22 18:19:25,84,310
'2026-03-22 18:19:26,85,309
'2026-03-22 18:19:26,86,308
'2026-03-22 18:19:26,85,308
'2026-03-22 18:19:26,84,309
'2026-03-22 18:19:26,84,307
'2026-03-22 18:19:27,83,308
'2026-03-22 18:19:27,84,310
'2026-03-22 18:19:27,84,309
'2026-03-22 18:19:27,86,309
'2026-03-22 18:19:27,87,310
'2026-03-22 18:19:28,87,310
'2026-03-22 18:19:28,87,309
'2026-03-22 18:19:28,88,309
'2026-03-22 18:19:28,88,309
'2026-03-22 18:19:29,89,310
'2026-03-22 18:19:29,90,310
'2026-03-22 18:19:29,90,309
'2026-03-22 18:19:29,90,310
'2026-03-22 18:19:29,89,310
'2026-03-22 18:19:30,88,309
'2026-03-22 18:19:30,88,308
'2026-03-22 18:19:30,88,309
'2026-03-22 18:19:30,88,307
'2026-03-22 18:19:30,87,307
'2026-03-22 18:19:31,89,309
'2026-03-22 18:19:31,90,309
'2026-03-22 18:19:31,90,308
'2026-03-22 18:19:31,89,310
'2026-03-22 18:19:31,90,310
'2026-03-22 18:19:32,91,307
'2026-03-22 18:19:32,92,305
'2026-03-22 18:19:32,93,310
'2026-03-22 18:19:32,93,312
'2026-03-22 18:19:32,94,310
'2026-03-22 18:19:33,94,311
'2026-03-22 18:19:33,93,313
'2026-03-22 18:19:33,92,313
'2026-03-22 18:19:33,92,311
'2026-03-22 18:19:33,91,309
'2026-03-22 18:19:34,90,309
'2026-03-22 18:19:34,90,310
'2026-03-22 18:19:34,91,311
'2026-03-22 18:19:34,92,311
'2026-03-22 18:19:34,91,310
'2026-03-22 18:19:35,91,308
'2026-03-22 18:19:35,92,309
'2026-03-22 18:19:35,92,310
'2026-03-22 18:19:35,92,309
'2026-03-22 18:19:36,92,309
'2026-03-22 18:19:36,92,309
'2026-03-22 18:19:36,91,310
'2026-03-22 18:19:36,91,309
'2026-03-22 18:19:36,92,309
'2026-03-22 18:19:37,92,310
'2026-03-22 18:19:37,92,310
'2026-03-22 18:19:37,91,310
'2026-03-22 18:19:37,91,311
'2026-03-22 18:19:37,91,311
'2026-03-22 18:19:38,91,313
'2026-03-22 18:19:38,90,312
'2026-03-22 18:19:38,90,311
'2026-03-22 18:19:38,90,312
'2026-03-22 18:19:38,90,313
'2026-03-22 18:19:39,89,313
'2026-03-22 18:19:39,90,313
'2026-03-22 18:19:39,89,313
'2026-03-22 18:19:39,89,311
'2026-03-22 18:19:39,89,311
'2026-03-22 18:19:40,89,313
'2026-03-22 18:19:40,89,312
'2026-03-22 18:19:40,90,309
'2026-03-22 18:19:40,91,311
'2026-03-22 18:19:40,92,312
'2026-03-22 18:19:41,91,311
'2026-03-22 18:19:41,91,311
'2026-03-22 18:19:41,92,313
'2026-03-22 18:19:41,92,313
'2026-03-22 18:19:41,91,311
'2026-03-22 18:19:42,91,312
'2026-03-22 18:19:42,90,312
'2026-03-22 18:19:42,91,310
'2026-03-22 18:19:42,92,310
'2026-03-22 18:19:42,92,313
'2026-03-22 18:19:43,93,316
'2026-03-22 18:19:43,93,315
'2026-03-22 18:19:43,93,314
'2026-03-22 18:19:43,94,315
'2026-03-22 18:19:44,95,313
'2026-03-22 18:19:44,95,310
'2026-03-22 18:19:44,94,307
'2026-03-22 18:19:44,96,306
'2026-03-22 18:19:44,97,307
'2026-03-22 18:19:45,98,306
'2026-03-22 18:19:45,97,307
'2026-03-22 18:19:45,98,309
'2026-03-22 18:19:45,98,309
'2026-03-22 18:19:45,98,307
'2026-03-22 18:19:46,98,308
'2026-03-22 18:19:46,98,308
'2026-03-22 18:19:46,98,307
'2026-03-22 18:19:46,99,308
'2026-03-22 18:19:46,99,308
'2026-03-22 18:19:47,100,306
'2026-03-22 18:19:47,99,306
'2026-03-22 18:19:47,97,308
'2026-03-22 18:19:47,98,310
'2026-03-22 18:19:47,99,309
'2026-03-22 18:19:48,101,308
'2026-03-22 18:19:48,102,308
'2026-03-22 18:19:48,102,310
'2026-03-22 18:19:48,102,308
'2026-03-22 18:19:48,102,305
'2026-03-22 18:19:49,102,307
'2026-03-22 18:19:49,102,309
'2026-03-22 18:19:49,101,309
'2026-03-22 18:19:49,101,310
'2026-03-22 18:19:49,101,311
'2026-03-22 18:19:50,100,310
'2026-03-22 18:19:50,100,309
'2026-03-22 18:19:50,100,310
'2026-03-22 18:19:50,99,310
'2026-03-22 18:19:51,98,308
'2026-03-22 18:19:51,98,309
'2026-03-22 18:19:51,98,310
'2026-03-22 18:19:51,98,310
'2026-03-22 18:19:51,98,310
'2026-03-22 18:19:52,98,310
'2026-03-22 18:19:52,100,312
'2026-03-22 18:19:52,102,311
'2026-03-22 18:19:52,102,309
'2026-03-22 18:19:52,102,309
'2026-03-22 18:19:53,101,309
'2026-03-22 18:19:53,101,310
'2026-03-22 18:19:53,101,312
'2026-03-22 18:19:53,101,314
'2026-03-22 18:19:53,102,314
'2026-03-22 18:19:54,102,314
'2026-03-22 18:19:54,102,314
'2026-03-22 18:19:54,102,312
'2026-03-22 18:19:54,101,310
'2026-03-22 18:19:54,101,311
'2026-03-22 18:19:55,100,313
'2026-03-22 18:19:55,100,313
'2026-03-22 18:19:55,101,311
'2026-03-22 18:19:55,102,309
'2026-03-22 18:19:55,102,310
'2026-03-22 18:19:56,102,311
'2026-03-22 18:19:56,102,310
'2026-03-22 18:19:56,103,311
'2026-03-22 18:19:56,104,315
'2026-03-22 18:19:56,105,315
'2026-03-22 18:19:57,104,312
'2026-03-22 18:19:57,104,312
'2026-03-22 18:19:57,103,314
'2026-03-22 18:19:57,104,313
'2026-03-22 18:19:57,104,313
'2026-03-22 18:19:58,102,314
'2026-03-22 18:19:58,102,312
'2026-03-22 18:19:58,101,312
'2026-03-22 18:19:58,100,314
'2026-03-22 18:19:59,100,316
'2026-03-22 18:19:59,100,314
'2026-03-22 18:19:59,99,313
'2026-03-22 18:19:59,99,314
'2026-03-22 18:19:59,99,314
'2026-03-22 18:20:00,99,313
'2026-03-22 18:20:00,99,312
'2026-03-22 18:20:00,98,313
'2026-03-22 18:20:00,98,313
'2026-03-22 18:20:00,98,311
'2026-03-22 18:20:01,98,312
'2026-03-22 18:20:01,98,314
'2026-03-22 18:20:01,98,314
'2026-03-22 18:20:01,96,313
'2026-03-22 18:20:01,96,314
'2026-03-22 18:20:02,96,313
'2026-03-22 18:20:02,96,313
'2026-03-22 18:20:02,95,313
'2026-03-22 18:20:02,94,313
'2026-03-22 18:20:02,93,313
'2026-03-22 18:20:03,93,312
'2026-03-22 18:20:03,93,314
'2026-03-22 18:20:03,94,317
'2026-03-22 18:20:03,93,317
'2026-03-22 18:20:03,92,315
'2026-03-22 18:20:04,92,316
'2026-03-22 18:20:04,92,318
'2026-03-22 18:20:04,93,317
'2026-03-22 18:20:04,93,317
'2026-03-22 18:20:04,94,317
'2026-03-22 18:20:05,94,317
'2026-03-22 18:20:05,94,315
'2026-03-22 18:20:05,94,316
'2026-03-22 18:20:05,95,317
'2026-03-22 18:20:06,95,314
'2026-03-22 18:20:06,95,313
'2026-03-22 18:20:06,95,316
'2026-03-22 18:20:06,95,317
'2026-03-22 18:20:06,95,315
'2026-03-22 18:20:07,95,314
'2026-03-22 18:20:07,94,316
'2026-03-22 18:20:07,94,316
'2026-03-22 18:20:07,94,315
'2026-03-22 18:20:07,94,316
'2026-03-22 18:20:08,93,317
'2026-03-22 18:20:08,93,316
'2026-03-22 18:20:08,93,315
'2026-03-22 18:20:08,94,316
'2026-03-22 18:20:08,94,318
'2026-03-22 18:20:09,95,316
'2026-03-22 18:20:09,96,316
'2026-03-22 18:20:09,97,318
'2026-03-22 18:20:09,97,319
'2026-03-22 18:20:09,97,317
'2026-03-22 18:20:10,98,316
'2026-03-22 18:20:10,97,317
'2026-03-22 18:20:10,94,317
'2026-03-22 18:20:10,94,316
'2026-03-22 18:20:10,94,316
'2026-03-22 18:20:11,94,316
'2026-03-22 18:20:11,93,315
'2026-03-22 18:20:11,93,315
'2026-03-22 18:20:11,93,317
'2026-03-22 18:20:11,93,318
'2026-03-22 18:20:12,93,316
'2026-03-22 18:20:12,93,315
'2026-03-22 18:20:12,94,317
'2026-03-22 18:20:12,94,317
'2026-03-22 18:20:13,94,315
'2026-03-22 18:20:13,94,316
'2026-03-22 18:20:13,93,318
'2026-03-22 18:20:13,93,316
'2026-03-22 18:20:13,94,316
'2026-03-22 18:20:14,94,319
'2026-03-22 18:20:14,93,322
'2026-03-22 18:20:14,94,322
'2026-03-22 18:20:14,93,319
'2026-03-22 18:20:14,92,318
'2026-03-22 18:20:15,91,319
'2026-03-22 18:20:15,90,318
'2026-03-22 18:20:15,91,317
'2026-03-22 18:20:15,90,319
'2026-03-22 18:20:15,90,319
'2026-03-22 18:20:16,91,317
'2026-03-22 18:20:16,92,316
'2026-03-22 18:20:16,91,318
'2026-03-22 18:20:16,91,317
'2026-03-22 18:20:16,91,317
'2026-03-22 18:20:17,91,319
'2026-03-22 18:20:17,91,319
'2026-03-22 18:20:17,91,316
'2026-03-22 18:20:17,91,314
'2026-03-22 18:20:17,93,315
'2026-03-22 18:20:18,94,317
'2026-03-22 18:20:18,94,316
'2026-03-22 18:20:18,93,317
'2026-03-22 18:20:18,93,320
'2026-03-22 18:20:18,92,319
'2026-03-22 18:20:19,91,317
'2026-03-22 18:20:19,90,319
'2026-03-22 18:20:19,90,322
'2026-03-22 18:20:19,90,321
'2026-03-22 18:20:19,90,319
'2026-03-22 18:20:20,89,319
'2026-03-22 18:20:20,89,318
'2026-03-22 18:20:20,89,317
'2026-03-22 18:20:20,90,318
'2026-03-22 18:20:21,92,320
'2026-03-22 18:20:21,93,319
'2026-03-22 18:20:21,94,317
'2026-03-22 18:20:21,95,318
'2026-03-22 18:20:21,95,318
'2026-03-22 18:20:22,95,315
'2026-03-22 18:20:22,95,315
'2026-03-22 18:20:22,95,318
'2026-03-22 18:20:22,94,318
'2026-03-22 18:20:22,94,315
'2026-03-22 18:20:23,94,317
'2026-03-22 18:20:23,93,320
'2026-03-22 18:20:23,93,319
'2026-03-22 18:20:23,93,318
'2026-03-22 18:20:23,93,317
'2026-03-22 18:20:24,92,318
'2026-03-22 18:20:24,92,319
'2026-03-22 18:20:24,94,321
'2026-03-22 18:20:24,95,322
'2026-03-22 18:20:24,95,321
'2026-03-22 18:20:25,95,318
'2026-03-22 18:20:25,95,318
'2026-03-22 18:20:25,95,320
'2026-03-22 18:20:25,95,319
'2026-03-22 18:20:25,95,318
'2026-03-22 18:20:26,96,319
'2026-03-22 18:20:26,97,319
'2026-03-22 18:20:26,98,317
'2026-03-22 18:20:26,98,316
'2026-03-22 18:20:26,98,316
'2026-03-22 18:20:27,97,318
'2026-03-22 18:20:27,96,319
'2026-03-22 18:20:27,95,320
'2026-03-22 18:20:27,95,319
'2026-03-22 18:20:28,94,317
'2026-03-22 18:20:28,94,316
'2026-03-22 18:20:28,93,318
'2026-03-22 18:20:28,93,319
'2026-03-22 18:20:28,94,317
'2026-03-22 18:20:29,95,317
'2026-03-22 18:20:29,95,319
'2026-03-22 18:20:29,95,317
'2026-03-22 18:20:29,95,316
'2026-03-22 18:20:29,95,318
'2026-03-22 18:20:30,95,318
'2026-03-22 18:20:30,96,317
'2026-03-22 18:20:30,96,317
'2026-03-22 18:20:30,97,318
'2026-03-22 18:20:30,97,319
'2026-03-22 18:20:31,96,319
'2026-03-22 18:20:31,95,319
'2026-03-22 18:20:31,96,319
'2026-03-22 18:20:31,96,320
'2026-03-22 18:20:31,94,321
'2026-03-22 18:20:32,92,320
'2026-03-22 18:20:32,92,317
'2026-03-22 18:20:32,92,315
'2026-03-22 18:20:32,93,315
'2026-03-22 18:20:32,93,317
'2026-03-22 18:20:33,93,317
'2026-03-22 18:20:33,94,315
'2026-03-22 18:20:33,94,316
'2026-03-22 18:20:33,94,317
'2026-03-22 18:20:33,95,316
'2026-03-22 18:20:34,95,314
'2026-03-22 18:20:34,94,316
'2026-03-22 18:20:34,93,318
'2026-03-22 18:20:34,92,315
'2026-03-22 18:20:34,93,314
'2026-03-22 18:20:35,92,317
'2026-03-22 18:20:35,93,317
'2026-03-22 18:20:35,93,314
'2026-03-22 18:20:35,92,315
'2026-03-22 18:20:36,91,317
'2026-03-22 18:20:36,90,315
'2026-03-22 18:20:36,90,313
'2026-03-22 18:20:36,89,316
'2026-03-22 18:20:36,88,317
'2026-03-22 18:20:37,88,314
'2026-03-22 18:20:37,88,313
'2026-03-22 18:20:37,89,316
'2026-03-22 18:20:37,90,315
'2026-03-22 18:20:37,91,313
'2026-03-22 18:20:38,92,315
'2026-03-22 18:20:38,92,316
'2026-03-22 18:20:38,93,315
'2026-03-22 18:20:38,92,315
'2026-03-22 18:20:38,91,317
'2026-03-22 18:20:39,91,317
'2026-03-22 18:20:39,92,315
'2026-03-22 18:20:39,92,316
'2026-03-22 18:20:39,92,318
'2026-03-22 18:20:39,92,318
'2026-03-22 18:20:40,91,318
'2026-03-22 18:20:40,90,319
'2026-03-22 18:20:40,89,318
'2026-03-22 18:20:40,89,316
'2026-03-22 18:20:40,89,314
'2026-03-22 18:20:41,90,315
'2026-03-22 18:20:41,90,316
'2026-03-22 18:20:41,90,317
'2026-03-22 18:20:41,90,316
'2026-03-22 18:20:41,90,315
'2026-03-22 18:20:42,90,314
'2026-03-22 18:20:42,91,312
'2026-03-22 18:20:42,91,312
'2026-03-22 18:20:42,91,314
'2026-03-22 18:20:43,91,313
'2026-03-22 18:20:43,92,314
'2026-03-22 18:20:43,91,317
'2026-03-22 18:20:43,90,316
'2026-03-22 18:20:43,89,312
'2026-03-22 18:20:44,88,312
'2026-03-22 18:20:44,88,314
'2026-03-22 18:20:44,88,316
'2026-03-22 18:20:44,87,316
'2026-03-22 18:20:44,88,316
'2026-03-22 18:20:45,89,317
'2026-03-22 18:20:45,89,316
'2026-03-22 18:20:45,88,314
'2026-03-22 18:20:45,88,317
'2026-03-22 18:20:45,88,317
'2026-03-22 18:20:46,88,313
'2026-03-22 18:20:46,88,312
'2026-03-22 18:20:46,86,312
'2026-03-22 18:20:46,85,308
'2026-03-22 18:20:46,87,305
'2026-03-22 18:20:47,87,306
'2026-03-22 18:20:47,88,308
'2026-03-22 18:20:47,88,307
'2026-03-22 18:20:47,88,304
'2026-03-22 18:20:47,86,303
'2026-03-22 18:20:48,85,303
'2026-03-22 18:20:48,85,304
'2026-03-22 18:20:48,85,306
'2026-03-22 18:20:48,85,307
'2026-03-22 18:20:48,85,305
'2026-03-22 18:20:49,85,304
'2026-03-22 18:20:49,85,308
'2026-03-22 18:20:49,85,309
'2026-03-22 18:20:49,85,307
'2026-03-22 18:20:49,86,306
'2026-03-22 18:20:50,86,308
'2026-03-22 18:20:50,85,307
'2026-03-22 18:20:50,86,305
'2026-03-22 18:20:50,88,306
'2026-03-22 18:20:51,89,306
'2026-03-22 18:20:51,89,306
'2026-03-22 18:20:51,89,306
'2026-03-22 18:20:51,90,306
'2026-03-22 18:20:51,89,306
'2026-03-22 18:20:52,88,305
'2026-03-22 18:20:52,88,305
'2026-03-22 18:20:52,86,306
'2026-03-22 18:20:52,86,305
'2026-03-22 18:20:52,86,303
'2026-03-22 18:20:53,86,304
'2026-03-22 18:20:53,86,305
'2026-03-22 18:20:53,88,303
'2026-03-22 18:20:53,89,303
'2026-03-22 18:20:53,89,305
'2026-03-22 18:20:54,90,306
'2026-03-22 18:20:54,90,305
'2026-03-22 18:20:54,91,304
'2026-03-22 18:20:54,91,304
'2026-03-22 18:20:54,91,305
'2026-03-22 18:20:55,91,304
'2026-03-22 18:20:55,92,306
'2026-03-22 18:20:55,93,308
'2026-03-22 18:20:55,93,307
'2026-03-22 18:20:55,93,305
'2026-03-22 18:20:56,92,305
'2026-03-22 18:20:56,91,306
'2026-03-22 18:20:56,91,305
'2026-03-22 18:20:56,90,306
'2026-03-22 18:20:56,89,308
'2026-03-22 18:20:57,89,308
'2026-03-22 18:20:57,90,305
'2026-03-22 18:20:57,90,305
'2026-03-22 18:20:57,90,306
'2026-03-22 18:20:58,91,304
'2026-03-22 18:20:58,92,301
'2026-03-22 18:20:58,92,302
'2026-03-22 18:20:58,92,303
'2026-03-22 18:20:58,93,302
'2026-03-22 18:20:59,94,303
'2026-03-22 18:20:59,93,304
'2026-03-22 18:20:59,93,304
'2026-03-22 18:20:59,93,303
'2026-03-22 18:20:59,93,304
'2026-03-22 18:21:00,92,306
'2026-03-22 18:21:00,92,306
'2026-03-22 18:21:00,92,305
'2026-03-22 18:21:00,92,304
'2026-03-22 18:21:00,92,305
'2026-03-22 18:21:01,92,305
'2026-03-22 18:21:01,91,301
'2026-03-22 18:21:01,91,302
'2026-03-22 18:21:01,92,305
'2026-03-22 18:21:01,92,304
'2026-03-22 18:21:02,93,302
'2026-03-22 18:21:02,93,302
'2026-03-22 18:21:02,94,302
'2026-03-22 18:21:02,95,302
'2026-03-22 18:21:02,95,303
'2026-03-22 18:21:03,95,303
'2026-03-22 18:21:03,96,299
'2026-03-22 18:21:03,96,299
'2026-03-22 18:21:03,96,300
'2026-03-22 18:21:03,96,299
'2026-03-22 18:21:04,96,296
'2026-03-22 18:21:04,96,296
'2026-03-22 18:21:04,95,300
'2026-03-22 18:21:04,95,302
'2026-03-22 18:21:04,95,301
'2026-03-22 18:21:05,95,300
'2026-03-22 18:21:05,94,302
'2026-03-22 18:21:05,94,303
'2026-03-22 18:21:05,94,301
'2026-03-22 18:21:06,95,300
'2026-03-22 18:21:06,95,301
'2026-03-22 18:21:06,95,301
'2026-03-22 18:21:06,95,298
'2026-03-22 18:21:06,95,299
'2026-03-22 18:21:07,95,300
'2026-03-22 18:21:07,95,299
'2026-03-22 18:21:07,95,299
'2026-03-22 18:21:07,95,300
'2026-03-22 18:21:07,95,299
'2026-03-22 18:21:08,96,299
'2026-03-22 18:21:08,95,301
'2026-03-22 18:21:08,93,302
'2026-03-22 18:21:08,92,299
'2026-03-22 18:21:08,92,297
'2026-03-22 18:21:09,93,299
'2026-03-22 18:21:09,93,299
'2026-03-22 18:21:09,91,297
'2026-03-22 18:21:09,90,298
'2026-03-22 18:21:09,91,301
'2026-03-22 18:21:10,92,301
'2026-03-22 18:21:10,92,300
'2026-03-22 18:21:10,91,300
'2026-03-22 18:21:10,92,300
'2026-03-22 18:21:10,93,299
'2026-03-22 18:21:11,95,298
'2026-03-22 18:21:11,94,298
'2026-03-22 18:21:11,94,298
'2026-03-22 18:21:11,93,297
'2026-03-22 18:21:11,92,297
'2026-03-22 18:21:12,93,300
'2026-03-22 18:21:12,92,301
'2026-03-22 18:21:12,92,299
'2026-03-22 18:21:12,91,298
'2026-03-22 18:21:13,91,299
'2026-03-22 18:21:13,92,298
'2026-03-22 18:21:13,92,295
'2026-03-22 18:21:13,91,296
'2026-03-22 18:21:13,90,296
'2026-03-22 18:21:14,90,295
'2026-03-22 18:21:14,90,294
'2026-03-22 18:21:14,90,297
'2026-03-22 18:21:14,90,300
'2026-03-22 18:21:14,91,297
'2026-03-22 18:21:15,91,297
'2026-03-22 18:21:15,91,298
'2026-03-22 18:21:15,91,297
'2026-03-22 18:21:15,92,297
'2026-03-22 18:21:15,93,300
'2026-03-22 18:21:16,92,301
'2026-03-22 18:21:16,91,298
'2026-03-22 18:21:16,91,298
'2026-03-22 18:21:16,91,299
'2026-03-22 18:21:16,89,299
'2026-03-22 18:21:17,89,298
'2026-03-22 18:21:17,89,297
'2026-03-22 18:21:17,89,298
'2026-03-22 18:21:17,89,295
'2026-03-22 18:21:17,89,293
'2026-03-22 18:21:18,88,295
'2026-03-22 18:21:18,88,296
'2026-03-22 18:21:18,88,295
'2026-03-22 18:21:18,89,295
'2026-03-22 18:21:18,90,295
'2026-03-22 18:21:19,90,295
'2026-03-22 18:21:19,91,295
'2026-03-22 18:21:19,91,298
'2026-03-22 18:21:19,91,300
'2026-03-22 18:21:19,92,298
'2026-03-22 18:21:20,92,297
'2026-03-22 18:21:20,91,297
'2026-03-22 18:21:20,90,296
'2026-03-22 18:21:20,90,294
'2026-03-22 18:21:21,91,296
'2026-03-22 18:21:21,91,297
'2026-03-22 18:21:21,91,294
'2026-03-22 18:21:21,92,293
'2026-03-22 18:21:21,93,296
'2026-03-22 18:21:22,94,298
'2026-03-22 18:21:22,93,297
'2026-03-22 18:21:22,92,296
'2026-03-22 18:21:22,92,295
'2026-03-22 18:21:22,93,294
'2026-03-22 18:21:23,93,294
'2026-03-22 18:21:23,94,294
'2026-03-22 18:21:23,94,294
'2026-03-22 18:21:23,94,292
'2026-03-22 18:21:23,95,293
'2026-03-22 18:21:24,95,294
'2026-03-22 18:21:24,95,293
'2026-03-22 18:21:24,96,292
'2026-03-22 18:21:24,96,292
'2026-03-22 18:21:24,96,293
'2026-03-22 18:21:25,96,294
'2026-03-22 18:21:25,96,294
'2026-03-22 18:21:25,96,293
'2026-03-22 18:21:25,95,292
'2026-03-22 18:21:25,94,294
'2026-03-22 18:21:26,93,295
'2026-03-22 18:21:26,93,294
'2026-03-22 18:21:26,92,293
'2026-03-22 18:21:26,93,294
'2026-03-22 18:21:26,95,295
'2026-03-22 18:21:27,96,292
'2026-03-22 18:21:27,96,290
'2026-03-22 18:21:27,95,293
'2026-03-22 18:21:27,95,293
'2026-03-22 18:21:28,94,291
'2026-03-22 18:21:28,94,291
'2026-03-22 18:21:28,94,291
'2026-03-22 18:21:28,94,292
'2026-03-22 18:21:28,95,293
'2026-03-22 18:21:29,95,292
'2026-03-22 18:21:29,93,293
'2026-03-22 18:21:29,91,294
'2026-03-22 18:21:29,90,292
'2026-03-22 18:21:29,90,290
'2026-03-22 18:21:30,91,290
'2026-03-22 18:21:30,91,290
'2026-03-22 18:21:30,90,291
'2026-03-22 18:21:30,92,292
'2026-03-22 18:21:30,94,293
'2026-03-22 18:21:31,95,290
'2026-03-22 18:21:31,95,290
'2026-03-22 18:21:31,94,292
'2026-03-22 18:21:31,95,292
'2026-03-22 18:21:31,96,291
'2026-03-22 18:21:32,96,292
'2026-03-22 18:21:32,95,292
'2026-03-22 18:21:32,95,290
'2026-03-22 18:21:32,95,290
'2026-03-22 18:21:32,95,291
'2026-03-22 18:21:33,95,289
'2026-03-22 18:21:33,95,285
'2026-03-22 18:21:33,96,285
'2026-03-22 18:21:33,95,287
'2026-03-22 18:21:33,95,287
'2026-03-22 18:21:34,95,287
'2026-03-22 18:21:34,94,287
'2026-03-22 18:21:34,93,287
'2026-03-22 18:21:34,94,287
'2026-03-22 18:21:35,95,287
'2026-03-22 18:21:35,96,288
'2026-03-22 18:21:35,96,289
'2026-03-22 18:21:35,96,288
'2026-03-22 18:21:35,97,288
'2026-03-22 18:21:36,97,289
'2026-03-22 18:21:36,97,288
'2026-03-22 18:21:36,97,288
'2026-03-22 18:21:36,97,289
'2026-03-22 18:21:36,97,289
'2026-03-22 18:21:37,97,289
'2026-03-22 18:21:37,96,288
'2026-03-22 18:21:37,95,290
'2026-03-22 18:21:37,95,290
'2026-03-22 18:21:37,95,288
'2026-03-22 18:21:38,95,287
'2026-03-22 18:21:38,95,288
'2026-03-22 18:21:38,95,289
'2026-03-22 18:21:38,95,288
'2026-03-22 18:21:38,96,288
'2026-03-22 18:21:39,97,289
'2026-03-22 18:21:39,98,287
'2026-03-22 18:21:39,99,286
'2026-03-22 18:21:39,99,287
'2026-03-22 18:21:39,99,287
'2026-03-22 18:21:40,99,286
'2026-03-22 18:21:40,98,288
'2026-03-22 18:21:40,97,291
'2026-03-22 18:21:40,96,292
'2026-03-22 18:21:40,96,290
'2026-03-22 18:21:41,96,291
'2026-03-22 18:21:41,96,290
'2026-03-22 18:21:41,97,286
'2026-03-22 18:21:41,96,287
'2026-03-22 18:21:41,95,289
'2026-03-22 18:21:42,94,289
'2026-03-22 18:21:42,95,288
'2026-03-22 18:21:42,96,288
'2026-03-22 18:21:42,96,289
'2026-03-22 18:21:43,96,288
'2026-03-22 18:21:43,96,287
'2026-03-22 18:21:43,96,287
'2026-03-22 18:21:43,97,288
'2026-03-22 18:21:43,97,288
'2026-03-22 18:21:44,97,287
'2026-03-22 18:21:44,96,288
'2026-03-22 18:21:44,96,288
'2026-03-22 18:21:44,97,287
'2026-03-22 18:21:44,96,287
'2026-03-22 18:21:45,96,289
'2026-03-22 18:21:45,96,289
'2026-03-22 18:21:45,95,287
'2026-03-22 18:21:45,95,286
'2026-03-22 18:21:45,95,288
'2026-03-22 18:21:46,95,289
'2026-03-22 18:21:46,95,290
'2026-03-22 18:21:46,95,290
'2026-03-22 18:21:46,95,291
'2026-03-22 18:21:46,94,289
'2026-03-22 18:21:47,94,287
'2026-03-22 18:21:47,95,288
'2026-03-22 18:21:47,96,290
'2026-03-22 18:21:47,97,289
'2026-03-22 18:21:47,97,290
'2026-03-22 18:21:48,97,291
'2026-03-22 18:21:48,98,290
'2026-03-22 18:21:48,98,288
'2026-03-22 18:21:48,98,289
'2026-03-22 18:21:48,97,290
'2026-03-22 18:21:49,96,289
'2026-03-22 18:21:49,95,288
'2026-03-22 18:21:49,95,289
'2026-03-22 18:21:49,94,290
'2026-03-22 18:21:50,95,289
'2026-03-22 18:21:50,94,288
'2026-03-22 18:21:50,92,290
'2026-03-22 18:21:50,91,290
'2026-03-22 18:21:50,91,288
'2026-03-22 18:21:51,91,289
'2026-03-22 18:21:51,91,291
'2026-03-22 18:21:51,91,289
'2026-03-22 18:21:51,92,289
'2026-03-22 18:21:51,92,292
'2026-03-22 18:21:52,93,295
'2026-03-22 18:21:52,93,293
'2026-03-22 18:21:52,91,290
'2026-03-22 18:21:52,90,290
'2026-03-22 18:21:52,91,291
'2026-03-22 18:21:53,91,289
'2026-03-22 18:21:53,92,290
'2026-03-22 18:21:53,91,291
'2026-03-22 18:21:53,90,290
'2026-03-22 18:21:53,90,290
'2026-03-22 18:21:54,90,289
'2026-03-22 18:21:54,89,290
'2026-03-22 18:21:54,89,291
'2026-03-22 18:21:54,89,290
'2026-03-22 18:21:54,88,290
'2026-03-22 18:21:55,87,291
'2026-03-22 18:21:55,87,289
'2026-03-22 18:21:55,88,289
'2026-03-22 18:21:55,90,290
'2026-03-22 18:21:55,94,289
'2026-03-22 18:21:56,99,288
'2026-03-22 18:21:56,105,291
'2026-03-22 18:21:56,111,292
'2026-03-22 18:21:56,114,291
'2026-03-22 18:21:56,113,291
'2026-03-22 18:21:57,114,293
'2026-03-22 18:21:57,114,292
'2026-03-22 18:21:57,114,292
'2026-03-22 18:21:57,116,292
'2026-03-22 18:21:58,116,291
'2026-03-22 18:21:58,116,290
'2026-03-22 18:21:58,115,290
'2026-03-22 18:21:58,114,290
'2026-03-22 18:21:58,114,290
'2026-03-22 18:21:59,115,290
'2026-03-22 18:21:59,116,290
'2026-03-22 18:21:59,117,291
'2026-03-22 18:21:59,117,290
'2026-03-22 18:21:59,116,288
'2026-03-22 18:22:00,116,289
'2026-03-22 18:22:00,116,292
'2026-03-22 18:22:00,116,291
'2026-03-22 18:22:00,116,289
'2026-03-22 18:22:00,117,290
'2026-03-22 18:22:01,117,290
'2026-03-22 18:22:01,116,289
'2026-03-22 18:22:01,115,290
'2026-03-22 18:22:01,115,292
'2026-03-22 18:22:01,114,293
'2026-03-22 18:22:02,113,292
'2026-03-22 18:22:02,108,291
'2026-03-22 18:22:02,103,292
'2026-03-22 18:22:02,101,291
'2026-03-22 18:22:02,102,291
'2026-03-22 18:22:03,100,293
'2026-03-22 18:22:03,95,293
'2026-03-22 18:22:03,93,290
'2026-03-22 18:22:03,93,290
'2026-03-22 18:22:03,93,292
'2026-03-22 18:22:04,93,293
'2026-03-22 18:22:04,93,291
'2026-03-22 18:22:04,93,291
'2026-03-22 18:22:04,92,292
'2026-03-22 18:22:05,92,291
'2026-03-22 18:22:05,93,289
'2026-03-22 18:22:05,93,290
'2026-03-22 18:22:05,93,291
'2026-03-22 18:22:05,93,290
'2026-03-22 18:22:06,93,289
'2026-03-22 18:22:06,91,290
'2026-03-22 18:22:06,91,290
'2026-03-22 18:22:06,90,290
'2026-03-22 18:22:06,91,291
'2026-03-22 18:22:07,92,291
'2026-03-22 18:22:07,92,291
'2026-03-22 18:22:07,93,292
'2026-03-22 18:22:07,94,292
'2026-03-22 18:22:07,95,290
'2026-03-22 18:22:08,95,289
'2026-03-22 18:22:08,95,290
'2026-03-22 18:22:08,96,291
'2026-03-22 18:22:08,96,290
'2026-03-22 18:22:08,96,287
'2026-03-22 18:22:09,96,287
'2026-03-22 18:22:09,97,288
'2026-03-22 18:22:09,97,287
'2026-03-22 18:22:09,96,286
'2026-03-22 18:22:09,95,286
'2026-03-22 18:22:10,95,286
'2026-03-22 18:22:10,95,286
'2026-03-22 18:22:10,94,285
'2026-03-22 18:22:10,94,286
'2026-03-22 18:22:10,94,287
'2026-03-22 18:22:11,95,287
'2026-03-22 18:22:11,94,288
'2026-03-22 18:22:11,93,289
'2026-03-22 18:22:11,94,288
'2026-03-22 18:22:11,95,287
'2026-03-22 18:22:12,95,288
'2026-03-22 18:22:12,95,288
'2026-03-22 18:22:12,96,286
'2026-03-22 18:22:12,97,285
'2026-03-22 18:22:13,97,287
'2026-03-22 18:22:13,97,287
'2026-03-22 18:22:13,97,286
'2026-03-22 18:22:13,98,286
'2026-03-22 18:22:13,97,287
'2026-03-22 18:22:14,96,286
'2026-03-22 18:22:14,96,284
'2026-03-22 18:22:14,95,283
'2026-03-22 18:22:14,96,284
'2026-03-22 18:22:14,95,284
'2026-03-22 18:22:15,94,284
'2026-03-22 18:22:15,94,285
'2026-03-22 18:22:15,94,286
'2026-03-22 18:22:15,95,284
'2026-03-22 18:22:15,95,282
'2026-03-22 18:22:16,96,284
'2026-03-22 18:22:16,98,283
'2026-03-22 18:22:16,98,281
'2026-03-22 18:22:16,99,281
'2026-03-22 18:22:16,98,282
'2026-03-22 18:22:17,97,281
'2026-03-22 18:22:17,97,282
'2026-03-22 18:22:17,97,282
'2026-03-22 18:22:17,97,280
'2026-03-22 18:22:17,97,279
'2026-03-22 18:22:18,96,280
'2026-03-22 18:22:18,96,282
'2026-03-22 18:22:18,96,281
'2026-03-22 18:22:18,97,279
'2026-03-22 18:22:18,96,279
'2026-03-22 18:22:19,94,281
'2026-03-22 18:22:19,93,282
'2026-03-22 18:22:19,93,281
'2026-03-22 18:22:19,93,281
'2026-03-22 18:22:20,94,283
'2026-03-22 18:22:20,95,281
'2026-03-22 18:22:20,96,279
'2026-03-22 18:22:20,96,280
'2026-03-22 18:22:20,96,280
'2026-03-22 18:22:21,96,279
'2026-03-22 18:22:21,96,279
'2026-03-22 18:22:21,94,280
'2026-03-22 18:22:21,93,280
'2026-03-22 18:22:21,93,277
'2026-03-22 18:22:22,92,277
'2026-03-22 18:22:22,93,278
'2026-03-22 18:22:22,94,279
'2026-03-22 18:22:22,94,278
'2026-03-22 18:22:22,94,280
'2026-03-22 18:22:23,93,280
'2026-03-22 18:22:23,93,277
'2026-03-22 18:22:23,92,275
'2026-03-22 18:22:23,92,276
'2026-03-22 18:22:23,92,276
'2026-03-22 18:22:24,92,276
'2026-03-22 18:22:24,92,277
'2026-03-22 18:22:24,94,278
'2026-03-22 18:22:24,96,277
'2026-03-22 18:22:24,96,275
'2026-03-22 18:22:25,96,276
'2026-03-22 18:22:25,96,277
'2026-03-22 18:22:25,97,275
'2026-03-22 18:22:25,97,274
'2026-03-22 18:22:25,97,277
'2026-03-22 18:22:26,96,277
'2026-03-22 18:22:26,96,276
'2026-03-22 18:22:26,95,276
'2026-03-22 18:22:26,94,277
'2026-03-22 18:22:26,94,277
'2026-03-22 18:22:27,94,276
'2026-03-22 18:22:27,95,277
'2026-03-22 18:22:27,96,277
'2026-03-22 18:22:27,97,275
'2026-03-22 18:22:28,97,275
'2026-03-22 18:22:28,96,275
'2026-03-22 18:22:28,96,275
'2026-03-22 18:22:28,96,275
'2026-03-22 18:22:28,96,275
'2026-03-22 18:22:29,96,278
'2026-03-22 18:22:29,96,278
'2026-03-22 18:22:29,97,274
'2026-03-22 18:22:29,97,273
'2026-03-22 18:22:29,97,275
'2026-03-22 18:22:30,97,274
'2026-03-22 18:22:30,97,272
'2026-03-22 18:22:30,97,273
'2026-03-22 18:22:30,97,275
'2026-03-22 18:22:30,98,276
'2026-03-22 18:22:31,97,274
'2026-03-22 18:22:31,97,274
'2026-03-22 18:22:31,98,275
'2026-03-22 18:22:31,98,273
'2026-03-22 18:22:31,98,272
'2026-03-22 18:22:32,99,274
'2026-03-22 18:22:32,100,274
'2026-03-22 18:22:32,100,274
'2026-03-22 18:22:32,102,273
'2026-03-22 18:22:32,102,272
'2026-03-22 18:22:33,102,271
'2026-03-22 18:22:33,105,272
'2026-03-22 18:22:33,107,273
'2026-03-22 18:22:33,107,274
'2026-03-22 18:22:33,108,275
'2026-03-22 18:22:34,107,275
'2026-03-22 18:22:34,107,276
'2026-03-22 18:22:34,108,275
'2026-03-22 18:22:34,109,273
'2026-03-22 18:22:35,108,272
'2026-03-22 18:22:35,107,273
'2026-03-22 18:22:35,108,274
'2026-03-22 18:22:35,108,274
'2026-03-22 18:22:35,107,273
'2026-03-22 18:22:36,107,274
'2026-03-22 18:22:36,107,274
'2026-03-22 18:22:36,108,273
'2026-03-22 18:22:36,108,274
'2026-03-22 18:22:36,109,274
'2026-03-22 18:22:37,109,272
'2026-03-22 18:22:37,108,273
'2026-03-22 18:22:37,108,273
'2026-03-22 18:22:37,109,273
'2026-03-22 18:22:37,109,274
'2026-03-22 18:22:38,108,275
'2026-03-22 18:22:38,107,274
'2026-03-22 18:22:38,106,273
'2026-03-22 18:22:38,105,274
'2026-03-22 18:22:38,105,275
'2026-03-22 18:22:39,104,276
'2026-03-22 18:22:39,102,276
'2026-03-22 18:22:39,101,274
'2026-03-22 18:22:39,101,274
'2026-03-22 18:22:39,100,276
'2026-03-22 18:22:40,99,275
'2026-03-22 18:22:40,99,274
'2026-03-22 18:22:40,99,274
'2026-03-22 18:22:40,99,274
'2026-03-22 18:22:40,99,273
'2026-03-22 18:22:41,98,274
'2026-03-22 18:22:41,98,274
'2026-03-22 18:22:41,98,273
'2026-03-22 18:22:41,98,272
'2026-03-22 18:22:41,99,273
'2026-03-22 18:22:42,99,275
'2026-03-22 18:22:42,98,274
'2026-03-22 18:22:42,98,273
'2026-03-22 18:22:42,97,274
'2026-03-22 18:22:43,97,276
'2026-03-22 18:22:43,98,273
'2026-03-22 18:22:43,97,273
'2026-03-22 18:22:43,96,275
'2026-03-22 18:22:43,96,275
'2026-03-22 18:22:44,96,273
'2026-03-22 18:22:44,96,274
'2026-03-22 18:22:44,96,276
'2026-03-22 18:22:44,95,276
'2026-03-22 18:22:44,96,274
'2026-03-22 18:22:45,97,274
'2026-03-22 18:22:45,98,275
'2026-03-22 18:22:45,99,274
'2026-03-22 18:22:45,101,273
'2026-03-22 18:22:45,101,274
'2026-03-22 18:22:46,101,275
'2026-03-22 18:22:46,101,275
'2026-03-22 18:22:46,101,274
'2026-03-22 18:22:46,100,275
'2026-03-22 18:22:46,99,274
'2026-03-22 18:22:47,99,273
'2026-03-22 18:22:47,99,276
'2026-03-22 18:22:47,99,278
'2026-03-22 18:22:47,100,277
'2026-03-22 18:22:47,100,277
'2026-03-22 18:22:48,100,276
'2026-03-22 18:22:48,99,276
'2026-03-22 18:22:48,98,276
'2026-03-22 18:22:48,98,277
'2026-03-22 18:22:48,98,276
'2026-03-22 18:22:49,98,275
'2026-03-22 18:22:49,99,275
'2026-03-22 18:22:49,98,276
'2026-03-22 18:22:49,99,277
'2026-03-22 18:22:50,99,278
'2026-03-22 18:22:50,99,276
'2026-03-22 18:22:50,99,277
'2026-03-22 18:22:50,99,278
'2026-03-22 18:22:50,99,275
'2026-03-22 18:22:51,99,272
'2026-03-22 18:22:51,98,274
'2026-03-22 18:22:51,98,276
'2026-03-22 18:22:51,97,276
'2026-03-22 18:22:51,97,276
'2026-03-22 18:22:52,97,276
'2026-03-22 18:22:52,97,276
'2026-03-22 18:22:52,96,275
'2026-03-22 18:22:52,96,276
'2026-03-22 18:22:52,97,278
'2026-03-22 18:22:53,97,277
'2026-03-22 18:22:53,97,276
'2026-03-22 18:22:53,98,278
'2026-03-22 18:22:53,98,280
'2026-03-22 18:22:53,98,280
'2026-03-22 18:22:54,98,280
'2026-03-22 18:22:54,98,281
'2026-03-22 18:22:54,99,280
'2026-03-22 18:22:54,99,279
'2026-03-22 18:22:54,98,280
'2026-03-22 18:22:55,97,282
'2026-03-22 18:22:55,98,281
'2026-03-22 18:22:55,98,280
'2026-03-22 18:22:55,97,280
'2026-03-22 18:22:55,98,280
'2026-03-22 18:22:56,99,278
'2026-03-22 18:22:56,99,276
'2026-03-22 18:22:56,99,278
'2026-03-22 18:22:56,99,279
'2026-03-22 18:22:57,99,278
'2026-03-22 18:22:57,99,278
'2026-03-22 18:22:57,101,279
'2026-03-22 18:22:57,102,278
'2026-03-22 18:22:57,102,278
'2026-03-22 18:22:58,102,280
'2026-03-22 18:22:58,102,279
'2026-03-22 18:22:58,103,276
'2026-03-22 18:22:58,105,276
'2026-03-22 18:22:58,104,276
'2026-03-22 18:22:59,104,276
'2026-03-22 18:22:59,105,277
'2026-03-22 18:22:59,106,278
'2026-03-22 18:22:59,105,279
'2026-03-22 18:22:59,104,278
'2026-03-22 18:23:00,104,275
'2026-03-22 18:23:00,104,275
'2026-03-22 18:23:00,104,275
'2026-03-22 18:23:00,104,276
'2026-03-22 18:23:00,106,277
'2026-03-22 18:23:01,106,278
'2026-03-22 18:23:01,105,279
'2026-03-22 18:23:01,106,278
'2026-03-22 18:23:01,106,279
'2026-03-22 18:23:01,107,279
'2026-03-22 18:23:02,108,277
'2026-03-22 18:23:02,108,276
'2026-03-22 18:23:02,108,278
'2026-03-22 18:23:02,107,279
'2026-03-22 18:23:02,107,277
'2026-03-22 18:23:03,107,275
'2026-03-22 18:23:03,107,276
'2026-03-22 18:23:03,107,277
'2026-03-22 18:23:03,106,276
'2026-03-22 18:23:03,106,276
'2026-03-22 18:23:04,107,278
'2026-03-22 18:23:04,106,279
'2026-03-22 18:23:04,104,278
'2026-03-22 18:23:04,103,277
'2026-03-22 18:23:05,103,278
'2026-03-22 18:23:05,103,278
'2026-03-22 18:23:05,104,278
'2026-03-22 18:23:05,105,278
'2026-03-22 18:23:05,103,278
'2026-03-22 18:23:06,103,277
'2026-03-22 18:23:06,104,277
'2026-03-22 18:23:06,105,279
'2026-03-22 18:23:06,105,278
'2026-03-22 18:23:06,105,276
'2026-03-22 18:23:07,105,276
'2026-03-22 18:23:07,104,276
'2026-03-22 18:23:07,103,274
'2026-03-22 18:23:07,103,274
'2026-03-22 18:23:07,103,276
'2026-03-22 18:23:08,102,277
'2026-03-22 18:23:08,101,275
'2026-03-22 18:23:08,100,275
'2026-03-22 18:23:08,99,279
'2026-03-22 18:23:08,99,280
'2026-03-22 18:23:09,100,278
'2026-03-22 18:23:09,101,276
'2026-03-22 18:23:09,102,277
'2026-03-22 18:23:09,102,276
'2026-03-22 18:23:09,101,275
'2026-03-22 18:23:10,101,275
'2026-03-22 18:23:10,102,274
'2026-03-22 18:23:10,102,272
'2026-03-22 18:23:10,102,274
'2026-03-22 18:23:10,102,275
'2026-03-22 18:23:11,102,275
'2026-03-22 18:23:11,103,274
'2026-03-22 18:23:11,103,274
'2026-03-22 18:23:11,102,274
'2026-03-22 18:23:12,101,274
'2026-03-22 18:23:12,100,274
'2026-03-22 18:23:12,100,274
'2026-03-22 18:23:12,100,275
'2026-03-22 18:23:12,99,275
'2026-03-22 18:23:13,99,274
'2026-03-22 18:23:13,100,274
'2026-03-22 18:23:13,100,275
'2026-03-22 18:23:13,100,275
'2026-03-22 18:23:13,101,275
'2026-03-22 18:23:14,102,276
'2026-03-22 18:23:14,102,276
'2026-03-22 18:23:14,101,276
'2026-03-22 18:23:14,100,276
'2026-03-22 18:23:14,99,276
'2026-03-22 18:23:15,99,276
'2026-03-22 18:23:15,100,275
'2026-03-22 18:23:15,100,273
'2026-03-22 18:23:15,99,272
'2026-03-22 18:23:15,99,273
'2026-03-22 18:23:16,99,273
'2026-03-22 18:23:16,99,274
'2026-03-22 18:23:16,97,275
'2026-03-22 18:23:16,96,274
'2026-03-22 18:23:16,97,273
'2026-03-22 18:23:17,97,273
'2026-03-22 18:23:17,97,273
'2026-03-22 18:23:17,98,272
'2026-03-22 18:23:17,99,273
'2026-03-22 18:23:17,99,275
'2026-03-22 18:23:18,100,274
'2026-03-22 18:23:18,101,273
'2026-03-22 18:23:18,101,274
'2026-03-22 18:23:18,102,273
'2026-03-22 18:23:18,103,272
'2026-03-22 18:23:19,105,272
'2026-03-22 18:23:19,104,274
'2026-03-22 18:23:19,104,274
'2026-03-22 18:23:19,103,272
'2026-03-22 18:23:20,103,272
'2026-03-22 18:23:20,102,274
'2026-03-22 18:23:20,102,272
'2026-03-22 18:23:20,102,268
'2026-03-22 18:23:20,102,268
'2026-03-22 18:23:21,102,270
'2026-03-22 18:23:21,101,271
'2026-03-22 18:23:21,101,271
'2026-03-22 18:23:21,102,272
'2026-03-22 18:23:21,102,271
'2026-03-22 18:23:22,101,269
'2026-03-22 18:23:22,103,268
'2026-03-22 18:23:22,103,269
'2026-03-22 18:23:22,103,271
'2026-03-22 18:23:22,103,271
'2026-03-22 18:23:23,104,271
'2026-03-22 18:23:23,104,272
'2026-03-22 18:23:23,104,271
'2026-03-22 18:23:23,104,270
'2026-03-22 18:23:23,104,270
'2026-03-22 18:23:24,103,270
'2026-03-22 18:23:24,102,269
'2026-03-22 18:23:24,101,270
'2026-03-22 18:23:24,102,271
'2026-03-22 18:23:24,102,270
'2026-03-22 18:23:25,102,269
'2026-03-22 18:23:25,102,270
'2026-03-22 18:23:25,102,272
'2026-03-22 18:23:25,102,271
'2026-03-22 18:23:25,103,269
'2026-03-22 18:23:26,103,270
'2026-03-22 18:23:26,103,271
'2026-03-22 18:23:26,104,270
'2026-03-22 18:23:26,105,268
'2026-03-22 18:23:27,104,268
'2026-03-22 18:23:27,104,270
'2026-03-22 18:23:27,103,271
'2026-03-22 18:23:27,102,270
'2026-03-22 18:23:27,102,271
'2026-03-22 18:23:28,102,271
'2026-03-22 18:23:28,101,269
'2026-03-22 18:23:28,101,270
'2026-03-22 18:23:28,102,271
'2026-03-22 18:23:28,102,268
'2026-03-22 18:23:29,101,266
'2026-03-22 18:23:29,100,268
'2026-03-22 18:23:29,100,268
'2026-03-22 18:23:29,101,267
'2026-03-22 18:23:29,101,266
'2026-03-22 18:23:30,100,269
'2026-03-22 18:23:30,100,270
'2026-03-22 18:23:30,101,270
'2026-03-22 18:23:30,102,270
'2026-03-22 18:23:30,101,270
'2026-03-22 18:23:31,101,267
'2026-03-22 18:23:31,101,266
'2026-03-22 18:23:31,100,266
'2026-03-22 18:23:31,100,266
'2026-03-22 18:23:31,100,265
'2026-03-22 18:23:32,99,266
'2026-03-22 18:23:32,98,269
'2026-03-22 18:23:32,96,270
'2026-03-22 18:23:32,95,269
'2026-03-22 18:23:32,95,267
'2026-03-22 18:23:33,94,267
'2026-03-22 18:23:33,94,268
'2026-03-22 18:23:33,94,266
'2026-03-22 18:23:33,93,266
'2026-03-22 18:23:33,95,267
'2026-03-22 18:23:34,102,267
'2026-03-22 18:23:34,110,265
'2026-03-22 18:23:34,112,266
'2026-03-22 18:23:34,113,268
'2026-03-22 18:23:35,115,267
'2026-03-22 18:23:35,116,266
'2026-03-22 18:23:35,116,269
'2026-03-22 18:23:35,117,270
'2026-03-22 18:23:35,117,266
'2026-03-22 18:23:36,115,263
'2026-03-22 18:23:36,116,264
'2026-03-22 18:23:36,116,264
'2026-03-22 18:23:36,116,263
'2026-03-22 18:23:36,116,263
'2026-03-22 18:23:37,116,263
'2026-03-22 18:23:37,116,263
'2026-03-22 18:23:37,116,263
'2026-03-22 18:23:37,116,264
'2026-03-22 18:23:37,117,265
'2026-03-22 18:23:38,117,263
'2026-03-22 18:23:38,118,262
'2026-03-22 18:23:38,119,263
'2026-03-22 18:23:38,120,263
'2026-03-22 18:23:38,122,262
'2026-03-22 18:23:39,121,262
'2026-03-22 18:23:39,122,262
'2026-03-22 18:23:39,124,262
'2026-03-22 18:23:39,125,261
'2026-03-22 18:23:39,123,262
'2026-03-22 18:23:40,119,264
'2026-03-22 18:23:40,117,262
'2026-03-22 18:23:40,114,261
'2026-03-22 18:23:40,107,261
'2026-03-22 18:23:40,105,260
'2026-03-22 18:23:41,106,260
'2026-03-22 18:23:41,107,261
'2026-03-22 18:23:41,106,261
'2026-03-22 18:23:41,106,259
'2026-03-22 18:23:42,107,258
'2026-03-22 18:23:42,107,259
'2026-03-22 18:23:42,108,260
'2026-03-22 18:23:42,109,260
'2026-03-22 18:23:42,111,260
'2026-03-22 18:23:43,111,260
'2026-03-22 18:23:43,111,259
'2026-03-22 18:23:43,111,257
'2026-03-22 18:23:43,111,257
'2026-03-22 18:23:43,111,258
'2026-03-22 18:23:44,110,257
'2026-03-22 18:23:44,110,255
'2026-03-22 18:23:44,110,256
'2026-03-22 18:23:44,110,259
'2026-03-22 18:23:44,108,258
'2026-03-22 18:23:45,108,257
'2026-03-22 18:23:45,107,261
'2026-03-22 18:23:45,106,261
'2026-03-22 18:23:45,106,258
'2026-03-22 18:23:45,106,258
'2026-03-22 18:23:46,106,258
'2026-03-22 18:23:46,105,257
'2026-03-22 18:23:46,105,258
'2026-03-22 18:23:46,106,259
'2026-03-22 18:23:46,107,258
'2026-03-22 18:23:47,107,257
'2026-03-22 18:23:47,108,256
'2026-03-22 18:23:47,109,256
'2026-03-22 18:23:47,108,255
'2026-03-22 18:23:47,107,255
'2026-03-22 18:23:48,107,255
'2026-03-22 18:23:48,106,255
'2026-03-22 18:23:48,106,256
'2026-03-22 18:23:48,106,255
'2026-03-22 18:23:49,105,256
'2026-03-22 18:23:49,105,257
'2026-03-22 18:23:49,105,257
'2026-03-22 18:23:49,105,256
'2026-03-22 18:23:49,105,256
'2026-03-22 18:23:50,105,256
'2026-03-22 18:23:50,104,256
'2026-03-22 18:23:50,105,256
'2026-03-22 18:23:50,106,258
'2026-03-22 18:23:50,105,257
'2026-03-22 18:23:51,105,256
'2026-03-22 18:23:51,106,256
'2026-03-22 18:23:51,107,255
'2026-03-22 18:23:51,108,254
'2026-03-22 18:23:51,109,253
'2026-03-22 18:23:52,108,253
'2026-03-22 18:23:52,108,253
'2026-03-22 18:23:52,107,251
'2026-03-22 18:23:52,108,251
'2026-03-22 18:23:52,108,254
'2026-03-22 18:23:53,108,255
'2026-03-22 18:23:53,108,253
'2026-03-22 18:23:53,107,251
'2026-03-22 18:23:53,105,253
'2026-03-22 18:23:53,104,254
'2026-03-22 18:23:54,97,252
'2026-03-22 18:23:54,97,253
'2026-03-22 18:23:54,97,255
'2026-03-22 18:23:54,97,255
'2026-03-22 18:23:54,97,252
'2026-03-22 18:23:55,97,252
'2026-03-22 18:23:55,98,253
'2026-03-22 18:23:55,99,253
'2026-03-22 18:23:55,98,253
'2026-03-22 18:23:55,98,253
'2026-03-22 18:23:56,99,252
'2026-03-22 18:23:56,99,252
'2026-03-22 18:23:56,99,251
'2026-03-22 18:23:56,99,252
'2026-03-22 18:23:57,99,252
'2026-03-22 18:23:57,99,250
'2026-03-22 18:23:57,98,249
'2026-03-22 18:23:57,98,251
'2026-03-22 18:23:57,98,251
'2026-03-22 18:23:58,99,251
'2026-03-22 18:23:58,99,253
'2026-03-22 18:23:58,99,255
'2026-03-22 18:23:58,99,255
'2026-03-22 18:23:58,99,253
'2026-03-22 18:23:59,99,252
'2026-03-22 18:23:59,99,253
'2026-03-22 18:23:59,99,253
'2026-03-22 18:23:59,100,253
'2026-03-22 18:23:59,101,253
'2026-03-22 18:24:00,101,253
'2026-03-22 18:24:00,102,252
'2026-03-22 18:24:00,102,252
'2026-03-22 18:24:00,102,253
'2026-03-22 18:24:00,103,252
'2026-03-22 18:24:01,103,252
'2026-03-22 18:24:01,102,253
'2026-03-22 18:24:01,101,253
'2026-03-22 18:24:01,101,251
'2026-03-22 18:24:01,101,249
'2026-03-22 18:24:02,100,252
'2026-03-22 18:24:02,99,252
'2026-03-22 18:24:02,100,251
'2026-03-22 18:24:02,101,251
'2026-03-22 18:24:02,100,252
'2026-03-22 18:24:03,101,251
'2026-03-22 18:24:03,101,250
'2026-03-22 18:24:03,101,249
'2026-03-22 18:24:03,101,249
'2026-03-22 18:24:04,101,251
'2026-03-22 18:24:04,100,251
'2026-03-22 18:24:04,100,251
'2026-03-22 18:24:04,100,251
'2026-03-22 18:24:04,101,250
'2026-03-22 18:24:05,101,250
'2026-03-22 18:24:05,101,251
'2026-03-22 18:24:05,100,250
'2026-03-22 18:24:05,99,249
'2026-03-22 18:24:05,99,250
'2026-03-22 18:24:06,99,250
'2026-03-22 18:24:06,99,248
'2026-03-22 18:24:06,99,247
'2026-03-22 18:24:06,100,249
'2026-03-22 18:24:06,99,252
'2026-03-22 18:24:07,99,250
'2026-03-22 18:24:07,100,249
'2026-03-22 18:24:07,101,249
'2026-03-22 18:24:07,101,248
'2026-03-22 18:24:07,101,248
'2026-03-22 18:24:08,101,248
'2026-03-22 18:24:08,101,247
'2026-03-22 18:24:08,101,245
'2026-03-22 18:24:08,100,246
'2026-03-22 18:24:08,101,248
'2026-03-22 18:24:09,101,250
'2026-03-22 18:24:09,100,250
'2026-03-22 18:24:09,99,249
'2026-03-22 18:24:09,99,249
'2026-03-22 18:24:09,99,249
'2026-03-22 18:24:10,99,247
'2026-03-22 18:24:10,99,247
'2026-03-22 18:24:10,99,248
'2026-03-22 18:24:10,100,248
'2026-03-22 18:24:10,100,247
'2026-03-22 18:24:11,99,248
'2026-03-22 18:24:11,99,250
'2026-03-22 18:24:11,99,250
'2026-03-22 18:24:11,99,247
'2026-03-22 18:24:12,99,248
'2026-03-22 18:24:12,99,248
'2026-03-22 18:24:12,100,246
'2026-03-22 18:24:12,101,246
'2026-03-22 18:24:12,101,245
'2026-03-22 18:24:13,100,244
'2026-03-22 18:24:13,100,246
'2026-03-22 18:24:13,101,248
'2026-03-22 18:24:13,101,249
'2026-03-22 18:24:13,100,246
'2026-03-22 18:24:14,100,244
'2026-03-22 18:24:14,100,247
'2026-03-22 18:24:14,100,248
'2026-03-22 18:24:14,100,245
'2026-03-22 18:24:14,101,244
'2026-03-22 18:24:15,102,246
'2026-03-22 18:24:15,102,245
'2026-03-22 18:24:15,102,243
'2026-03-22 18:24:15,102,245
'2026-03-22 18:24:15,102,248
'2026-03-22 18:24:16,103,248
'2026-03-22 18:24:16,104,247
'2026-03-22 18:24:16,105,247
'2026-03-22 18:24:16,105,248
'2026-03-22 18:24:16,106,246
'2026-03-22 18:24:17,106,245
'2026-03-22 18:24:17,106,246
'2026-03-22 18:24:17,105,246
'2026-03-22 18:24:17,106,243
'2026-03-22 18:24:17,105,242
'2026-03-22 18:24:18,105,245
'2026-03-22 18:24:18,104,245
'2026-03-22 18:24:18,104,245
'2026-03-22 18:24:18,104,245
'2026-03-22 18:24:19,105,245
'2026-03-22 18:24:19,105,244
'2026-03-22 18:24:19,104,244
'2026-03-22 18:24:19,103,245
'2026-03-22 18:24:19,104,246
'2026-03-22 18:24:20,105,246
'2026-03-22 18:24:20,105,246
'2026-03-22 18:24:20,105,247
'2026-03-22 18:24:20,105,247
'2026-03-22 18:24:20,105,246
'2026-03-22 18:24:21,105,245
'2026-03-22 18:24:21,105,245
'2026-03-22 18:24:21,104,245
'2026-03-22 18:24:21,103,243
'2026-03-22 18:24:21,103,243
'2026-03-22 18:24:22,103,243
'2026-03-22 18:24:22,102,241
'2026-03-22 18:24:22,101,239
'2026-03-22 18:24:22,102,240
'2026-03-22 18:24:22,102,241
'2026-03-22 18:24:23,103,240
'2026-03-22 18:24:23,103,242
'2026-03-22 18:24:23,103,244
'2026-03-22 18:24:23,103,243
'2026-03-22 18:24:23,103,241
'2026-03-22 18:24:24,104,241
'2026-03-22 18:24:24,105,242
'2026-03-22 18:24:24,106,241
'2026-03-22 18:24:24,107,242
'2026-03-22 18:24:24,107,243
'2026-03-22 18:24:25,107,243
'2026-03-22 18:24:25,107,242
'2026-03-22 18:24:25,107,241
'2026-03-22 18:24:25,107,242
'2026-03-22 18:24:25,107,243
'2026-03-22 18:24:26,107,241
'2026-03-22 18:24:26,107,240
'2026-03-22 18:24:26,107,241
'2026-03-22 18:24:26,107,241
'2026-03-22 18:24:27,107,240
'2026-03-22 18:24:27,107,242
'2026-03-22 18:24:27,107,244
'2026-03-22 18:24:27,107,242
'2026-03-22 18:24:27,107,240
'2026-03-22 18:24:28,106,241
'2026-03-22 18:24:28,106,242
'2026-03-22 18:24:28,107,240
'2026-03-22 18:24:28,107,240
'2026-03-22 18:24:28,108,241
'2026-03-22 18:24:29,109,240
'2026-03-22 18:24:29,109,239
'2026-03-22 18:24:29,109,239
'2026-03-22 18:24:29,108,240
'2026-03-22 18:24:29,106,240
'2026-03-22 18:24:30,105,240
'2026-03-22 18:24:30,105,241
'2026-03-22 18:24:30,105,242
'2026-03-22 18:24:30,105,243
'2026-03-22 18:24:30,105,242
'2026-03-22 18:24:31,104,242
'2026-03-22 18:24:31,103,242
'2026-03-22 18:24:31,104,241
'2026-03-22 18:24:31,105,240
'2026-03-22 18:24:31,105,242
'2026-03-22 18:24:32,105,242
'2026-03-22 18:24:32,105,241
'2026-03-22 18:24:32,105,242
'2026-03-22 18:24:32,105,243
'2026-03-22 18:24:32,105,242
'2026-03-22 18:24:33,106,241
'2026-03-22 18:24:33,106,242
'2026-03-22 18:24:33,106,242
'2026-03-22 18:24:33,107,240
'2026-03-22 18:24:34,107,239
'2026-03-22 18:24:34,106,239
'2026-03-22 18:24:34,106,240
'2026-03-22 18:24:34,106,239
'2026-03-22 18:24:34,106,239
'2026-03-22 18:24:35,106,242
'2026-03-22 18:24:35,106,241
'2026-03-22 18:24:35,105,238
'2026-03-22 18:24:35,105,239
'2026-03-22 18:24:35,106,240
'2026-03-22 18:24:36,106,239
'2026-03-22 18:24:36,106,240
'2026-03-22 18:24:36,107,242
'2026-03-22 18:24:36,107,243
'2026-03-22 18:24:36,107,241
'2026-03-22 18:24:37,108,241
'2026-03-22 18:24:37,108,242
'2026-03-22 18:24:37,108,241
'2026-03-22 18:24:37,108,240
'2026-03-22 18:24:37,108,240
'2026-03-22 18:24:38,107,242
'2026-03-22 18:24:38,106,242
'2026-03-22 18:24:38,105,242
'2026-03-22 18:24:38,106,243
'2026-03-22 18:24:38,106,241
'2026-03-22 18:24:39,105,239
'2026-03-22 18:24:39,104,240
'2026-03-22 18:24:39,103,241
'2026-03-22 18:24:39,104,240
'2026-03-22 18:24:39,105,239
'2026-03-22 18:24:40,105,239
'2026-03-22 18:24:40,105,239
'2026-03-22 18:24:40,105,240
'2026-03-22 18:24:40,107,240
'2026-03-22 18:24:40,106,242
'2026-03-22 18:24:41,105,243
'2026-03-22 18:24:41,105,243
'2026-03-22 18:24:41,104,241
'2026-03-22 18:24:41,104,241
'2026-03-22 18:24:42,103,240
'2026-03-22 18:24:42,103,241
'2026-03-22 18:24:42,103,241
'2026-03-22 18:24:42,103,242
'2026-03-22 18:24:42,103,244
'2026-03-22 18:24:43,103,243
'2026-03-22 18:24:43,104,240
'2026-03-22 18:24:43,103,240
'2026-03-22 18:24:43,103,240
'2026-03-22 18:24:43,103,241
'2026-03-22 18:24:44,104,240
'2026-03-22 18:24:44,104,238
'2026-03-22 18:24:44,104,235
'2026-03-22 18:24:44,105,235
'2026-03-22 18:24:44,105,237
'2026-03-22 18:24:45,105,237
'2026-03-22 18:24:45,105,235
'2026-03-22 18:24:45,106,235
'2026-03-22 18:24:45,105,238
'2026-03-22 18:24:45,105,239
'2026-03-22 18:24:46,105,238
'2026-03-22 18:24:46,105,239
'2026-03-22 18:24:46,105,240
'2026-03-22 18:24:46,105,239
'2026-03-22 18:24:46,104,239
'2026-03-22 18:24:47,104,240
'2026-03-22 18:24:47,104,240
'2026-03-22 18:24:47,103,239
'2026-03-22 18:24:47,103,238
'2026-03-22 18:24:47,104,237
'2026-03-22 18:24:48,105,235
'2026-03-22 18:24:48,105,234
'2026-03-22 18:24:48,105,235
'2026-03-22 18:24:48,105,236
'2026-03-22 18:24:49,106,235
'2026-03-22 18:24:49,105,233
'2026-03-22 18:24:49,105,235
'2026-03-22 18:24:49,106,238
'2026-03-22 18:24:49,106,237
'2026-03-22 18:24:50,105,235
'2026-03-22 18:24:50,105,240
'2026-03-22 18:24:50,105,244
'2026-03-22 18:24:50,104,240
'2026-03-22 18:24:50,103,237
'2026-03-22 18:24:51,103,238
'2026-03-22 18:24:51,103,239
'2026-03-22 18:24:51,102,239
'2026-03-22 18:24:51,102,239
'2026-03-22 18:24:51,101,239
'2026-03-22 18:24:52,101,239
'2026-03-22 18:24:52,102,239
'2026-03-22 18:24:52,102,238
'2026-03-22 18:24:52,103,238
'2026-03-22 18:24:52,104,239
'2026-03-22 18:24:53,105,240
'2026-03-22 18:24:53,105,240
'2026-03-22 18:24:53,105,239
'2026-03-22 18:24:53,104,238
'2026-03-22 18:24:53,104,239
'2026-03-22 18:24:54,103,240
'2026-03-22 18:24:54,104,241
'2026-03-22 18:24:54,105,239
'2026-03-22 18:24:54,105,237
'2026-03-22 18:24:54,105,237
'2026-03-22 18:24:55,104,238
'2026-03-22 18:24:55,105,239
'2026-03-22 18:24:55,106,239
'2026-03-22 18:24:55,105,239
'2026-03-22 18:24:55,105,238
'2026-03-22 18:24:56,105,240
'2026-03-22 18:24:56,105,242
'2026-03-22 18:24:56,105,242
'2026-03-22 18:24:56,105,242
'2026-03-22 18:24:57,105,241
'2026-03-22 18:24:57,106,241
'2026-03-22 18:24:57,107,240
'2026-03-22 18:24:57,108,240
'2026-03-22 18:24:57,107,241
'2026-03-22 18:24:58,107,242
'2026-03-22 18:24:58,106,243
'2026-03-22 18:24:58,107,243
'2026-03-22 18:24:58,107,241
'2026-03-22 18:24:58,106,240
'2026-03-22 18:24:59,105,239
'2026-03-22 18:24:59,105,238
'2026-03-22 18:24:59,105,239
'2026-03-22 18:24:59,105,240
'2026-03-22 18:24:59,105,241
'2026-03-22 18:25:00,106,244
'2026-03-22 18:25:00,106,244
'2026-03-22 18:25:00,106,242
'2026-03-22 18:25:00,105,241
'2026-03-22 18:25:00,106,242
'2026-03-22 18:25:01,107,241
'2026-03-22 18:25:01,107,240
'2026-03-22 18:25:01,107,241
'2026-03-22 18:25:01,108,243
'2026-03-22 18:25:01,107,244
'2026-03-22 18:25:02,107,244
'2026-03-22 18:25:02,107,244
'2026-03-22 18:25:02,108,243
'2026-03-22 18:25:02,108,239
'2026-03-22 18:25:02,108,238
'2026-03-22 18:25:03,108,240
'2026-03-22 18:25:03,108,241
'2026-03-22 18:25:03,109,240
'2026-03-22 18:25:03,109,239
'2026-03-22 18:25:04,108,239
'2026-03-22 18:25:04,108,238
'2026-03-22 18:25:04,109,236
'2026-03-22 18:25:04,109,238
'2026-03-22 18:25:04,108,242
'2026-03-22 18:25:05,109,241
'2026-03-22 18:25:05,109,240
'2026-03-22 18:25:05,109,243
'2026-03-22 18:25:05,109,243
'2026-03-22 18:25:05,109,240
'2026-03-22 18:25:06,109,241
'2026-03-22 18:25:06,109,243
'2026-03-22 18:25:06,109,244
'2026-03-22 18:25:06,108,244
'2026-03-22 18:25:06,107,244
'2026-03-22 18:25:07,107,244
'2026-03-22 18:25:07,107,243
'2026-03-22 18:25:07,107,244
'2026-03-22 18:25:07,106,245
'2026-03-22 18:25:07,105,243
'2026-03-22 18:25:08,105,242
'2026-03-22 18:25:08,105,242
'2026-03-22 18:25:08,105,244
'2026-03-22 18:25:08,105,244
'2026-03-22 18:25:08,105,243
'2026-03-22 18:25:09,104,242
'2026-03-22 18:25:09,104,244
'2026-03-22 18:25:09,105,243
'2026-03-22 18:25:09,105,241
'2026-03-22 18:25:09,105,242
'2026-03-22 18:25:10,105,242
'2026-03-22 18:25:10,105,241
'2026-03-22 18:25:10,105,241
'2026-03-22 18:25:10,104,244
'2026-03-22 18:25:11,104,245
'2026-03-22 18:25:11,103,244
'2026-03-22 18:25:11,103,244
'2026-03-22 18:25:11,103,244
'2026-03-22 18:25:11,103,244
'2026-03-22 18:25:12,101,245
'2026-03-22 18:25:12,101,246
'2026-03-22 18:25:12,102,248
'2026-03-22 18:25:12,102,248
'2026-03-22 18:25:12,103,248
'2026-03-22 18:25:13,103,248
'2026-03-22 18:25:13,103,246
'2026-03-22 18:25:13,103,244
'2026-03-22 18:25:13,103,244
'2026-03-22 18:25:13,103,245
'2026-03-22 18:25:14,103,244
'2026-03-22 18:25:14,102,243
'2026-03-22 18:25:14,102,244
'2026-03-22 18:25:14,101,245
'2026-03-22 18:25:14,101,245
'2026-03-22 18:25:15,101,246
'2026-03-22 18:25:15,101,246
'2026-03-22 18:25:15,101,245
'2026-03-22 18:25:15,101,244
'2026-03-22 18:25:15,100,244
'2026-03-22 18:25:16,100,245
'2026-03-22 18:25:16,99,245
'2026-03-22 18:25:16,99,242
'2026-03-22 18:25:16,99,242
'2026-03-22 18:25:16,100,245
'2026-03-22 18:25:17,101,245
'2026-03-22 18:25:17,101,244
'2026-03-22 18:25:17,101,246
'2026-03-22 18:25:17,100,248
'2026-03-22 18:25:17,101,247
'2026-03-22 18:25:18,100,245
'2026-03-22 18:25:18,101,246
'2026-03-22 18:25:18,101,246
'2026-03-22 18:25:18,101,245
'2026-03-22 18:25:19,101,245
'2026-03-22 18:25:19,101,246
'2026-03-22 18:25:19,100,245
'2026-03-22 18:25:19,99,244
'2026-03-22 18:25:19,99,245
'2026-03-22 18:25:20,99,246
'2026-03-22 18:25:20,99,243
'2026-03-22 18:25:20,99,242
'2026-03-22 18:25:20,99,243
'2026-03-22 18:25:20,98,242
'2026-03-22 18:25:21,97,242
'2026-03-22 18:25:21,98,245
'2026-03-22 18:25:21,99,247
'2026-03-22 18:25:21,99,247
'2026-03-22 18:25:21,99,246
'2026-03-22 18:25:22,99,245
'2026-03-22 18:25:22,98,246
'2026-03-22 18:25:22,97,244
'2026-03-22 18:25:22,97,243
'2026-03-22 18:25:22,97,246
'2026-03-22 18:25:23,97,247
'2026-03-22 18:25:23,97,246
'2026-03-22 18:25:23,97,245
'2026-03-22 18:25:23,97,246
'2026-03-22 18:25:23,97,247
'2026-03-22 18:25:24,96,245
'2026-03-22 18:25:24,97,242
'2026-03-22 18:25:24,97,243
'2026-03-22 18:25:24,97,244
'2026-03-22 18:25:24,97,244
'2026-03-22 18:25:25,97,245
'2026-03-22 18:25:25,97,245
'2026-03-22 18:25:25,97,244
'2026-03-22 18:25:25,97,242
'2026-03-22 18:25:26,97,243
'2026-03-22 18:25:26,97,246
'2026-03-22 18:25:26,98,245
'2026-03-22 18:25:26,97,242
'2026-03-22 18:25:26,98,243
'2026-03-22 18:25:27,98,245
'2026-03-22 18:25:27,98,244
'2026-03-22 18:25:27,98,243
'2026-03-22 18:25:27,98,244
'2026-03-22 18:25:27,98,243
'2026-03-22 18:25:28,99,243
'2026-03-22 18:25:28,99,244
'2026-03-22 18:25:28,99,244
'2026-03-22 18:25:28,98,243
'2026-03-22 18:25:28,99,244
'2026-03-22 18:25:29,99,244
'2026-03-22 18:25:29,99,244
'2026-03-22 18:25:29,99,243
'2026-03-22 18:25:29,100,243
'2026-03-22 18:25:29,101,244
'2026-03-22 18:25:30,101,244
'2026-03-22 18:25:30,101,242
'2026-03-22 18:25:30,101,242
'2026-03-22 18:25:30,101,242
'2026-03-22 18:25:30,102,242
'2026-03-22 18:25:31,102,242
'2026-03-22 18:25:31,101,242
'2026-03-22 18:25:31,100,242
'2026-03-22 18:25:31,99,242
'2026-03-22 18:25:31,99,242
'2026-03-22 18:25:32,99,244
'2026-03-22 18:25:32,99,245
'2026-03-22 18:25:32,99,244
'2026-03-22 18:25:32,99,244
'2026-03-22 18:25:32,98,245
'2026-03-22 18:25:33,98,244
'2026-03-22 18:25:33,99,242
'2026-03-22 18:25:33,99,243
'2026-03-22 18:25:33,99,245
'2026-03-22 18:25:34,99,243
'2026-03-22 18:25:34,99,240
'2026-03-22 18:25:34,100,241
'2026-03-22 18:25:34,100,242
'2026-03-22 18:25:34,100,242
'2026-03-22 18:25:35,100,242
'2026-03-22 18:25:35,100,243
'2026-03-22 18:25:35,100,241
'2026-03-22 18:25:35,99,239
'2026-03-22 18:25:35,98,240
'2026-03-22 18:25:36,98,239
'2026-03-22 18:25:36,99,239
'2026-03-22 18:25:36,99,240
'2026-03-22 18:25:36,98,242
'2026-03-22 18:25:36,98,243
'2026-03-22 18:25:37,98,243
'2026-03-22 18:25:37,98,241
'2026-03-22 18:25:37,99,239
'2026-03-22 18:25:37,99,238
'2026-03-22 18:25:37,99,237
'2026-03-22 18:25:38,100,237
'2026-03-22 18:25:38,99,237
'2026-03-22 18:25:38,99,237
'2026-03-22 18:25:38,98,237
'2026-03-22 18:25:38,98,238
'2026-03-22 18:25:39,98,238
'2026-03-22 18:25:39,98,238
'2026-03-22 18:25:39,99,236
'2026-03-22 18:25:39,99,238
'2026-03-22 18:25:39,98,240
'2026-03-22 18:25:40,97,239
'2026-03-22 18:25:40,99,236
'2026-03-22 18:25:40,100,236
'2026-03-22 18:25:40,101,235
'2026-03-22 18:25:41,101,235
'2026-03-22 18:25:41,101,236
'2026-03-22 18:25:41,101,237
'2026-03-22 18:25:41,101,235
'2026-03-22 18:25:41,102,234
'2026-03-22 18:25:42,102,236
'2026-03-22 18:25:42,102,239
'2026-03-22 18:25:42,102,237
'2026-03-22 18:25:42,102,237
'2026-03-22 18:25:42,102,237
'2026-03-22 18:25:43,103,237
'2026-03-22 18:25:43,104,237
'2026-03-22 18:25:43,104,237
'2026-03-22 18:25:43,103,238
'2026-03-22 18:25:43,103,237
'2026-03-22 18:25:44,103,235
'2026-03-22 18:25:44,103,235
'2026-03-22 18:25:44,102,236
'2026-03-22 18:25:44,101,235
'2026-03-22 18:25:44,102,234
'2026-03-22 18:25:45,102,235
'2026-03-22 18:25:45,102,236
'2026-03-22 18:25:45,103,234
'2026-03-22 18:25:45,103,233
'2026-03-22 18:25:45,103,235
'2026-03-22 18:25:46,103,237
'2026-03-22 18:25:46,103,236
'2026-03-22 18:25:46,104,235
'2026-03-22 18:25:46,103,234
'2026-03-22 18:25:46,103,233
'2026-03-22 18:25:47,103,232
'2026-03-22 18:25:47,103,234
'2026-03-22 18:25:47,101,238
'2026-03-22 18:25:47,101,238
'2026-03-22 18:25:48,101,235
'2026-03-22 18:25:48,99,234
'2026-03-22 18:25:48,100,234
'2026-03-22 18:25:48,100,235
'2026-03-22 18:25:48,99,236
'2026-03-22 18:25:49,99,238
'2026-03-22 18:25:49,99,236
'2026-03-22 18:25:49,99,235
'2026-03-22 18:25:49,99,234
'2026-03-22 18:25:49,100,233
'2026-03-22 18:25:50,101,233
'2026-03-22 18:25:50,100,233
'2026-03-22 18:25:50,100,233
'2026-03-22 18:25:50,101,232
'2026-03-22 18:25:50,102,230
'2026-03-22 18:25:51,103,231
'2026-03-22 18:25:51,102,232
'2026-03-22 18:25:51,101,233
'2026-03-22 18:25:51,101,233
'2026-03-22 18:25:51,101,233
'2026-03-22 18:25:52,101,234
'2026-03-22 18:25:52,101,234
'2026-03-22 18:25:52,102,233
'2026-03-22 18:25:52,103,232
'2026-03-22 18:25:52,103,233
'2026-03-22 18:25:53,103,233
'2026-03-22 18:25:53,103,232
'2026-03-22 18:25:53,104,233
'2026-03-22 18:25:53,105,234
'2026-03-22 18:25:53,105,232
'2026-03-22 18:25:54,117,231
'2026-03-22 18:25:54,117,232
'2026-03-22 18:25:54,118,233
'2026-03-22 18:25:54,120,233
'2026-03-22 18:25:54,121,231
'2026-03-22 18:25:55,121,231
'2026-03-22 18:25:55,121,232
'2026-03-22 18:25:55,120,231
'2026-03-22 18:25:55,120,229
'2026-03-22 18:25:56,106,230
'2026-03-22 18:25:56,106,231
'2026-03-22 18:25:56,106,232
'2026-03-22 18:25:56,105,231
'2026-03-22 18:25:56,105,229
'2026-03-22 18:25:57,105,228
'2026-03-22 18:25:57,105,227
'2026-03-22 18:25:57,106,229
'2026-03-22 18:25:57,107,231
'2026-03-22 18:25:57,107,230
'2026-03-22 18:25:58,107,229
'2026-03-22 18:25:58,107,230
'2026-03-22 18:25:58,106,230
'2026-03-22 18:25:58,107,229
'2026-03-22 18:25:58,107,229
'2026-03-22 18:25:59,108,229
'2026-03-22 18:25:59,108,231
'2026-03-22 18:25:59,109,231
'2026-03-22 18:25:59,109,229
'2026-03-22 18:25:59,109,231
'2026-03-22 18:26:00,109,230
'2026-03-22 18:26:00,108,227
'2026-03-22 18:26:00,108,226
'2026-03-22 18:26:00,108,227
'2026-03-22 18:26:00,108,226
'2026-03-22 18:26:01,108,228
'2026-03-22 18:26:01,108,231
'2026-03-22 18:26:01,108,231
'2026-03-22 18:26:01,108,228
'2026-03-22 18:26:01,109,229
'2026-03-22 18:26:02,110,231
'2026-03-22 18:26:02,109,230
'2026-03-22 18:26:02,109,228
'2026-03-22 18:26:02,109,229
'2026-03-22 18:26:03,110,229
'2026-03-22 18:26:03,110,228
'2026-03-22 18:26:03,111,229
'2026-03-22 18:26:03,112,232
'2026-03-22 18:26:03,112,232
'2026-03-22 18:26:04,112,230
'2026-03-22 18:26:04,112,230
'2026-03-22 18:26:04,111,232
'2026-03-22 18:26:04,110,231
'2026-03-22 18:26:04,110,229
'2026-03-22 18:26:05,110,230
'2026-03-22 18:26:05,110,231
'2026-03-22 18:26:05,110,231
'2026-03-22 18:26:05,110,229
'2026-03-22 18:26:05,110,229
'2026-03-22 18:26:06,110,230
'2026-03-22 18:26:06,110,228
'2026-03-22 18:26:06,110,226
'2026-03-22 18:26:06,110,228
'2026-03-22 18:26:06,110,229
'2026-03-22 18:26:07,110,228
'2026-03-22 18:26:07,110,228
'2026-03-22 18:26:07,110,229
'2026-03-22 18:26:07,109,230
'2026-03-22 18:26:07,109,230
'2026-03-22 18:26:08,109,229
'2026-03-22 18:26:08,108,227
'2026-03-22 18:26:08,106,227
'2026-03-22 18:26:08,106,228
'2026-03-22 18:26:08,107,230
'2026-03-22 18:26:09,106,230
'2026-03-22 18:26:09,106,230
'2026-03-22 18:26:09,106,229
'2026-03-22 18:26:09,107,229
'2026-03-22 18:26:09,108,230
'2026-03-22 18:26:10,108,229
'2026-03-22 18:26:10,107,228
'2026-03-22 18:26:10,106,229
'2026-03-22 18:26:10,106,228
'2026-03-22 18:26:11,107,227
'2026-03-22 18:26:11,107,228
'2026-03-22 18:26:11,107,228
'2026-03-22 18:26:11,106,227
'2026-03-22 18:26:11,106,228
'2026-03-22 18:26:12,106,229
'2026-03-22 18:26:12,106,229
'2026-03-22 18:26:12,106,229
'2026-03-22 18:26:12,106,229
'2026-03-22 18:26:12,106,231
'2026-03-22 18:26:13,106,234
'2026-03-22 18:26:13,106,233
'2026-03-22 18:26:13,106,232
'2026-03-22 18:26:13,106,233
'2026-03-22 18:26:13,106,234
'2026-03-22 18:26:14,107,231
'2026-03-22 18:26:14,107,231
'2026-03-22 18:26:14,107,234
'2026-03-22 18:26:14,108,233
'2026-03-22 18:26:14,109,231
'2026-03-22 18:26:15,110,232
'2026-03-22 18:26:15,110,233
'2026-03-22 18:26:15,110,234
'2026-03-22 18:26:15,110,233
'2026-03-22 18:26:15,110,233
'2026-03-22 18:26:16,110,233
'2026-03-22 18:26:16,110,231
'2026-03-22 18:26:16,110,229
'2026-03-22 18:26:16,110,230
'2026-03-22 18:26:16,110,229
'2026-03-22 18:26:17,110,231
'2026-03-22 18:26:17,110,232
'2026-03-22 18:26:17,109,231
'2026-03-22 18:26:17,108,230
'2026-03-22 18:26:18,108,230
'2026-03-22 18:26:18,107,231
'2026-03-22 18:26:18,107,233
'2026-03-22 18:26:18,108,233
'2026-03-22 18:26:18,108,232
'2026-03-22 18:26:19,108,234
'2026-03-22 18:26:19,108,233
'2026-03-22 18:26:19,108,232
'2026-03-22 18:26:19,109,232
'2026-03-22 18:26:19,110,234
'2026-03-22 18:26:20,110,235
'2026-03-22 18:26:20,110,235
'2026-03-22 18:26:20,109,235
'2026-03-22 18:26:20,109,234
'2026-03-22 18:26:20,109,232
'2026-03-22 18:26:21,108,232
'2026-03-22 18:26:21,108,233
'2026-03-22 18:26:21,108,233
'2026-03-22 18:26:21,107,232
'2026-03-22 18:26:21,107,234
'2026-03-22 18:26:22,107,234
'2026-03-22 18:26:22,107,232
'2026-03-22 18:26:22,107,231
'2026-03-22 18:26:22,108,233
'2026-03-22 18:26:22,109,235
'2026-03-22 18:26:23,109,235
'2026-03-22 18:26:23,109,235
'2026-03-22 18:26:23,110,235
'2026-03-22 18:26:23,110,236
'2026-03-22 18:26:23,109,234
'2026-03-22 18:26:24,109,233
'2026-03-22 18:26:24,109,233
'2026-03-22 18:26:24,110,234
'2026-03-22 18:26:24,110,232
'2026-03-22 18:26:24,110,231
'2026-03-22 18:26:25,108,234
'2026-03-22 18:26:25,108,236
'2026-03-22 18:26:25,107,234
'2026-03-22 18:26:25,107,234
'2026-03-22 18:26:26,108,235
'2026-03-22 18:26:26,108,234
'2026-03-22 18:26:26,108,233
'2026-03-22 18:26:26,108,234
'2026-03-22 18:26:26,109,234
'2026-03-22 18:26:27,109,233
'2026-03-22 18:26:27,108,233
'2026-03-22 18:26:27,107,236
'2026-03-22 18:26:27,107,237
'2026-03-22 18:26:27,106,234
'2026-03-22 18:26:28,106,232
'2026-03-22 18:26:28,106,235
'2026-03-22 18:26:28,106,237
'2026-03-22 18:26:28,106,237
'2026-03-22 18:26:28,106,237
'2026-03-22 18:26:29,106,237
'2026-03-22 18:26:29,106,236
'2026-03-22 18:26:29,106,235
'2026-03-22 18:26:29,106,236
'2026-03-22 18:26:29,108,237
'2026-03-22 18:26:30,109,236
'2026-03-22 18:26:30,109,238
'2026-03-22 18:26:30,109,240
'2026-03-22 18:26:30,110,240
'2026-03-22 18:26:30,110,238
'2026-03-22 18:26:31,110,238
'2026-03-22 18:26:31,112,238
'2026-03-22 18:26:31,113,237
'2026-03-22 18:26:31,113,234
'2026-03-22 18:26:31,114,233
'2026-03-22 18:26:32,114,235
'2026-03-22 18:26:32,114,236
'2026-03-22 18:26:32,114,233
'2026-03-22 18:26:32,114,233
'2026-03-22 18:26:33,113,234
'2026-03-22 18:26:33,113,233
'2026-03-22 18:26:33,114,233
'2026-03-22 18:26:33,114,234
'2026-03-22 18:26:33,115,234
'2026-03-22 18:26:34,115,236
'2026-03-22 18:26:34,116,237
'2026-03-22 18:26:34,116,239
'2026-03-22 18:26:34,116,240
'2026-03-22 18:26:34,115,238
'2026-03-22 18:26:35,114,237
'2026-03-22 18:26:35,115,238
'2026-03-22 18:26:35,115,237
'2026-03-22 18:26:35,114,235
'2026-03-22 18:26:35,114,235
'2026-03-22 18:26:36,115,236
'2026-03-22 18:26:36,113,235
'2026-03-22 18:26:36,112,234
'2026-03-22 18:26:36,112,233
'2026-03-22 18:26:36,112,234
'2026-03-22 18:26:37,111,236
'2026-03-22 18:26:37,110,238
'2026-03-22 18:26:37,110,237
'2026-03-22 18:26:37,108,235
'2026-03-22 18:26:37,108,234
'2026-03-22 18:26:38,107,235
'2026-03-22 18:26:38,106,236
'2026-03-22 18:26:38,106,236
'2026-03-22 18:26:38,107,234
'2026-03-22 18:26:38,108,235
'2026-03-22 18:26:39,107,237
'2026-03-22 18:26:39,106,237
'2026-03-22 18:26:39,107,237
'2026-03-22 18:26:39,107,239
'2026-03-22 18:26:39,107,239
'2026-03-22 18:26:40,107,239
'2026-03-22 18:26:40,106,239
'2026-03-22 18:26:40,106,239
'2026-03-22 18:26:40,106,238
'2026-03-22 18:26:41,106,238
'2026-03-22 18:26:41,105,237
'2026-03-22 18:26:41,104,238
'2026-03-22 18:26:41,104,237
'2026-03-22 18:26:41,103,235
'2026-03-22 18:26:42,104,235
'2026-03-22 18:26:42,105,236
'2026-03-22 18:26:42,104,236
'2026-03-22 18:26:42,104,235
'2026-03-22 18:26:42,105,235
'2026-03-22 18:26:43,105,235
'2026-03-22 18:26:43,105,236
'2026-03-22 18:26:43,105,236
'2026-03-22 18:26:43,105,236
'2026-03-22 18:26:43,105,237
'2026-03-22 18:26:44,105,237
'2026-03-22 18:26:44,104,237
'2026-03-22 18:26:44,103,238
'2026-03-22 18:26:44,103,239
'2026-03-22 18:26:44,104,239
'2026-03-22 18:26:45,103,239
'2026-03-22 18:26:45,103,239
'2026-03-22 18:26:45,103,240
'2026-03-22 18:26:45,103,240
'2026-03-22 18:26:45,102,239
'2026-03-22 18:26:46,101,238
'2026-03-22 18:26:46,101,238
'2026-03-22 18:26:46,101,240
'2026-03-22 18:26:46,101,240
'2026-03-22 18:26:46,100,237
'2026-03-22 18:26:47,100,236
'2026-03-22 18:26:47,99,238
'2026-03-22 18:26:47,100,239
'2026-03-22 18:26:47,101,237
'2026-03-22 18:26:48,101,236
'2026-03-22 18:26:48,101,237
'2026-03-22 18:26:48,101,240
'2026-03-22 18:26:48,101,241
'2026-03-22 18:26:48,102,240
'2026-03-22 18:26:49,102,240
'2026-03-22 18:26:49,102,241
'2026-03-22 18:26:49,101,242
'2026-03-22 18:26:49,102,243
'2026-03-22 18:26:49,103,243
'2026-03-22 18:26:50,102,242
'2026-03-22 18:26:50,101,241
'2026-03-22 18:26:50,101,241
'2026-03-22 18:26:50,101,242
'2026-03-22 18:26:50,102,241
'2026-03-22 18:26:51,102,238
'2026-03-22 18:26:51,102,238
'2026-03-22 18:26:51,102,240
'2026-03-22 18:26:51,102,242
'2026-03-22 18:26:51,103,242
'2026-03-22 18:26:52,103,242
'2026-03-22 18:26:52,104,243
'2026-03-22 18:26:52,105,241
'2026-03-22 18:26:52,105,238
'2026-03-22 18:26:52,104,239
'2026-03-22 18:26:53,103,241
'2026-03-22 18:26:53,103,241
'2026-03-22 18:26:53,103,242
'2026-03-22 18:26:53,103,242
'2026-03-22 18:26:53,103,241
'2026-03-22 18:26:54,103,241
'2026-03-22 18:26:54,104,243
'2026-03-22 18:26:54,105,243
'2026-03-22 18:26:54,105,242
'2026-03-22 18:26:54,104,239
'2026-03-22 18:26:55,104,240
'2026-03-22 18:26:55,104,242
'2026-03-22 18:26:55,105,243
'2026-03-22 18:26:55,105,243
'2026-03-22 18:26:56,105,243
'2026-03-22 18:26:56,105,242
'2026-03-22 18:26:56,105,242
'2026-03-22 18:26:56,105,241
'2026-03-22 18:26:56,105,240
'2026-03-22 18:26:57,105,238
'2026-03-22 18:26:57,106,238
'2026-03-22 18:26:57,106,239
'2026-03-22 18:26:57,106,238
'2026-03-22 18:26:57,106,236
'2026-03-22 18:26:58,106,235
'2026-03-22 18:26:58,106,238
'2026-03-22 18:26:58,106,238
'2026-03-22 18:26:58,105,237
'2026-03-22 18:26:58,105,238
'2026-03-22 18:26:59,105,241
'2026-03-22 18:26:59,105,241
'2026-03-22 18:26:59,105,241
'2026-03-22 18:26:59,105,240
'2026-03-22 18:26:59,105,242
'2026-03-22 18:27:00,105,244
'2026-03-22 18:27:00,105,244
'2026-03-22 18:27:00,105,244
'2026-03-22 18:27:00,105,244
'2026-03-22 18:27:00,105,242
'2026-03-22 18:27:01,105,241
'2026-03-22 18:27:01,105,243
'2026-03-22 18:27:01,105,245
'2026-03-22 18:27:01,105,241
'2026-03-22 18:27:01,105,237
'2026-03-22 18:27:02,104,237
'2026-03-22 18:27:02,103,240
'2026-03-22 18:27:02,103,240
'2026-03-22 18:27:02,103,239
'2026-03-22 18:27:03,103,239
'2026-03-22 18:27:03,103,237
'2026-03-22 18:27:03,103,237
'2026-03-22 18:27:03,103,240
'2026-03-22 18:27:03,103,241
'2026-03-22 18:27:04,103,239
'2026-03-22 18:27:04,103,239
'2026-03-22 18:27:04,103,241
'2026-03-22 18:27:04,102,240
'2026-03-22 18:27:04,102,238
'2026-03-22 18:27:05,102,237
'2026-03-22 18:27:05,102,240
'2026-03-22 18:27:05,103,241
'2026-03-22 18:27:05,103,241
'2026-03-22 18:27:05,103,241
'2026-03-22 18:27:06,103,242
'2026-03-22 18:27:06,101,242
'2026-03-22 18:27:06,101,243
'2026-03-22 18:27:06,101,244
'2026-03-22 18:27:06,100,243
'2026-03-22 18:27:07,101,242
'2026-03-22 18:27:07,101,242
'2026-03-22 18:27:07,101,243
'2026-03-22 18:27:07,102,243
'2026-03-22 18:27:07,103,243
'2026-03-22 18:27:08,103,242
'2026-03-22 18:27:08,102,243
'2026-03-22 18:27:08,102,242
'2026-03-22 18:27:08,102,241
'2026-03-22 18:27:08,102,242
'2026-03-22 18:27:09,102,244
'2026-03-22 18:27:09,102,243
'2026-03-22 18:27:09,101,242
'2026-03-22 18:27:09,101,242
'2026-03-22 18:27:10,101,244
'2026-03-22 18:27:10,101,244
'2026-03-22 18:27:10,100,241
'2026-03-22 18:27:10,100,241
'2026-03-22 18:27:10,101,242
'2026-03-22 18:27:11,101,242
'2026-03-22 18:27:11,101,244
'2026-03-22 18:27:11,100,246
'2026-03-22 18:27:11,101,245
'2026-03-22 18:27:11,101,243
'2026-03-22 18:27:12,101,242
'2026-03-22 18:27:12,100,244
'2026-03-22 18:27:12,100,244
'2026-03-22 18:27:12,101,242
'2026-03-22 18:27:12,101,240
'2026-03-22 18:27:13,101,239
'2026-03-22 18:27:13,101,238
'2026-03-22 18:27:13,101,237
'2026-03-22 18:27:13,101,238
'2026-03-22 18:27:13,100,239
'2026-03-22 18:27:14,99,238
'2026-03-22 18:27:14,99,239
'2026-03-22 18:27:14,99,244
'2026-03-22 18:27:14,99,245
'2026-03-22 18:27:14,99,243
'2026-03-22 18:27:15,99,241
'2026-03-22 18:27:15,98,242
'2026-03-22 18:27:15,98,242
'2026-03-22 18:27:15,99,241
'2026-03-22 18:27:15,99,241
'2026-03-22 18:27:16,99,242
'2026-03-22 18:27:16,99,241
'2026-03-22 18:27:16,99,240
'2026-03-22 18:27:16,99,241
'2026-03-22 18:27:16,100,243
'2026-03-22 18:27:17,100,245
'2026-03-22 18:27:17,99,244
'2026-03-22 18:27:17,99,244
'2026-03-22 18:27:17,100,243
'2026-03-22 18:27:18,100,243
'2026-03-22 18:27:18,100,244
'2026-03-22 18:27:18,100,245
'2026-03-22 18:27:18,99,245
'2026-03-22 18:27:18,97,244
'2026-03-22 18:27:19,97,244
'2026-03-22 18:27:19,97,244
'2026-03-22 18:27:19,99,244
'2026-03-22 18:27:19,99,243
'2026-03-22 18:27:19,98,243
'2026-03-22 18:27:20,99,243
'2026-03-22 18:27:20,99,243
'2026-03-22 18:27:20,98,243
'2026-03-22 18:27:20,99,244
'2026-03-22 18:27:20,99,243
'2026-03-22 18:27:21,100,243
'2026-03-22 18:27:21,101,245
'2026-03-22 18:27:21,102,246
'2026-03-22 18:27:21,102,245
'2026-03-22 18:27:21,101,244
'2026-03-22 18:27:22,101,245
'2026-03-22 18:27:22,101,246
'2026-03-22 18:27:22,101,244
'2026-03-22 18:27:22,101,243
'2026-03-22 18:27:22,101,245
'2026-03-22 18:27:23,101,244
'2026-03-22 18:27:23,101,240
'2026-03-22 18:27:23,100,241
'2026-03-22 18:27:23,99,243
'2026-03-22 18:27:23,99,244
'2026-03-22 18:27:24,99,244
'2026-03-22 18:27:24,101,244
'2026-03-22 18:27:24,101,243
'2026-03-22 18:27:24,101,243
'2026-03-22 18:27:25,101,244
'2026-03-22 18:27:25,101,246
'2026-03-22 18:27:25,101,247
'2026-03-22 18:27:25,101,246
'2026-03-22 18:27:25,101,246
'2026-03-22 18:27:26,101,248
'2026-03-22 18:27:26,101,249
'2026-03-22 18:27:26,101,246
'2026-03-22 18:27:26,101,245
'2026-03-22 18:27:26,99,246
'2026-03-22 18:27:27,99,246
'2026-03-22 18:27:27,99,246
'2026-03-22 18:27:27,99,245
'2026-03-22 18:27:27,99,246
'2026-03-22 18:27:27,99,246
'2026-03-22 18:27:28,99,246
'2026-03-22 18:27:28,99,247
'2026-03-22 18:27:28,99,248
'2026-03-22 18:27:28,99,247
'2026-03-22 18:27:28,98,247
'2026-03-22 18:27:29,99,247
'2026-03-22 18:27:29,99,247
'2026-03-22 18:27:29,99,248
'2026-03-22 18:27:29,98,249
'2026-03-22 18:27:29,99,249
'2026-03-22 18:27:30,99,249
'2026-03-22 18:27:30,99,248
'2026-03-22 18:27:30,99,249
'2026-03-22 18:27:30,98,250
'2026-03-22 18:27:30,98,249
'2026-03-22 18:27:31,99,247
'2026-03-22 18:27:31,99,247
'2026-03-22 18:27:31,99,249
'2026-03-22 18:27:31,99,249
'2026-03-22 18:27:31,99,251
'2026-03-22 18:27:32,99,252
'2026-03-22 18:27:32,99,252
'2026-03-22 18:27:32,99,250
'2026-03-22 18:27:32,100,248
'2026-03-22 18:27:33,101,248
'2026-03-22 18:27:33,102,249
'2026-03-22 18:27:33,102,247
'2026-03-22 18:27:33,103,245
'2026-03-22 18:27:33,103,247
'2026-03-22 18:27:34,103,248
'2026-03-22 18:27:34,102,246
'2026-03-22 18:27:34,103,246
'2026-03-22 18:27:34,103,249
'2026-03-22 18:27:34,103,249
'2026-03-22 18:27:35,103,249
'2026-03-22 18:27:35,101,250
'2026-03-22 18:27:35,100,251
'2026-03-22 18:27:35,99,251
'2026-03-22 18:27:35,100,251
'2026-03-22 18:27:36,100,252
'2026-03-22 18:27:36,99,251
'2026-03-22 18:27:36,100,249
'2026-03-22 18:27:36,101,248
'2026-03-22 18:27:36,102,247
'2026-03-22 18:27:37,102,244
'2026-03-22 18:27:37,101,243
'2026-03-22 18:27:37,101,245
'2026-03-22 18:27:37,101,247
'2026-03-22 18:27:37,101,246
'2026-03-22 18:27:38,102,245
'2026-03-22 18:27:38,103,247
'2026-03-22 18:27:38,103,248
'2026-03-22 18:27:38,103,248
'2026-03-22 18:27:38,102,246
'2026-03-22 18:27:39,101,246
'2026-03-22 18:27:39,99,246
'2026-03-22 18:27:39,99,246
'2026-03-22 18:27:39,99,246
'2026-03-22 18:27:40,99,248
'2026-03-22 18:27:40,99,250
'2026-03-22 18:27:40,100,250
'2026-03-22 18:27:40,99,252
'2026-03-22 18:27:40,98,255
'2026-03-22 18:27:41,98,252
'2026-03-22 18:27:41,99,249
'2026-03-22 18:27:41,99,251
'2026-03-22 18:27:41,101,253
'2026-03-22 18:27:41,101,252
'2026-03-22 18:27:42,101,252
'2026-03-22 18:27:42,101,254
'2026-03-22 18:27:42,101,255
'2026-03-22 18:27:42,101,253
'2026-03-22 18:27:42,101,250
'2026-03-22 18:27:43,100,249
'2026-03-22 18:27:43,100,250
'2026-03-22 18:27:43,99,249
'2026-03-22 18:27:43,99,250
'2026-03-22 18:27:43,98,252
'2026-03-22 18:27:44,98,252
'2026-03-22 18:27:44,99,251
'2026-03-22 18:27:44,99,251
'2026-03-22 18:27:44,99,252
'2026-03-22 18:27:44,100,252
'2026-03-22 18:27:45,100,253
'2026-03-22 18:27:45,100,254
'2026-03-22 18:27:45,100,253
'2026-03-22 18:27:45,101,252
'2026-03-22 18:27:45,101,253
'2026-03-22 18:27:46,101,255
'2026-03-22 18:27:46,101,254
'2026-03-22 18:27:46,101,253
'2026-03-22 18:27:46,100,255
'2026-03-22 18:27:46,99,257
'2026-03-22 18:27:47,99,255
'2026-03-22 18:27:47,99,255
'2026-03-22 18:27:47,98,259
'2026-03-22 18:27:47,98,260
'2026-03-22 18:27:48,99,256
'2026-03-22 18:27:48,99,254
'2026-03-22 18:27:48,99,255
'2026-03-22 18:27:48,99,255
'2026-03-22 18:27:48,99,256
'2026-03-22 18:27:49,99,257
'2026-03-22 18:27:49,99,257
'2026-03-22 18:27:49,99,256
'2026-03-22 18:27:49,99,255
'2026-03-22 18:27:49,100,256
'2026-03-22 18:27:50,100,257
'2026-03-22 18:27:50,99,255
'2026-03-22 18:27:50,99,256
'2026-03-22 18:27:50,99,258
'2026-03-22 18:27:50,99,259
'2026-03-22 18:27:51,99,258
'2026-03-22 18:27:51,98,257
'2026-03-22 18:27:51,99,259
'2026-03-22 18:27:51,99,260
'2026-03-22 18:27:51,99,257
'2026-03-22 18:27:52,98,255
'2026-03-22 18:27:52,98,256
'2026-03-22 18:27:52,98,259
'2026-03-22 18:27:52,98,259
'2026-03-22 18:27:52,97,259
'2026-03-22 18:27:53,97,260
'2026-03-22 18:27:53,98,259
'2026-03-22 18:27:53,99,258
'2026-03-22 18:27:53,99,258
'2026-03-22 18:27:53,99,258
'2026-03-22 18:27:54,99,258
'2026-03-22 18:27:54,99,257
'2026-03-22 18:27:54,99,259
'2026-03-22 18:27:54,99,261
'2026-03-22 18:27:55,99,259
'2026-03-22 18:27:55,98,256
'2026-03-22 18:27:55,98,257
'2026-03-22 18:27:55,98,258
'2026-03-22 18:27:55,98,257
'2026-03-22 18:27:56,107,258
'2026-03-22 18:27:56,107,260
'2026-03-22 18:27:56,107,261
'2026-03-22 18:27:56,106,260
'2026-03-22 18:27:56,106,261
'2026-03-22 18:27:57,107,261
'2026-03-22 18:27:57,107,261
'2026-03-22 18:27:57,109,262
'2026-03-22 18:27:57,108,263
'2026-03-22 18:27:57,107,263
'2026-03-22 18:27:58,106,264
'2026-03-22 18:27:58,106,265
'2026-03-22 18:27:58,107,265
'2026-03-22 18:27:58,107,263
'2026-03-22 18:27:58,107,260
'2026-03-22 18:27:59,107,259
'2026-03-22 18:27:59,107,260
'2026-03-22 18:27:59,105,258
'2026-03-22 18:27:59,104,254
'2026-03-22 18:27:59,104,252
'2026-03-22 18:28:00,104,252
'2026-03-22 18:28:00,104,251
'2026-03-22 18:28:00,104,249
'2026-03-22 18:28:00,102,252
'2026-03-22 18:28:00,101,256
'2026-03-22 18:28:01,101,256
'2026-03-22 18:28:01,103,254
'2026-03-22 18:28:01,103,254
'2026-03-22 18:28:01,103,254
'2026-03-22 18:28:02,103,251
'2026-03-22 18:28:02,103,249
'2026-03-22 18:28:02,105,250
