Timestamp_Beijing,HR,GSR,HR_Baseline,GSR_Baseline
'2026-03-19 16:35:24,75,352,70.69673295,309.1796875
'2026-03-19 16:35:24,75,350,,
'2026-03-19 16:35:24,75,353,,
'2026-03-19 16:35:24,75,350,,
'2026-03-19 16:35:24,75,349,,
'2026-03-19 16:35:25,75,347,,
'2026-03-19 16:35:25,74,347,,
'2026-03-19 16:35:25,74,347,,
'2026-03-19 16:35:25,74,345,,
'2026-03-19 16:35:25,74,345,,
'2026-03-19 16:35:26,73,346,,
'2026-03-19 16:35:26,73,347,,
'2026-03-19 16:35:26,73,345,,
'2026-03-19 16:35:26,73,345,,
'2026-03-19 16:35:26,73,341,,
'2026-03-19 16:35:27,73,340,,
'2026-03-19 16:35:27,73,335,,
'2026-03-19 16:35:27,73,333,,
'2026-03-19 16:35:27,73,333,,
'2026-03-19 16:35:27,73,338,,
'2026-03-19 16:35:28,73,337,,
'2026-03-19 16:35:28,73,336,,
'2026-03-19 16:35:28,73,337,,
'2026-03-19 16:35:28,72,340,,
'2026-03-19 16:35:29,72,339,,
'2026-03-19 16:35:29,72,340,,
'2026-03-19 16:35:29,72,341,,
'2026-03-19 16:35:29,71,347,,
'2026-03-19 16:35:29,71,346,,
'2026-03-19 16:35:30,71,344,,
'2026-03-19 16:35:30,71,344,,
'2026-03-19 16:35:30,71,346,,
'2026-03-19 16:35:30,70,353,,
'2026-03-19 16:35:30,70,348,,
'2026-03-19 16:35:31,70,347,,
'2026-03-19 16:35:31,70,347,,
'2026-03-19 16:35:31,70,352,,
'2026-03-19 16:35:31,70,347,,
'2026-03-19 16:35:31,70,347,,
'2026-03-19 16:35:32,70,348,,
'2026-03-19 16:35:32,69,350,,
'2026-03-19 16:35:32,69,350,,
'2026-03-19 16:35:32,69,347,,
'2026-03-19 16:35:32,69,346,,
'2026-03-19 16:35:33,68,346,,
'2026-03-19 16:35:33,68,352,,
'2026-03-19 16:35:33,68,346,,
'2026-03-19 16:35:33,68,344,,
'2026-03-19 16:35:33,68,341,,
'2026-03-19 16:35:34,68,349,,
'2026-03-19 16:35:34,68,343,,
'2026-03-19 16:35:34,68,338,,
'2026-03-19 16:35:34,70,338,,
'2026-03-19 16:35:34,70,339,,
'2026-03-19 16:35:35,70,335,,
'2026-03-19 16:35:35,70,335,,
'2026-03-19 16:35:35,70,342,,
'2026-03-19 16:35:35,70,336,,
'2026-03-19 16:35:36,70,335,,
'2026-03-19 16:35:36,71,335,,
'2026-03-19 16:35:36,71,342,,
'2026-03-19 16:35:36,71,339,,
'2026-03-19 16:35:36,71,337,,
'2026-03-19 16:35:37,71,338,,
'2026-03-19 16:35:37,71,341,,
'2026-03-19 16:35:37,71,337,,
'2026-03-19 16:35:37,71,337,,
'2026-03-19 16:35:37,72,340,,
'2026-03-19 16:35:38,72,343,,
'2026-03-19 16:35:38,72,338,,
'2026-03-19 16:35:38,72,336,,
'2026-03-19 16:35:38,72,337,,
'2026-03-19 16:35:38,73,343,,
'2026-03-19 16:35:39,73,336,,
'2026-03-19 16:35:39,73,336,,
'2026-03-19 16:35:39,73,335,,
'2026-03-19 16:35:39,72,340,,
'2026-03-19 16:35:39,72,340,,
'2026-03-19 16:35:40,72,336,,
'2026-03-19 16:35:40,72,336,,
'2026-03-19 16:35:40,72,336,,
'2026-03-19 16:35:40,72,342,,
'2026-03-19 16:35:40,72,340,,
'2026-03-19 16:35:41,72,338,,
'2026-03-19 16:35:41,72,336,,
'2026-03-19 16:35:41,72,345,,
'2026-03-19 16:35:41,72,334,,
'2026-03-19 16:35:41,72,336,,
'2026-03-19 16:35:42,72,330,,
'2026-03-19 16:35:42,72,333,,
'2026-03-19 16:35:42,72,325,,
'2026-03-19 16:35:42,72,324,,
'2026-03-19 16:35:42,72,321,,
'2026-03-19 16:35:43,72,328,,
'2026-03-19 16:35:43,72,328,,
'2026-03-19 16:35:43,72,329,,
'2026-03-19 16:35:43,72,333,,
'2026-03-19 16:35:44,72,338,,
'2026-03-19 16:35:44,72,333,,
'2026-03-19 16:35:44,72,333,,
'2026-03-19 16:35:44,71,336,,
'2026-03-19 16:35:44,71,341,,
'2026-03-19 16:35:45,71,338,,
'2026-03-19 16:35:45,71,337,,
'2026-03-19 16:35:45,71,338,,
'2026-03-19 16:35:45,70,347,,
'2026-03-19 16:35:45,70,341,,
'2026-03-19 16:35:46,70,338,,
'2026-03-19 16:35:46,70,340,,
'2026-03-19 16:35:46,70,346,,
'2026-03-19 16:35:46,70,345,,
'2026-03-19 16:35:46,70,342,,
'2026-03-19 16:35:47,70,340,,
'2026-03-19 16:35:47,69,342,,
'2026-03-19 16:35:47,69,350,,
'2026-03-19 16:35:47,69,345,,
'2026-03-19 16:35:47,69,344,,
'2026-03-19 16:35:48,69,345,,
'2026-03-19 16:35:48,69,347,,
'2026-03-19 16:35:48,69,349,,
'2026-03-19 16:35:48,69,344,,
'2026-03-19 16:35:48,69,342,,
'2026-03-19 16:35:49,69,339,,
'2026-03-19 16:35:49,68,343,,
'2026-03-19 16:35:49,68,342,,
'2026-03-19 16:35:49,68,339,,
'2026-03-19 16:35:49,68,339,,
'2026-03-19 16:35:50,68,338,,
'2026-03-19 16:35:50,67,342,,
'2026-03-19 16:35:50,67,338,,
'2026-03-19 16:35:50,67,337,,
'2026-03-19 16:35:51,67,336,,
'2026-03-19 16:35:51,67,337,,
'2026-03-19 16:35:51,66,343,,
'2026-03-19 16:35:51,66,337,,
'2026-03-19 16:35:51,66,338,,
'2026-03-19 16:35:52,66,338,,
'2026-03-19 16:35:52,65,342,,
'2026-03-19 16:35:52,65,341,,
'2026-03-19 16:35:52,65,341,,
'2026-03-19 16:35:52,65,339,,
'2026-03-19 16:35:53,65,342,,
'2026-03-19 16:35:53,65,344,,
'2026-03-19 16:35:53,65,341,,
'2026-03-19 16:35:53,65,338,,
'2026-03-19 16:35:53,65,337,,
'2026-03-19 16:35:54,64,344,,
'2026-03-19 16:35:54,64,338,,
'2026-03-19 16:35:54,64,334,,
'2026-03-19 16:35:54,64,335,,
'2026-03-19 16:35:54,63,335,,
'2026-03-19 16:35:55,63,341,,
'2026-03-19 16:35:55,63,334,,
'2026-03-19 16:35:55,63,333,,
'2026-03-19 16:35:55,63,331,,
'2026-03-19 16:35:55,64,335,,
'2026-03-19 16:35:56,64,326,,
'2026-03-19 16:35:56,64,324,,
'2026-03-19 16:35:56,64,324,,
'2026-03-19 16:35:56,64,331,,
'2026-03-19 16:35:56,64,324,,
'2026-03-19 16:35:57,64,322,,
'2026-03-19 16:35:57,64,325,,
'2026-03-19 16:35:57,66,333,,
'2026-03-19 16:35:57,66,332,,
'2026-03-19 16:35:57,66,334,,
'2026-03-19 16:35:58,67,339,,
'2026-03-19 16:35:58,67,342,,
'2026-03-19 16:35:58,67,345,,
'2026-03-19 16:35:58,67,348,,
'2026-03-19 16:35:59,70,356,,
'2026-03-19 16:35:59,70,350,,
'2026-03-19 16:35:59,70,349,,
'2026-03-19 16:35:59,72,350,,
'2026-03-19 16:35:59,72,352,,
'2026-03-19 16:36:00,72,351,,
'2026-03-19 16:36:00,72,351,,
'2026-03-19 16:36:00,73,362,,
'2026-03-19 16:36:00,73,363,,
'2026-03-19 16:36:00,73,359,,
'2026-03-19 16:36:01,74,359,,
'2026-03-19 16:36:01,74,366,,
'2026-03-19 16:36:01,74,357,,
'2026-03-19 16:36:01,74,357,,
'2026-03-19 16:36:01,76,362,,
'2026-03-19 16:36:02,76,360,,
'2026-03-19 16:36:02,76,357,,
'2026-03-19 16:36:02,76,354,,
'2026-03-19 16:36:02,78,360,,
'2026-03-19 16:36:02,78,349,,
'2026-03-19 16:36:03,78,347,,
'2026-03-19 16:36:03,78,347,,
'2026-03-19 16:36:03,79,335,,
'2026-03-19 16:36:03,79,321,,
'2026-03-19 16:36:03,79,321,,
'2026-03-19 16:36:04,79,323,,
'2026-03-19 16:36:04,78,333,,
'2026-03-19 16:36:04,78,324,,
'2026-03-19 16:36:04,78,323,,
'2026-03-19 16:36:04,78,323,,
'2026-03-19 16:36:05,78,333,,
'2026-03-19 16:36:05,78,329,,
'2026-03-19 16:36:05,78,328,,
'2026-03-19 16:36:05,78,327,,
'2026-03-19 16:36:06,76,329,,
'2026-03-19 16:36:06,76,335,,
'2026-03-19 16:36:06,76,329,,
'2026-03-19 16:36:06,76,328,,
'2026-03-19 16:36:06,76,328,,
'2026-03-19 16:36:07,75,336,,
'2026-03-19 16:36:07,75,330,,
'2026-03-19 16:36:07,75,327,,
'2026-03-19 16:36:07,75,328,,
'2026-03-19 16:36:07,73,335,,
'2026-03-19 16:36:08,73,330,,
'2026-03-19 16:36:08,73,327,,
'2026-03-19 16:36:08,73,326,,
'2026-03-19 16:36:08,72,334,,
'2026-03-19 16:36:08,72,329,,
'2026-03-19 16:36:09,72,329,,
'2026-03-19 16:36:09,72,329,,
'2026-03-19 16:36:09,71,334,,
'2026-03-19 16:36:09,71,331,,
'2026-03-19 16:36:09,71,329,,
'2026-03-19 16:36:10,71,327,,
'2026-03-19 16:36:10,71,330,,
'2026-03-19 16:36:10,71,332,,
'2026-03-19 16:36:10,71,328,,
'2026-03-19 16:36:10,71,325,,
'2026-03-19 16:36:11,70,327,,
'2026-03-19 16:36:11,70,334,,
'2026-03-19 16:36:11,70,328,,
'2026-03-19 16:36:11,70,326,,
'2026-03-19 16:36:11,70,326,,
'2026-03-19 16:36:12,69,338,,
'2026-03-19 16:36:12,69,329,,
'2026-03-19 16:36:12,69,327,,
'2026-03-19 16:36:12,69,326,,
'2026-03-19 16:36:12,69,337,,
'2026-03-19 16:36:13,69,330,,
'2026-03-19 16:36:13,69,328,,
'2026-03-19 16:36:13,69,327,,
'2026-03-19 16:36:13,69,335,,
'2026-03-19 16:36:14,69,328,,
'2026-03-19 16:36:14,69,326,,
'2026-03-19 16:36:14,69,326,,
'2026-03-19 16:36:14,71,336,,
'2026-03-19 16:36:14,71,327,,
'2026-03-19 16:36:15,71,326,,
'2026-03-19 16:36:15,72,328,,
'2026-03-19 16:36:15,72,335,,
'2026-03-19 16:36:15,72,330,,
'2026-03-19 16:36:15,72,327,,
'2026-03-19 16:36:16,72,329,,
'2026-03-19 16:36:16,72,337,,
'2026-03-19 16:36:16,72,328,,
'2026-03-19 16:36:16,72,326,,
'2026-03-19 16:36:16,72,325,,
'2026-03-19 16:36:17,71,335,,
'2026-03-19 16:36:17,71,328,,
'2026-03-19 16:36:17,71,325,,
'2026-03-19 16:36:17,71,325,,
'2026-03-19 16:36:17,70,328,,
'2026-03-19 16:36:18,70,331,,
'2026-03-19 16:36:18,70,326,,
'2026-03-19 16:36:18,70,324,,
'2026-03-19 16:36:18,71,327,,
'2026-03-19 16:36:18,71,330,,
'2026-03-19 16:36:19,71,325,,
'2026-03-19 16:36:19,71,324,,
'2026-03-19 16:36:19,71,324,,
'2026-03-19 16:36:19,70,333,,
'2026-03-19 16:36:19,70,326,,
'2026-03-19 16:36:20,70,325,,
'2026-03-19 16:36:20,70,325,,
'2026-03-19 16:36:20,71,334,,
'2026-03-19 16:36:20,71,326,,
'2026-03-19 16:36:21,71,325,,
'2026-03-19 16:36:21,71,324,,
'2026-03-19 16:36:21,71,333,,
'2026-03-19 16:36:21,71,326,,
'2026-03-19 16:36:21,71,324,,
'2026-03-19 16:36:22,71,322,,
'2026-03-19 16:36:22,71,329,,
'2026-03-19 16:36:22,71,328,,
'2026-03-19 16:36:22,71,323,,
'2026-03-19 16:36:22,71,321,,
'2026-03-19 16:36:23,70,325,,
'2026-03-19 16:36:23,70,328,,
'2026-03-19 16:36:23,70,324,,
'2026-03-19 16:36:23,70,322,,
'2026-03-19 16:36:23,69,329,,
'2026-03-19 16:36:24,69,326,,
'2026-03-19 16:36:24,69,323,,
'2026-03-19 16:36:24,69,322,,
'2026-03-19 16:36:24,70,330,,
'2026-03-19 16:36:24,70,325,,
'2026-03-19 16:36:25,70,323,,
'2026-03-19 16:36:25,70,323,,
'2026-03-19 16:36:25,71,330,,
'2026-03-19 16:36:25,71,324,,
'2026-03-19 16:36:25,71,324,,
'2026-03-19 16:36:26,73,332,,
'2026-03-19 16:36:26,73,326,,
'2026-03-19 16:36:26,73,318,,
'2026-03-19 16:36:26,73,313,,
'2026-03-19 16:36:26,73,318,,
'2026-03-19 16:36:27,73,310,,
'2026-03-19 16:36:27,73,302,,
'2026-03-19 16:36:27,73,298,,
'2026-03-19 16:36:27,73,298,,
'2026-03-19 16:36:28,73,307,,
'2026-03-19 16:36:28,73,299,,
'2026-03-19 16:36:28,73,297,,
'2026-03-19 16:36:28,73,296,,
'2026-03-19 16:36:28,72,300,,
'2026-03-19 16:36:29,72,298,,
'2026-03-19 16:36:29,72,296,,
'2026-03-19 16:36:29,72,295,,
'2026-03-19 16:36:29,72,296,,
'2026-03-19 16:36:29,71,301,,
'2026-03-19 16:36:30,71,296,,
'2026-03-19 16:36:30,71,297,,
'2026-03-19 16:36:30,71,297,,
'2026-03-19 16:36:30,70,299,,
'2026-03-19 16:36:30,70,301,,
'2026-03-19 16:36:31,70,301,,
'2026-03-19 16:36:31,70,301,,
'2026-03-19 16:36:31,72,301,,
'2026-03-19 16:36:31,72,301,,
'2026-03-19 16:36:31,76,301,,
'2026-03-19 16:36:32,76,300,,
'2026-03-19 16:36:32,76,301,,
'2026-03-19 16:36:32,76,299,,
'2026-03-19 16:36:32,75,303,,
'2026-03-19 16:36:32,75,302,,
'2026-03-19 16:36:33,77,301,,
'2026-03-19 16:36:33,77,301,,
'2026-03-19 16:36:33,80,302,,
'2026-03-19 16:36:33,80,305,,
'2026-03-19 16:36:33,86,304,,
'2026-03-19 16:36:34,86,302,,
'2026-03-19 16:36:34,86,302,,
'2026-03-19 16:36:34,91,307,,
'2026-03-19 16:36:34,100,303,,
'2026-03-19 16:36:34,100,299,,
'2026-03-19 16:36:35,100,300,,
'2026-03-19 16:36:35,107,308,,
'2026-03-19 16:36:35,107,305,,
'2026-03-19 16:36:35,107,303,,
'2026-03-19 16:36:36,107,302,,
'2026-03-19 16:36:36,108,302,,
'2026-03-19 16:36:36,108,309,,
'2026-03-19 16:36:36,108,305,,
'2026-03-19 16:36:36,108,304,,
'2026-03-19 16:36:37,108,305,,
'2026-03-19 16:36:37,103,312,,
'2026-03-19 16:36:37,103,308,,
'2026-03-19 16:36:37,103,308,,
'2026-03-19 16:36:37,103,306,,
'2026-03-19 16:36:38,95,311,,
'2026-03-19 16:36:38,95,311,,
'2026-03-19 16:36:38,95,309,,
'2026-03-19 16:36:38,95,306,,
'2026-03-19 16:36:38,97,313,,
'2026-03-19 16:36:39,97,308,,
'2026-03-19 16:36:39,97,305,,
'2026-03-19 16:36:39,97,300,,
'2026-03-19 16:36:39,93,305,,
'2026-03-19 16:36:39,93,293,,
'2026-03-19 16:36:40,93,286,,
'2026-03-19 16:36:40,93,283,,
'2026-03-19 16:36:40,87,289,,
'2026-03-19 16:36:40,87,281,,
'2026-03-19 16:36:40,87,279,,
'2026-03-19 16:36:41,87,278,,
'2026-03-19 16:36:41,80,287,,
'2026-03-19 16:36:41,80,283,,
'2026-03-19 16:36:41,80,281,,
'2026-03-19 16:36:41,80,283,,
'2026-03-19 16:36:42,77,292,,
'2026-03-19 16:36:42,77,290,,
'2026-03-19 16:36:42,77,288,,
'2026-03-19 16:36:42,77,287,,
'2026-03-19 16:36:43,72,291,,
'2026-03-19 16:36:43,72,301,,
'2026-03-19 16:36:43,72,292,,
'2026-03-19 16:36:43,72,292,,
'2026-03-19 16:36:43,72,292,,
'2026-03-19 16:36:44,70,304,,
'2026-03-19 16:36:44,70,296,,
'2026-03-19 16:36:44,70,294,,
'2026-03-19 16:36:44,70,294,,
'2026-03-19 16:36:44,70,304,,
'2026-03-19 16:36:45,70,301,,
'2026-03-19 16:36:45,70,297,,
'2026-03-19 16:36:45,70,296,,
'2026-03-19 16:36:45,71,304,,
'2026-03-19 16:36:45,71,303,,
'2026-03-19 16:36:46,71,299,,
'2026-03-19 16:36:46,71,299,,
'2026-03-19 16:36:46,70,300,,
'2026-03-19 16:36:46,70,313,,
'2026-03-19 16:36:46,70,303,,
'2026-03-19 16:36:47,70,301,,
'2026-03-19 16:36:47,70,304,,
'2026-03-19 16:36:47,69,311,,
'2026-03-19 16:36:47,69,307,,
'2026-03-19 16:36:47,69,306,,
'2026-03-19 16:36:48,69,306,,
'2026-03-19 16:36:48,69,313,,
'2026-03-19 16:36:48,69,309,,
'2026-03-19 16:36:48,69,307,,
'2026-03-19 16:36:48,69,306,,
'2026-03-19 16:36:49,69,311,,
'2026-03-19 16:36:49,69,310,,
'2026-03-19 16:36:49,69,306,,
'2026-03-19 16:36:49,69,304,,
'2026-03-19 16:36:49,69,307,,
'2026-03-19 16:36:50,69,308,,
'2026-03-19 16:36:50,69,303,,
'2026-03-19 16:36:50,69,301,,
'2026-03-19 16:36:50,69,307,,
'2026-03-19 16:36:51,69,306,,
'2026-03-19 16:36:51,69,304,,
'2026-03-19 16:36:51,69,304,,
'2026-03-19 16:36:51,70,312,,
'2026-03-19 16:36:51,70,308,,
'2026-03-19 16:36:52,70,305,,
'2026-03-19 16:36:52,70,305,,
'2026-03-19 16:36:52,70,310,,
'2026-03-19 16:36:52,70,308,,
'2026-03-19 16:36:52,70,304,,
'2026-03-19 16:36:53,70,303,,
'2026-03-19 16:36:53,70,307,,
'2026-03-19 16:36:53,70,310,,
'2026-03-19 16:36:53,70,306,,
'2026-03-19 16:36:53,70,304,,
'2026-03-19 16:36:54,71,309,,
'2026-03-19 16:36:54,71,307,,
'2026-03-19 16:36:54,71,306,,
'2026-03-19 16:36:54,71,305,,
'2026-03-19 16:36:54,72,313,,
'2026-03-19 16:36:55,72,307,,
'2026-03-19 16:36:55,72,304,,
'2026-03-19 16:36:55,72,305,,
'2026-03-19 16:36:55,73,312,,
'2026-03-19 16:36:55,73,309,,
'2026-03-19 16:36:56,73,305,,
'2026-03-19 16:36:56,73,305,,
'2026-03-19 16:36:56,72,306,,
'2026-03-19 16:36:56,72,313,,
'2026-03-19 16:36:56,72,305,,
'2026-03-19 16:36:57,72,305,,
'2026-03-19 16:36:57,72,306,,
'2026-03-19 16:36:57,72,314,,
'2026-03-19 16:36:57,72,307,,
'2026-03-19 16:36:58,72,307,,
'2026-03-19 16:36:58,72,307,,
'2026-03-19 16:36:58,72,311,,
'2026-03-19 16:36:58,72,307,,
'2026-03-19 16:36:58,72,305,,
'2026-03-19 16:36:59,72,308,,
'2026-03-19 16:36:59,72,309,,
'2026-03-19 16:36:59,72,305,,
'2026-03-19 16:36:59,72,304,,
'2026-03-19 16:36:59,72,306,,
'2026-03-19 16:37:00,72,308,,
'2026-03-19 16:37:00,72,305,,
'2026-03-19 16:37:00,72,303,,
'2026-03-19 16:37:00,72,304,,
'2026-03-19 16:37:00,71,311,,
'2026-03-19 16:37:01,71,306,,
'2026-03-19 16:37:01,71,304,,
'2026-03-19 16:37:01,71,303,,
'2026-03-19 16:37:01,71,309,,
'2026-03-19 16:37:01,71,306,,
'2026-03-19 16:37:02,71,304,,
'2026-03-19 16:37:02,71,302,,
'2026-03-19 16:37:02,71,306,,
'2026-03-19 16:37:02,71,306,,
'2026-03-19 16:37:02,71,302,,
'2026-03-19 16:37:03,71,301,,
'2026-03-19 16:37:03,71,309,,
'2026-03-19 16:37:03,71,303,,
'2026-03-19 16:37:03,71,301,,
'2026-03-19 16:37:03,72,303,,
'2026-03-19 16:37:04,72,307,,
'2026-03-19 16:37:04,72,303,,
'2026-03-19 16:37:04,72,301,,
'2026-03-19 16:37:04,73,307,,
'2026-03-19 16:37:04,73,303,,
'2026-03-19 16:37:05,73,301,,
'2026-03-19 16:37:05,73,301,,
'2026-03-19 16:37:05,74,307,,
'2026-03-19 16:37:05,74,302,,
'2026-03-19 16:37:06,74,301,,
'2026-03-19 16:37:06,74,301,,
'2026-03-19 16:37:06,73,303,,
'2026-03-19 16:37:06,73,307,,
'2026-03-19 16:37:06,73,302,,
'2026-03-19 16:37:07,73,300,,
'2026-03-19 16:37:07,73,302,,
'2026-03-19 16:37:07,72,308,,
'2026-03-19 16:37:07,72,302,,
'2026-03-19 16:37:07,72,303,,
'2026-03-19 16:37:08,72,302,,
'2026-03-19 16:37:08,71,304,,
'2026-03-19 16:37:08,71,306,,
'2026-03-19 16:37:08,71,303,,
'2026-03-19 16:37:08,71,302,,
'2026-03-19 16:37:09,71,301,,
'2026-03-19 16:37:09,71,307,,
'2026-03-19 16:37:09,71,303,,
'2026-03-19 16:37:09,71,300,,
'2026-03-19 16:37:09,71,301,,
'2026-03-19 16:37:10,71,307,,
'2026-03-19 16:37:10,71,303,,
'2026-03-19 16:37:10,71,302,,
'2026-03-19 16:37:10,71,303,,
'2026-03-19 16:37:10,71,309,,
'2026-03-19 16:37:11,71,304,,
'2026-03-19 16:37:11,71,304,,
'2026-03-19 16:37:11,71,304,,
'2026-03-19 16:37:11,71,311,,
'2026-03-19 16:37:11,71,306,,
'2026-03-19 16:37:12,71,305,,
'2026-03-19 16:37:12,71,306,,
'2026-03-19 16:37:12,71,309,,
'2026-03-19 16:37:12,71,304,,
'2026-03-19 16:37:13,71,302,,
'2026-03-19 16:37:13,71,308,,
'2026-03-19 16:37:13,71,306,,
'2026-03-19 16:37:13,71,303,,
'2026-03-19 16:37:13,71,304,,
'2026-03-19 16:37:14,71,309,,
'2026-03-19 16:37:14,71,310,,
'2026-03-19 16:37:14,71,305,,
'2026-03-19 16:37:14,71,304,,
'2026-03-19 16:37:14,71,306,,
'2026-03-19 16:37:15,71,309,,
'2026-03-19 16:37:15,71,302,,
'2026-03-19 16:37:15,71,303,,
'2026-03-19 16:37:15,72,304,,
'2026-03-19 16:37:15,72,307,,
'2026-03-19 16:37:16,72,304,,
'2026-03-19 16:37:16,72,304,,
'2026-03-19 16:37:16,73,309,,
'2026-03-19 16:37:16,73,304,,
'2026-03-19 16:37:16,73,300,,
'2026-03-19 16:37:17,73,297,,
'2026-03-19 16:37:17,74,302,,
'2026-03-19 16:37:17,74,292,,
'2026-03-19 16:37:17,74,289,,
'2026-03-19 16:37:17,76,288,,
'2026-03-19 16:37:18,76,293,,
'2026-03-19 16:37:18,76,288,,
'2026-03-19 16:37:18,76,287,,
'2026-03-19 16:37:18,76,290,,
'2026-03-19 16:37:18,76,287,,
'2026-03-19 16:37:19,76,284,,
'2026-03-19 16:37:19,76,282,,
'2026-03-19 16:37:19,76,289,,
'2026-03-19 16:37:19,76,285,,
'2026-03-19 16:37:20,76,285,,
'2026-03-19 16:37:20,76,287,,
'2026-03-19 16:37:20,76,294,,
'2026-03-19 16:37:20,76,287,,
'2026-03-19 16:37:20,76,286,,
'2026-03-19 16:37:21,76,287,,
'2026-03-19 16:37:21,76,294,,
'2026-03-19 16:37:21,76,288,,
'2026-03-19 16:37:21,76,288,,
'2026-03-19 16:37:21,76,287,,
'2026-03-19 16:37:22,76,294,,
'2026-03-19 16:37:22,76,288,,
'2026-03-19 16:37:22,76,287,,
'2026-03-19 16:37:22,76,288,,
'2026-03-19 16:37:22,76,295,,
'2026-03-19 16:37:23,76,289,,
'2026-03-19 16:37:23,76,288,,
'2026-03-19 16:37:23,77,291,,
'2026-03-19 16:37:23,77,292,,
'2026-03-19 16:37:23,77,291,,
'2026-03-19 16:37:24,77,289,,
'2026-03-19 16:37:24,77,295,,
'2026-03-19 16:37:24,77,291,,
'2026-03-19 16:37:24,77,290,,
'2026-03-19 16:37:24,77,289,,
'2026-03-19 16:37:25,76,296,,
'2026-03-19 16:37:25,76,292,,
'2026-03-19 16:37:25,76,291,,
'2026-03-19 16:37:25,76,290,,
'2026-03-19 16:37:25,75,296,,
'2026-03-19 16:37:26,75,295,,
'2026-03-19 16:37:26,75,292,,
'2026-03-19 16:37:26,75,291,,
'2026-03-19 16:37:26,75,297,,
'2026-03-19 16:37:26,75,293,,
'2026-03-19 16:37:27,75,292,,
'2026-03-19 16:37:27,75,291,,
'2026-03-19 16:37:27,75,300,,
'2026-03-19 16:37:27,75,295,,
'2026-03-19 16:37:28,75,293,,
'2026-03-19 16:37:28,75,293,,
'2026-03-19 16:37:28,73,297,,
'2026-03-19 16:37:28,73,300,,
'2026-03-19 16:37:28,73,296,,
'2026-03-19 16:37:29,73,295,,
'2026-03-19 16:37:29,73,295,,
'2026-03-19 16:37:29,73,302,,
'2026-03-19 16:37:29,73,296,,
'2026-03-19 16:37:29,73,294,,
'2026-03-19 16:37:30,73,296,,
'2026-03-19 16:37:30,72,302,,
'2026-03-19 16:37:30,72,297,,
'2026-03-19 16:37:30,72,297,,
'2026-03-19 16:37:30,72,298,,
'2026-03-19 16:37:31,71,301,,
'2026-03-19 16:37:31,71,303,,
'2026-03-19 16:37:31,71,301,,
'2026-03-19 16:37:31,71,300,,
'2026-03-19 16:37:31,71,300,,
'2026-03-19 16:37:32,70,307,,
'2026-03-19 16:37:32,70,302,,
'2026-03-19 16:37:32,70,300,,
'2026-03-19 16:37:32,70,299,,
'2026-03-19 16:37:32,69,304,,
'2026-03-19 16:37:33,69,301,,
'2026-03-19 16:37:33,69,299,,
'2026-03-19 16:37:33,69,298,,
'2026-03-19 16:37:33,69,305,,
'2026-03-19 16:37:33,69,301,,
'2026-03-19 16:37:34,69,300,,
'2026-03-19 16:37:34,69,300,,
'2026-03-19 16:37:34,69,305,,
'2026-03-19 16:37:34,69,303,,
'2026-03-19 16:37:35,69,300,,
'2026-03-19 16:37:35,69,301,,
'2026-03-19 16:37:35,69,301,,
'2026-03-19 16:37:35,68,308,,
'2026-03-19 16:37:35,68,302,,
'2026-03-19 16:37:36,68,301,,
'2026-03-19 16:37:36,68,302,,
'2026-03-19 16:37:36,67,306,,
'2026-03-19 16:37:36,67,303,,
'2026-03-19 16:37:36,67,304,,
'2026-03-19 16:37:37,67,304,,
'2026-03-19 16:37:37,68,308,,
'2026-03-19 16:37:37,68,305,,
'2026-03-19 16:37:37,68,304,,
'2026-03-19 16:37:37,68,304,,
'2026-03-19 16:37:38,68,306,,
'2026-03-19 16:37:38,68,309,,
'2026-03-19 16:37:38,68,305,,
'2026-03-19 16:37:38,68,304,,
'2026-03-19 16:37:38,68,303,,
'2026-03-19 16:37:39,68,312,,
'2026-03-19 16:37:39,68,306,,
'2026-03-19 16:37:39,68,303,,
'2026-03-19 16:37:39,68,305,,
'2026-03-19 16:37:39,68,311,,
'2026-03-19 16:37:40,68,308,,
'2026-03-19 16:37:40,68,306,,
'2026-03-19 16:37:40,68,307,,
'2026-03-19 16:37:40,68,310,,
'2026-03-19 16:37:40,68,307,,
'2026-03-19 16:37:41,68,305,,
'2026-03-19 16:37:41,68,306,,
'2026-03-19 16:37:41,69,313,,
'2026-03-19 16:37:41,69,307,,
'2026-03-19 16:37:41,69,304,,
'2026-03-19 16:37:42,70,303,,
'2026-03-19 16:37:42,70,302,,
'2026-03-19 16:37:42,70,296,,
'2026-03-19 16:37:42,70,295,,
'2026-03-19 16:37:43,71,300,,
'2026-03-19 16:37:43,71,294,,
'2026-03-19 16:37:43,71,292,,
'2026-03-19 16:37:43,71,292,,
'2026-03-19 16:37:43,72,300,,
'2026-03-19 16:37:44,72,295,,
'2026-03-19 16:37:44,72,293,,
'2026-03-19 16:37:44,72,294,,
'2026-03-19 16:37:44,72,298,,
'2026-03-19 16:37:44,72,296,,
'2026-03-19 16:37:45,72,296,,
'2026-03-19 16:37:45,72,296,,
'2026-03-19 16:37:45,72,300,,
'2026-03-19 16:37:45,72,301,,
'2026-03-19 16:37:45,72,300,,
'2026-03-19 16:37:46,72,300,,
'2026-03-19 16:37:46,73,305,,
'2026-03-19 16:37:46,73,302,,
'2026-03-19 16:37:46,73,301,,
'2026-03-19 16:37:46,73,301,,
'2026-03-19 16:37:47,74,304,,
'2026-03-19 16:37:47,74,304,,
'2026-03-19 16:37:47,74,303,,
'2026-03-19 16:37:47,74,302,,
'2026-03-19 16:37:47,74,302,,
'2026-03-19 16:37:48,73,310,,
'2026-03-19 16:37:48,73,305,,
'2026-03-19 16:37:48,73,303,,
'2026-03-19 16:37:48,73,303,,
'2026-03-19 16:37:48,72,306,,
'2026-03-19 16:37:49,72,306,,
'2026-03-19 16:37:49,72,303,,
'2026-03-19 16:37:49,72,302,,
'2026-03-19 16:37:49,72,305,,
'2026-03-19 16:37:50,72,305,,
'2026-03-19 16:37:50,72,302,,
'2026-03-19 16:37:50,72,302,,
'2026-03-19 16:37:50,71,305,,
'2026-03-19 16:37:50,71,310,,
'2026-03-19 16:37:51,71,305,,
'2026-03-19 16:37:51,71,305,,
'2026-03-19 16:37:51,71,307,,
'2026-03-19 16:37:51,69,312,,
'2026-03-19 16:37:51,69,309,,
'2026-03-19 16:37:52,69,309,,
'2026-03-19 16:37:52,69,308,,
'2026-03-19 16:37:52,68,310,,
'2026-03-19 16:37:52,68,311,,
'2026-03-19 16:37:52,68,310,,
'2026-03-19 16:37:53,68,309,,
'2026-03-19 16:37:53,69,312,,
'2026-03-19 16:37:53,69,312,,
'2026-03-19 16:37:53,69,310,,
'2026-03-19 16:37:53,69,308,,
'2026-03-19 16:37:54,69,309,,
'2026-03-19 16:37:54,69,316,,
'2026-03-19 16:37:54,69,310,,
'2026-03-19 16:37:54,69,308,,
'2026-03-19 16:37:54,69,310,,
'2026-03-19 16:37:55,67,315,,
'2026-03-19 16:37:55,67,311,,
'2026-03-19 16:37:55,67,309,,
'2026-03-19 16:37:55,67,309,,
'2026-03-19 16:37:55,67,314,,
'2026-03-19 16:37:56,67,310,,
'2026-03-19 16:37:56,67,309,,
'2026-03-19 16:37:56,67,309,,
'2026-03-19 16:37:56,69,314,,
'2026-03-19 16:37:56,69,311,,
'2026-03-19 16:37:57,69,310,,
'2026-03-19 16:37:57,69,311,,
'2026-03-19 16:37:57,69,312,,
'2026-03-19 16:37:57,69,313,,
'2026-03-19 16:37:58,69,312,,
'2026-03-19 16:37:58,69,311,,
'2026-03-19 16:37:58,69,310,,
'2026-03-19 16:37:58,68,316,,
'2026-03-19 16:37:58,68,312,,
'2026-03-19 16:37:59,68,311,,
'2026-03-19 16:37:59,68,311,,
'2026-03-19 16:37:59,68,312,,
'2026-03-19 16:37:59,68,316,,
'2026-03-19 16:37:59,68,312,,
'2026-03-19 16:38:00,68,311,,
'2026-03-19 16:38:00,68,312,,
'2026-03-19 16:38:00,68,318,,
'2026-03-19 16:38:00,68,313,,
'2026-03-19 16:38:00,68,312,,
'2026-03-19 16:38:01,68,313,,
'2026-03-19 16:38:01,67,316,,
'2026-03-19 16:38:01,67,317,,
'2026-03-19 16:38:01,67,315,,
'2026-03-19 16:38:01,67,315,,
'2026-03-19 16:38:02,67,315,,
'2026-03-19 16:38:02,66,320,,
'2026-03-19 16:38:02,66,316,,
'2026-03-19 16:38:02,66,316,,
'2026-03-19 16:38:02,66,314,,
'2026-03-19 16:38:03,67,321,,
'2026-03-19 16:38:03,67,316,,
'2026-03-19 16:38:03,67,316,,
'2026-03-19 16:38:03,67,315,,
'2026-03-19 16:38:03,67,318,,
'2026-03-19 16:38:04,67,320,,
'2026-03-19 16:38:04,67,316,,
'2026-03-19 16:38:04,67,315,,
'2026-03-19 16:38:04,67,316,,
'2026-03-19 16:38:05,66,322,,
'2026-03-19 16:38:05,66,317,,
'2026-03-19 16:38:05,66,315,,
'2026-03-19 16:38:05,66,316,,
'2026-03-19 16:38:05,66,317,,
'2026-03-19 16:38:06,66,317,,
'2026-03-19 16:38:06,66,315,,
'2026-03-19 16:38:06,66,315,,
'2026-03-19 16:38:06,66,318,,
'2026-03-19 16:38:06,66,317,,
'2026-03-19 16:38:07,66,315,,
'2026-03-19 16:38:07,66,314,,
'2026-03-19 16:38:07,67,314,,
'2026-03-19 16:38:07,67,322,,
'2026-03-19 16:38:07,67,317,,
'2026-03-19 16:38:08,67,314,,
'2026-03-19 16:38:08,67,314,,
'2026-03-19 16:38:08,67,321,,
'2026-03-19 16:38:08,67,318,,
'2026-03-19 16:38:08,67,315,,
'2026-03-19 16:38:09,67,315,,
'2026-03-19 16:38:09,66,318,,
'2026-03-19 16:38:09,66,320,,
'2026-03-19 16:38:09,66,316,,
'2026-03-19 16:38:09,66,317,,
'2026-03-19 16:38:10,68,320,,
'2026-03-19 16:38:10,68,320,,
'2026-03-19 16:38:10,68,316,,
'2026-03-19 16:38:10,68,316,,
'2026-03-19 16:38:10,68,317,,
'2026-03-19 16:38:11,68,324,,
'2026-03-19 16:38:11,68,317,,
'2026-03-19 16:38:11,68,317,,
'2026-03-19 16:38:11,68,317,,
'2026-03-19 16:38:12,67,322,,
'2026-03-19 16:38:12,67,318,,
'2026-03-19 16:38:12,67,317,,
'2026-03-19 16:38:12,67,317,,
'2026-03-19 16:38:12,68,321,,
'2026-03-19 16:38:13,68,319,,
'2026-03-19 16:38:13,68,318,,
'2026-03-19 16:38:13,68,317,,
'2026-03-19 16:38:13,69,321,,
'2026-03-19 16:38:13,69,322,,
'2026-03-19 16:38:14,69,319,,
'2026-03-19 16:38:14,69,317,,
'2026-03-19 16:38:14,69,318,,
'2026-03-19 16:38:14,68,325,,
'2026-03-19 16:38:14,68,320,,
'2026-03-19 16:38:15,68,318,,
'2026-03-19 16:38:15,68,319,,
'2026-03-19 16:38:15,67,321,,
'2026-03-19 16:38:15,67,321,,
'2026-03-19 16:38:15,67,318,,
'2026-03-19 16:38:16,67,318,,
'2026-03-19 16:38:16,68,320,,
'2026-03-19 16:38:16,68,322,,
'2026-03-19 16:38:16,68,318,,
'2026-03-19 16:38:16,68,319,,
'2026-03-19 16:38:17,68,320,,
'2026-03-19 16:38:17,68,325,,
'2026-03-19 16:38:17,68,321,,
'2026-03-19 16:38:17,68,320,,
'2026-03-19 16:38:17,68,319,,
'2026-03-19 16:38:18,67,321,,
'2026-03-19 16:38:18,67,325,,
'2026-03-19 16:38:18,67,321,,
'2026-03-19 16:38:18,67,320,,
'2026-03-19 16:38:18,67,318,,
'2026-03-19 16:38:19,66,324,,
'2026-03-19 16:38:19,66,320,,
'2026-03-19 16:38:19,66,318,,
'2026-03-19 16:38:19,66,318,,
'2026-03-19 16:38:20,67,325,,
'2026-03-19 16:38:20,67,321,,
'2026-03-19 16:38:20,67,319,,
'2026-03-19 16:38:20,67,320,,
'2026-03-19 16:38:20,67,322,,
'2026-03-19 16:38:21,67,324,,
'2026-03-19 16:38:21,67,320,,
'2026-03-19 16:38:21,67,319,,
'2026-03-19 16:38:21,67,320,,
'2026-03-19 16:38:21,67,326,,
'2026-03-19 16:38:22,67,321,,
'2026-03-19 16:38:22,67,320,,
'2026-03-19 16:38:22,67,322,,
'2026-03-19 16:38:22,67,327,,
'2026-03-19 16:38:22,67,321,,
'2026-03-19 16:38:23,67,321,,
'2026-03-19 16:38:23,67,321,,
'2026-03-19 16:38:23,67,326,,
'2026-03-19 16:38:23,67,323,,
'2026-03-19 16:38:23,67,321,,
'2026-03-19 16:38:24,67,319,,
'2026-03-19 16:38:24,67,321,,
'2026-03-19 16:38:24,67,326,,
'2026-03-19 16:38:24,67,322,,
'2026-03-19 16:38:24,67,320,,
'2026-03-19 16:38:25,67,321,,
'2026-03-19 16:38:25,67,326,,
'2026-03-19 16:38:25,67,322,,
'2026-03-19 16:38:25,67,320,,
'2026-03-19 16:38:25,67,321,,
'2026-03-19 16:38:26,67,324,,
'2026-03-19 16:38:26,67,323,,
'2026-03-19 16:38:26,67,321,,
'2026-03-19 16:38:26,67,321,,
'2026-03-19 16:38:27,68,325,,
'2026-03-19 16:38:27,68,325,,
'2026-03-19 16:38:27,68,322,,
'2026-03-19 16:38:27,68,322,,
'2026-03-19 16:38:27,68,322,,
'2026-03-19 16:38:28,68,327,,
'2026-03-19 16:38:28,68,324,,
'2026-03-19 16:38:28,68,323,,
'2026-03-19 16:38:28,68,323,,
'2026-03-19 16:38:28,67,326,,
'2026-03-19 16:38:29,67,324,,
'2026-03-19 16:38:29,67,323,,
'2026-03-19 16:38:29,67,323,,
'2026-03-19 16:38:29,68,327,,
'2026-03-19 16:38:29,68,324,,
'2026-03-19 16:38:30,68,324,,
'2026-03-19 16:38:30,68,324,,
'2026-03-19 16:38:30,69,330,,
'2026-03-19 16:38:30,69,323,,
'2026-03-19 16:38:30,69,319,,
'2026-03-19 16:38:31,69,315,,
'2026-03-19 16:38:31,69,317,,
'2026-03-19 16:38:31,69,310,,
'2026-03-19 16:38:31,69,306,,
'2026-03-19 16:38:31,69,303,,
'2026-03-19 16:38:32,69,306,,
'2026-03-19 16:38:32,69,305,,
'2026-03-19 16:38:32,69,301,,
'2026-03-19 16:38:32,69,299,,
'2026-03-19 16:38:32,70,305,,
'2026-03-19 16:38:33,70,302,,
'2026-03-19 16:38:33,70,301,,
'2026-03-19 16:38:33,70,303,,
'2026-03-19 16:38:33,71,309,,
'2026-03-19 16:38:33,71,307,,
'2026-03-19 16:38:34,71,303,,
'2026-03-19 16:38:34,71,303,,
'2026-03-19 16:38:34,71,302,,
'2026-03-19 16:38:34,70,309,,
'2026-03-19 16:38:35,70,302,,
'2026-03-19 16:38:35,70,300,,
'2026-03-19 16:38:35,70,301,,
'2026-03-19 16:38:35,70,307,,
'2026-03-19 16:38:35,70,302,,
'2026-03-19 16:38:36,70,304,,
'2026-03-19 16:38:36,70,305,,
'2026-03-19 16:38:36,71,310,,
'2026-03-19 16:38:36,71,304,,
'2026-03-19 16:38:36,71,305,,
'2026-03-19 16:38:37,71,306,,
'2026-03-19 16:38:37,71,312,,
'2026-03-19 16:38:37,71,308,,
'2026-03-19 16:38:37,71,307,,
'2026-03-19 16:38:37,71,307,,
'2026-03-19 16:38:38,70,309,,
'2026-03-19 16:38:38,70,312,,
'2026-03-19 16:38:38,70,310,,
'2026-03-19 16:38:38,70,310,,
'2026-03-19 16:38:38,70,312,,
'2026-03-19 16:38:39,70,313,,
'2026-03-19 16:38:39,70,310,,
'2026-03-19 16:38:39,70,308,,
'2026-03-19 16:38:39,71,313,,
'2026-03-19 16:38:39,71,310,,
'2026-03-19 16:38:40,71,308,,
'2026-03-19 16:38:40,71,305,,
'2026-03-19 16:38:40,72,309,,
'2026-03-19 16:38:40,72,300,,
'2026-03-19 16:38:40,72,296,,
'2026-03-19 16:38:41,72,294,,
'2026-03-19 16:38:41,71,298,,
'2026-03-19 16:38:41,71,290,,
'2026-03-19 16:38:41,71,287,,
'2026-03-19 16:38:42,71,287,,
'2026-03-19 16:38:42,71,294,,
'2026-03-19 16:38:42,71,288,,
'2026-03-19 16:38:42,71,286,,
'2026-03-19 16:38:42,71,289,,
'2026-03-19 16:38:43,72,296,,
'2026-03-19 16:38:43,72,290,,
'2026-03-19 16:38:43,72,290,,
'2026-03-19 16:38:43,74,293,,
'2026-03-19 16:38:43,74,293,,
'2026-03-19 16:38:44,74,290,,
'2026-03-19 16:38:44,74,289,,
'2026-03-19 16:38:44,74,291,,
'2026-03-19 16:38:44,74,286,,
'2026-03-19 16:38:44,74,283,,
'2026-03-19 16:38:45,74,281,,
'2026-03-19 16:38:45,74,285,,
'2026-03-19 16:38:45,74,279,,
'2026-03-19 16:38:45,74,278,,
'2026-03-19 16:38:45,74,280,,
'2026-03-19 16:38:46,76,285,,
'2026-03-19 16:38:46,76,277,,
'2026-03-19 16:38:46,76,274,,
'2026-03-19 16:38:46,76,270,,
'2026-03-19 16:38:46,76,271,,
'2026-03-19 16:38:47,76,262,,
'2026-03-19 16:38:47,76,258,,
'2026-03-19 16:38:47,76,258,,
'2026-03-19 16:38:47,75,265,,
'2026-03-19 16:38:47,75,257,,
'2026-03-19 16:38:48,75,257,,
'2026-03-19 16:38:48,75,259,,
'2026-03-19 16:38:48,75,265,,
'2026-03-19 16:38:48,75,261,,
'2026-03-19 16:38:48,75,260,,
'2026-03-19 16:38:49,76,265,,
'2026-03-19 16:38:49,76,260,,
'2026-03-19 16:38:49,76,260,,
'2026-03-19 16:38:49,77,263,,
'2026-03-19 16:38:50,77,270,,
'2026-03-19 16:38:50,77,266,,
'2026-03-19 16:38:50,77,272,,
'2026-03-19 16:38:50,77,281,,
'2026-03-19 16:38:50,77,287,,
'2026-03-19 16:38:51,77,288,,
'2026-03-19 16:38:51,77,289,,
'2026-03-19 16:38:51,77,295,,
'2026-03-19 16:38:51,77,300,,
'2026-03-19 16:38:51,77,301,,
'2026-03-19 16:38:52,77,302,,
'2026-03-19 16:38:52,77,310,,
'2026-03-19 16:38:52,77,308,,
'2026-03-19 16:38:52,77,308,,
'2026-03-19 16:38:52,77,310,,
'2026-03-19 16:38:53,77,317,,
'2026-03-19 16:38:53,77,312,,
'2026-03-19 16:38:53,77,311,,
'2026-03-19 16:38:53,77,311,,
'2026-03-19 16:38:53,76,317,,
'2026-03-19 16:38:54,76,312,,
'2026-03-19 16:38:54,76,311,,
'2026-03-19 16:38:54,76,310,,
'2026-03-19 16:38:54,76,315,,
'2026-03-19 16:38:54,76,310,,
'2026-03-19 16:38:55,76,311,,
'2026-03-19 16:38:55,77,313,,
'2026-03-19 16:38:55,77,317,,
'2026-03-19 16:38:55,77,310,,
'2026-03-19 16:38:55,77,309,,
'2026-03-19 16:38:56,77,310,,
'2026-03-19 16:38:56,77,311,,
'2026-03-19 16:38:56,77,306,,
'2026-03-19 16:38:56,77,305,,
'2026-03-19 16:38:57,75,306,,
'2026-03-19 16:38:57,75,310,,
'2026-03-19 16:38:57,75,306,,
'2026-03-19 16:38:57,75,305,,
'2026-03-19 16:38:57,74,306,,
'2026-03-19 16:38:58,74,313,,
'2026-03-19 16:38:58,74,308,,
'2026-03-19 16:38:58,74,307,,
'2026-03-19 16:38:58,75,311,,
'2026-03-19 16:38:58,75,310,,
'2026-03-19 16:38:59,75,308,,
'2026-03-19 16:38:59,75,307,,
'2026-03-19 16:38:59,75,312,,
'2026-03-19 16:38:59,75,307,,
'2026-03-19 16:38:59,75,305,,
'2026-03-19 16:39:00,75,304,,
'2026-03-19 16:39:00,75,310,,
'2026-03-19 16:39:00,75,305,,
'2026-03-19 16:39:00,75,303,,
'2026-03-19 16:39:00,75,304,,
'2026-03-19 16:39:01,75,311,,
'2026-03-19 16:39:01,75,304,,
'2026-03-19 16:39:01,75,302,,
'2026-03-19 16:39:01,75,302,,
'2026-03-19 16:39:01,75,309,,
'2026-03-19 16:39:02,75,304,,
'2026-03-19 16:39:02,75,302,,
'2026-03-19 16:39:02,75,304,,
'2026-03-19 16:39:02,75,308,,
'2026-03-19 16:39:02,75,303,,
'2026-03-19 16:39:03,75,300,,
'2026-03-19 16:39:03,75,304,,
'2026-03-19 16:39:03,75,299,,
'2026-03-19 16:39:03,75,296,,
'2026-03-19 16:39:03,75,295,,
'2026-03-19 16:39:04,75,301,,
'2026-03-19 16:39:04,75,296,,
'2026-03-19 16:39:04,75,295,,
'2026-03-19 16:39:04,75,295,,
'2026-03-19 16:39:05,75,301,,
'2026-03-19 16:39:05,75,299,,
'2026-03-19 16:39:05,75,297,,
'2026-03-19 16:39:05,75,295,,
'2026-03-19 16:39:05,75,298,,
'2026-03-19 16:39:06,75,298,,
'2026-03-19 16:39:06,75,295,,
'2026-03-19 16:39:06,75,293,,
'2026-03-19 16:39:06,74,296,,
'2026-03-19 16:39:06,74,297,,
'2026-03-19 16:39:07,74,294,,
'2026-03-19 16:39:07,74,294,,
'2026-03-19 16:39:07,73,295,,
'2026-03-19 16:39:07,73,298,,
'2026-03-19 16:39:07,73,293,,
'2026-03-19 16:39:08,73,293,,
'2026-03-19 16:39:08,73,294,,
'2026-03-19 16:39:08,73,298,,
'2026-03-19 16:39:08,73,294,,
'2026-03-19 16:39:08,73,293,,
'2026-03-19 16:39:09,74,297,,
'2026-03-19 16:39:09,74,294,,
'2026-03-19 16:39:09,74,293,,
'2026-03-19 16:39:09,74,293,,
'2026-03-19 16:39:09,74,297,,
'2026-03-19 16:39:10,74,295,,
'2026-03-19 16:39:10,74,293,,
'2026-03-19 16:39:10,74,292,,
'2026-03-19 16:39:10,73,293,,
'2026-03-19 16:39:10,73,297,,
'2026-03-19 16:39:11,73,294,,
'2026-03-19 16:39:11,73,293,,
'2026-03-19 16:39:11,73,293,,
'2026-03-19 16:39:11,71,299,,
'2026-03-19 16:39:12,71,295,,
'2026-03-19 16:39:12,71,294,,
'2026-03-19 16:39:12,71,294,,
'2026-03-19 16:39:12,71,300,,
'2026-03-19 16:39:12,71,296,,
'2026-03-19 16:39:13,71,295,,
'2026-03-19 16:39:13,71,295,,
'2026-03-19 16:39:13,71,302,,
'2026-03-19 16:39:13,71,297,,
'2026-03-19 16:39:13,71,296,,
'2026-03-19 16:39:14,71,296,,
'2026-03-19 16:39:14,71,302,,
'2026-03-19 16:39:14,71,296,,
'2026-03-19 16:39:14,71,294,,
'2026-03-19 16:39:14,71,293,,
'2026-03-19 16:39:15,71,298,,
'2026-03-19 16:39:15,71,294,,
'2026-03-19 16:39:15,71,290,,
'2026-03-19 16:39:15,71,286,,
'2026-03-19 16:39:15,71,288,,
'2026-03-19 16:39:16,71,284,,
'2026-03-19 16:39:16,71,281,,
'2026-03-19 16:39:16,71,278,,
'2026-03-19 16:39:16,71,278,,
'2026-03-19 16:39:16,71,279,,
'2026-03-19 16:39:17,71,273,,
'2026-03-19 16:39:17,71,270,,
'2026-03-19 16:39:17,71,270,,
'2026-03-19 16:39:17,70,275,,
'2026-03-19 16:39:17,70,270,,
'2026-03-19 16:39:18,70,267,,
'2026-03-19 16:39:18,70,264,,
'2026-03-19 16:39:18,70,263,,
'2026-03-19 16:39:18,68,268,,
'2026-03-19 16:39:19,68,265,,
'2026-03-19 16:39:19,68,263,,
'2026-03-19 16:39:19,68,264,,
'2026-03-19 16:39:19,68,266,,
'2026-03-19 16:39:19,67,275,,
'2026-03-19 16:39:20,67,270,,
'2026-03-19 16:39:20,67,270,,
'2026-03-19 16:39:20,67,272,,
'2026-03-19 16:39:20,67,277,,
'2026-03-19 16:39:20,67,275,,
'2026-03-19 16:39:21,67,275,,
'2026-03-19 16:39:21,67,275,,
'2026-03-19 16:39:21,68,282,,
'2026-03-19 16:39:21,68,278,,
'2026-03-19 16:39:21,68,277,,
'2026-03-19 16:39:22,68,277,,
'2026-03-19 16:39:22,68,283,,
'2026-03-19 16:39:22,68,278,,
'2026-03-19 16:39:22,68,278,,
'2026-03-19 16:39:22,68,278,,
'2026-03-19 16:39:23,67,281,,
'2026-03-19 16:39:23,67,284,,
'2026-03-19 16:39:23,67,281,,
'2026-03-19 16:39:23,67,279,,
'2026-03-19 16:39:23,67,280,,
'2026-03-19 16:39:24,66,288,,
'2026-03-19 16:39:24,66,283,,
'2026-03-19 16:39:24,66,281,,
'2026-03-19 16:39:24,66,280,,
'2026-03-19 16:39:24,66,284,,
'2026-03-19 16:39:25,66,283,,
'2026-03-19 16:39:25,66,282,,
'2026-03-19 16:39:25,66,281,,
'2026-03-19 16:39:25,66,286,,
'2026-03-19 16:39:25,66,282,,
'2026-03-19 16:39:26,66,282,,
'2026-03-19 16:39:26,66,283,,
'2026-03-19 16:39:26,67,290,,
'2026-03-19 16:39:26,67,286,,
'2026-03-19 16:39:27,67,285,,
'2026-03-19 16:39:27,67,284,,
'2026-03-19 16:39:27,69,289,,
'2026-03-19 16:39:27,69,286,,
'2026-03-19 16:39:27,69,285,,
'2026-03-19 16:39:28,69,285,,
'2026-03-19 16:39:28,70,290,,
'2026-03-19 16:39:28,70,286,,
'2026-03-19 16:39:28,70,285,,
'2026-03-19 16:39:28,70,284,,
'2026-03-19 16:39:29,70,285,,
'2026-03-19 16:39:29,70,293,,
'2026-03-19 16:39:29,70,286,,
'2026-03-19 16:39:29,70,286,,
'2026-03-19 16:39:29,70,286,,
'2026-03-19 16:39:30,69,294,,
'2026-03-19 16:39:30,69,288,,
'2026-03-19 16:39:30,69,286,,
'2026-03-19 16:39:30,69,286,,
'2026-03-19 16:39:30,69,291,,
'2026-03-19 16:39:31,69,283,,
'2026-03-19 16:39:31,69,279,,
'2026-03-19 16:39:31,69,279,,
'2026-03-19 16:39:31,69,280,,
'2026-03-19 16:39:31,68,288,,
'2026-03-19 16:39:32,68,283,,
'2026-03-19 16:39:32,68,281,,
'2026-03-19 16:39:32,68,282,,
'2026-03-19 16:39:32,68,282,,
'2026-03-19 16:39:32,68,288,,
'2026-03-19 16:39:33,68,283,,
'2026-03-19 16:39:33,68,282,,
'2026-03-19 16:39:33,68,283,,
'2026-03-19 16:39:33,68,289,,
'2026-03-19 16:39:34,68,285,,
'2026-03-19 16:39:34,68,285,,
'2026-03-19 16:39:34,68,284,,
'2026-03-19 16:39:34,67,286,,
'2026-03-19 16:39:34,67,291,,
'2026-03-19 16:39:35,67,286,,
'2026-03-19 16:39:35,67,284,,
'2026-03-19 16:39:35,67,286,,
'2026-03-19 16:39:35,66,290,,
'2026-03-19 16:39:35,66,290,,
'2026-03-19 16:39:36,66,287,,
'2026-03-19 16:39:36,66,286,,
'2026-03-19 16:39:36,66,287,,
'2026-03-19 16:39:36,65,293,,
'2026-03-19 16:39:36,65,288,,
'2026-03-19 16:39:37,65,287,,
'2026-03-19 16:39:37,65,288,,
'2026-03-19 16:39:37,65,294,,
'2026-03-19 16:39:37,65,289,,
'2026-03-19 16:39:37,65,289,,
'2026-03-19 16:39:38,65,290,,
'2026-03-19 16:39:38,65,293,,
'2026-03-19 16:39:38,65,295,,
'2026-03-19 16:39:38,65,291,,
'2026-03-19 16:39:38,65,289,,
'2026-03-19 16:39:39,65,290,,
'2026-03-19 16:39:39,64,295,,
'2026-03-19 16:39:39,64,293,,
'2026-03-19 16:39:39,64,290,,
'2026-03-19 16:39:39,64,290,,
'2026-03-19 16:39:40,64,291,,
'2026-03-19 16:39:40,63,298,,
'2026-03-19 16:39:40,63,291,,
'2026-03-19 16:39:40,63,291,,
'2026-03-19 16:39:40,63,291,,
'2026-03-19 16:39:41,64,296,,
'2026-03-19 16:39:41,64,292,,
'2026-03-19 16:39:41,64,291,,
'2026-03-19 16:39:41,64,291,,
'2026-03-19 16:39:42,64,291,,
'2026-03-19 16:39:42,64,297,,
'2026-03-19 16:39:42,64,294,,
'2026-03-19 16:39:42,64,292,,
'2026-03-19 16:39:42,64,291,,
'2026-03-19 16:39:43,64,292,,
'2026-03-19 16:39:43,63,299,,
'2026-03-19 16:39:43,63,294,,
'2026-03-19 16:39:43,63,293,,
'2026-03-19 16:39:43,63,293,,
'2026-03-19 16:39:44,63,294,,
'2026-03-19 16:39:44,63,299,,
'2026-03-19 16:39:44,63,295,,
'2026-03-19 16:39:44,63,294,,
'2026-03-19 16:39:44,63,296,,
'2026-03-19 16:39:45,63,301,,
'2026-03-19 16:39:45,63,297,,
'2026-03-19 16:39:45,63,296,,
'2026-03-19 16:39:45,63,296,,
'2026-03-19 16:39:45,64,297,,
'2026-03-19 16:39:46,64,304,,
'2026-03-19 16:39:46,64,298,,
'2026-03-19 16:39:46,64,297,,
'2026-03-19 16:39:46,64,297,,
'2026-03-19 16:39:46,62,298,,
'2026-03-19 16:39:47,62,304,,
'2026-03-19 16:39:47,62,298,,
'2026-03-19 16:39:47,62,298,,
'2026-03-19 16:39:47,62,299,,
'2026-03-19 16:39:47,62,305,,
'2026-03-19 16:39:48,62,299,,
'2026-03-19 16:39:48,62,297,,
'2026-03-19 16:39:48,62,299,,
'2026-03-19 16:39:48,63,302,,
'2026-03-19 16:39:49,63,302,,
'2026-03-19 16:39:49,63,300,,
'2026-03-19 16:39:49,63,300,,
'2026-03-19 16:39:49,63,299,,
'2026-03-19 16:39:49,63,304,,
'2026-03-19 16:39:50,63,301,,
'2026-03-19 16:39:50,63,299,,
'2026-03-19 16:39:50,63,299,,
'2026-03-19 16:39:50,63,298,,
'2026-03-19 16:39:50,62,305,,
'2026-03-19 16:39:51,62,298,,
'2026-03-19 16:39:51,62,297,,
'2026-03-19 16:39:51,62,297,,
'2026-03-19 16:39:51,62,299,,
'2026-03-19 16:39:51,62,302,,
'2026-03-19 16:39:52,62,299,,
'2026-03-19 16:39:52,62,298,,
'2026-03-19 16:39:52,64,303,,
'2026-03-19 16:39:52,64,300,,
'2026-03-19 16:39:52,64,299,,
'2026-03-19 16:39:53,64,300,,
'2026-03-19 16:39:53,65,305,,
'2026-03-19 16:39:53,65,300,,
'2026-03-19 16:39:53,65,301,,
'2026-03-19 16:39:53,65,301,,
'2026-03-19 16:39:54,65,301,,
'2026-03-19 16:39:54,65,307,,
'2026-03-19 16:39:54,65,303,,
'2026-03-19 16:39:54,65,302,,
'2026-03-19 16:39:54,65,303,,
'2026-03-19 16:39:55,65,305,,
'2026-03-19 16:39:55,65,306,,
'2026-03-19 16:39:55,65,303,,
'2026-03-19 16:39:55,65,302,,
'2026-03-19 16:39:55,65,303,,
'2026-03-19 16:39:56,66,308,,
'2026-03-19 16:39:56,66,304,,
'2026-03-19 16:39:56,66,306,,
'2026-03-19 16:39:56,66,310,,
'2026-03-19 16:39:57,65,312,,
'2026-03-19 16:39:57,65,317,,
'2026-03-19 16:39:57,65,313,,
'2026-03-19 16:39:57,65,312,,
'2026-03-19 16:39:57,65,312,,
'2026-03-19 16:39:58,64,313,,
'2026-03-19 16:39:58,64,320,,
'2026-03-19 16:39:58,64,315,,
'2026-03-19 16:39:58,64,313,,
'2026-03-19 16:39:58,64,313,,
'2026-03-19 16:39:59,64,315,,
'2026-03-19 16:39:59,64,317,,
'2026-03-19 16:39:59,64,314,,
'2026-03-19 16:39:59,64,313,,
'2026-03-19 16:39:59,65,316,,
'2026-03-19 16:40:00,65,315,,
'2026-03-19 16:40:00,65,312,,
'2026-03-19 16:40:00,65,312,,
'2026-03-19 16:40:00,65,310,,
'2026-03-19 16:40:00,65,315,,
'2026-03-19 16:40:01,65,308,,
'2026-03-19 16:40:01,65,306,,
'2026-03-19 16:40:01,65,305,,
'2026-03-19 16:40:01,65,304,,
'2026-03-19 16:40:01,64,309,,
'2026-03-19 16:40:02,64,304,,
'2026-03-19 16:40:02,64,302,,
'2026-03-19 16:40:02,64,302,,
'2026-03-19 16:40:02,62,303,,
'2026-03-19 16:40:02,62,308,,
'2026-03-19 16:40:03,62,302,,
'2026-03-19 16:40:03,62,301,,
'2026-03-19 16:40:03,62,301,,
'2026-03-19 16:40:03,62,304,,
'2026-03-19 16:40:04,62,303,,
'2026-03-19 16:40:04,62,302,,
'2026-03-19 16:40:04,62,302,,
'2026-03-19 16:40:04,63,305,,
'2026-03-19 16:40:04,63,303,,
'2026-03-19 16:40:05,63,303,,
'2026-03-19 16:40:05,63,304,,
'2026-03-19 16:40:05,64,307,,
'2026-03-19 16:40:05,64,306,,
'2026-03-19 16:40:05,64,307,,
'2026-03-19 16:40:06,64,307,,
'2026-03-19 16:40:06,64,308,,
'2026-03-19 16:40:06,64,314,,
'2026-03-19 16:40:06,64,310,,
'2026-03-19 16:40:06,64,307,,
'2026-03-19 16:40:07,64,307,,
'2026-03-19 16:40:07,65,308,,
'2026-03-19 16:40:07,65,314,,
'2026-03-19 16:40:07,65,308,,
'2026-03-19 16:40:07,65,308,,
'2026-03-19 16:40:08,65,308,,
'2026-03-19 16:40:08,65,313,,
'2026-03-19 16:40:08,65,309,,
'2026-03-19 16:40:08,65,309,,
'2026-03-19 16:40:08,65,309,,
'2026-03-19 16:40:09,65,313,,
'2026-03-19 16:40:09,65,310,,
'2026-03-19 16:40:09,65,309,,
'2026-03-19 16:40:09,65,309,,
'2026-03-19 16:40:09,65,308,,
'2026-03-19 16:40:10,64,314,,
'2026-03-19 16:40:10,64,308,,
'2026-03-19 16:40:10,64,306,,
'2026-03-19 16:40:10,64,306,,
'2026-03-19 16:40:10,64,307,,
'2026-03-19 16:40:11,65,313,,
'2026-03-19 16:40:11,65,307,,
'2026-03-19 16:40:11,65,306,,
'2026-03-19 16:40:11,65,307,,
'2026-03-19 16:40:12,65,309,,
'2026-03-19 16:40:12,65,309,,
'2026-03-19 16:40:12,65,308,,
'2026-03-19 16:40:12,65,308,,
'2026-03-19 16:40:12,66,309,,
'2026-03-19 16:40:13,66,311,,
'2026-03-19 16:40:13,66,308,,
