Timestamp_Beijing,HR,GSR,HR_baseline,GSR_baseline
'2026-03-15 15:22:15,88,192,85.84959816,167.847302
'2026-03-15 15:22:15,88,179,,
'2026-03-15 15:22:15,88,177,,
'2026-03-15 15:22:15,88,196,,
'2026-03-15 15:22:15,88,181,,
'2026-03-15 15:22:16,88,178,,
'2026-03-15 15:22:16,88,197,,
'2026-03-15 15:22:16,88,182,,
'2026-03-15 15:22:16,88,179,,
'2026-03-15 15:22:16,88,199,,
'2026-03-15 15:22:17,88,183,,
'2026-03-15 15:22:17,88,179,,
'2026-03-15 15:22:17,87,200,,
'2026-03-15 15:22:17,87,184,,
'2026-03-15 15:22:17,87,178,,
'2026-03-15 15:22:18,87,200,,
'2026-03-15 15:22:18,87,183,,
'2026-03-15 15:22:18,87,178,,
'2026-03-15 15:22:18,86,201,,
'2026-03-15 15:22:18,86,184,,
'2026-03-15 15:22:19,86,179,,
'2026-03-15 15:22:19,86,201,,
'2026-03-15 15:22:19,86,185,,
'2026-03-15 15:22:19,86,178,,
'2026-03-15 15:22:20,86,200,,
'2026-03-15 15:22:20,86,183,,
'2026-03-15 15:22:20,86,179,,
'2026-03-15 15:22:20,86,199,,
'2026-03-15 15:22:20,86,183,,
'2026-03-15 15:22:21,86,179,,
'2026-03-15 15:22:21,86,199,,
'2026-03-15 15:22:21,86,182,,
'2026-03-15 15:22:21,86,180,,
'2026-03-15 15:22:21,86,199,,
'2026-03-15 15:22:22,86,183,,
'2026-03-15 15:22:22,86,179,,
'2026-03-15 15:22:22,87,200,,
'2026-03-15 15:22:22,87,185,,
'2026-03-15 15:22:22,87,181,,
'2026-03-15 15:22:23,87,201,,
'2026-03-15 15:22:23,87,185,,
'2026-03-15 15:22:23,88,182,,
'2026-03-15 15:22:23,88,202,,
'2026-03-15 15:22:23,88,185,,
'2026-03-15 15:22:24,88,182,,
'2026-03-15 15:22:24,88,203,,
'2026-03-15 15:22:24,88,184,,
'2026-03-15 15:22:24,87,180,,
'2026-03-15 15:22:24,87,203,,
'2026-03-15 15:22:25,87,183,,
'2026-03-15 15:22:25,87,178,,
'2026-03-15 15:22:25,86,197,,
'2026-03-15 15:22:25,86,189,,
'2026-03-15 15:22:25,86,180,,
'2026-03-15 15:22:26,85,181,,
'2026-03-15 15:22:26,85,203,,
'2026-03-15 15:22:26,85,183,,
'2026-03-15 15:22:26,85,179,,
'2026-03-15 15:22:26,84,199,,
'2026-03-15 15:22:27,84,187,,
'2026-03-15 15:22:27,84,181,,
'2026-03-15 15:22:27,83,192,,
'2026-03-15 15:22:27,83,193,,
'2026-03-15 15:22:28,83,183,,
'2026-03-15 15:22:28,82,183,,
'2026-03-15 15:22:28,82,205,,
'2026-03-15 15:22:28,82,187,,
'2026-03-15 15:22:28,82,182,,
'2026-03-15 15:22:29,81,202,,
'2026-03-15 15:22:29,81,191,,
'2026-03-15 15:22:29,81,182,,
'2026-03-15 15:22:29,80,194,,
'2026-03-15 15:22:29,80,200,,
'2026-03-15 15:22:30,80,183,,
'2026-03-15 15:22:30,79,187,,
'2026-03-15 15:22:30,79,204,,
'2026-03-15 15:22:30,79,186,,
'2026-03-15 15:22:30,78,183,,
'2026-03-15 15:22:31,78,205,,
'2026-03-15 15:22:31,78,186,,
'2026-03-15 15:22:31,78,183,,
'2026-03-15 15:22:31,78,205,,
'2026-03-15 15:22:31,78,186,,
'2026-03-15 15:22:32,79,182,,
'2026-03-15 15:22:32,79,205,,
'2026-03-15 15:22:32,79,186,,
'2026-03-15 15:22:32,79,182,,
'2026-03-15 15:22:32,81,206,,
'2026-03-15 15:22:33,81,187,,
'2026-03-15 15:22:33,81,182,,
'2026-03-15 15:22:33,82,205,,
'2026-03-15 15:22:33,82,188,,
'2026-03-15 15:22:33,82,182,,
'2026-03-15 15:22:34,83,205,,
'2026-03-15 15:22:34,83,188,,
'2026-03-15 15:22:34,83,183,,
'2026-03-15 15:22:34,83,205,,
'2026-03-15 15:22:35,83,187,,
'2026-03-15 15:22:35,83,182,,
'2026-03-15 15:22:35,84,204,,
'2026-03-15 15:22:35,84,186,,
'2026-03-15 15:22:35,84,183,,
'2026-03-15 15:22:36,85,204,,
'2026-03-15 15:22:36,85,184,,
'2026-03-15 15:22:36,86,176,,
'2026-03-15 15:22:36,86,196,,
'2026-03-15 15:22:36,86,172,,
'2026-03-15 15:22:37,87,166,,
'2026-03-15 15:22:37,87,185,,
'2026-03-15 15:22:37,87,165,,
'2026-03-15 15:22:37,88,164,,
'2026-03-15 15:22:37,88,179,,
'2026-03-15 15:22:38,88,162,,
'2026-03-15 15:22:38,88,164,,
'2026-03-15 15:22:38,88,178,,
'2026-03-15 15:22:38,88,166,,
'2026-03-15 15:22:38,88,167,,
'2026-03-15 15:22:39,88,184,,
'2026-03-15 15:22:39,88,169,,
'2026-03-15 15:22:39,88,169,,
'2026-03-15 15:22:39,88,189,,
'2026-03-15 15:22:39,88,172,,
'2026-03-15 15:22:40,87,172,,
'2026-03-15 15:22:40,87,191,,
'2026-03-15 15:22:40,87,174,,
'2026-03-15 15:22:40,88,173,,
'2026-03-15 15:22:40,88,192,,
'2026-03-15 15:22:41,88,176,,
'2026-03-15 15:22:41,88,178,,
'2026-03-15 15:22:41,88,188,,
'2026-03-15 15:22:41,88,176,,
'2026-03-15 15:22:41,89,186,,
'2026-03-15 15:22:42,89,184,,
'2026-03-15 15:22:42,89,175,,
'2026-03-15 15:22:42,89,191,,
'2026-03-15 15:22:42,89,180,,
'2026-03-15 15:22:43,89,174,,
'2026-03-15 15:22:43,89,193,,
'2026-03-15 15:22:43,89,179,,
'2026-03-15 15:22:43,89,173,,
'2026-03-15 15:22:43,89,194,,
'2026-03-15 15:22:44,89,178,,
'2026-03-15 15:22:44,89,173,,
'2026-03-15 15:22:44,89,194,,
'2026-03-15 15:22:44,89,177,,
'2026-03-15 15:22:44,90,173,,
'2026-03-15 15:22:45,90,196,,
'2026-03-15 15:22:45,90,177,,
'2026-03-15 15:22:45,90,176,,
'2026-03-15 15:22:45,90,197,,
'2026-03-15 15:22:45,90,178,,
'2026-03-15 15:22:46,90,176,,
'2026-03-15 15:22:46,90,197,,
'2026-03-15 15:22:46,90,177,,
'2026-03-15 15:22:46,90,176,,
'2026-03-15 15:22:46,90,196,,
'2026-03-15 15:22:47,90,177,,
'2026-03-15 15:22:47,90,179,,
'2026-03-15 15:22:47,90,190,,
'2026-03-15 15:22:47,90,176,,
'2026-03-15 15:22:47,90,185,,
'2026-03-15 15:22:48,90,186,,
'2026-03-15 15:22:48,90,175,,
'2026-03-15 15:22:48,90,188,,
'2026-03-15 15:22:48,90,180,,
'2026-03-15 15:22:48,90,175,,
'2026-03-15 15:22:49,90,192,,
'2026-03-15 15:22:49,90,179,,
'2026-03-15 15:22:49,90,174,,
'2026-03-15 15:22:49,90,194,,
'2026-03-15 15:22:50,90,179,,
'2026-03-15 15:22:50,90,174,,
'2026-03-15 15:22:50,90,194,,
'2026-03-15 15:22:50,90,178,,
'2026-03-15 15:22:50,90,175,,
'2026-03-15 15:22:51,90,196,,
'2026-03-15 15:22:51,90,178,,
'2026-03-15 15:22:51,90,175,,
'2026-03-15 15:22:51,90,196,,
'2026-03-15 15:22:51,90,178,,
'2026-03-15 15:22:52,90,176,,
'2026-03-15 15:22:52,90,195,,
'2026-03-15 15:22:52,90,178,,
'2026-03-15 15:22:52,91,179,,
'2026-03-15 15:22:52,91,192,,
'2026-03-15 15:22:53,91,177,,
'2026-03-15 15:22:53,91,185,,
'2026-03-15 15:22:53,91,185,,
'2026-03-15 15:22:53,91,174,,
'2026-03-15 15:22:53,91,187,,
'2026-03-15 15:22:54,91,177,,
'2026-03-15 15:22:54,91,167,,
'2026-03-15 15:22:54,91,184,,
'2026-03-15 15:22:54,91,169,,
'2026-03-15 15:22:54,91,163,,
'2026-03-15 15:22:55,91,184,,
'2026-03-15 15:22:55,91,167,,
'2026-03-15 15:22:55,91,164,,
'2026-03-15 15:22:55,91,186,,
'2026-03-15 15:22:55,91,167,,
'2026-03-15 15:22:56,91,165,,
'2026-03-15 15:22:56,91,185,,
'2026-03-15 15:22:56,91,165,,
'2026-03-15 15:22:56,91,162,,
'2026-03-15 15:22:57,91,176,,
'2026-03-15 15:22:57,91,159,,
'2026-03-15 15:22:57,91,158,,
'2026-03-15 15:22:57,91,174,,
'2026-03-15 15:22:57,91,157,,
'2026-03-15 15:22:58,91,157,,
'2026-03-15 15:22:58,91,168,,
'2026-03-15 15:22:58,91,155,,
'2026-03-15 15:22:58,91,161,,
'2026-03-15 15:22:58,91,166,,
'2026-03-15 15:22:59,91,157,,
'2026-03-15 15:22:59,90,168,,
'2026-03-15 15:22:59,90,166,,
'2026-03-15 15:22:59,90,159,,
'2026-03-15 15:22:59,90,174,,
'2026-03-15 15:23:00,90,164,,
'2026-03-15 15:23:00,90,159,,
'2026-03-15 15:23:00,90,177,,
'2026-03-15 15:23:00,90,164,,
'2026-03-15 15:23:00,90,160,,
'2026-03-15 15:23:01,90,179,,
'2026-03-15 15:23:01,90,164,,
'2026-03-15 15:23:01,90,160,,
'2026-03-15 15:23:01,90,180,,
'2026-03-15 15:23:01,90,165,,
'2026-03-15 15:23:02,90,161,,
'2026-03-15 15:23:02,90,181,,
'2026-03-15 15:23:02,90,165,,
'2026-03-15 15:23:02,90,162,,
'2026-03-15 15:23:02,90,182,,
'2026-03-15 15:23:03,90,166,,
'2026-03-15 15:23:03,90,164,,
'2026-03-15 15:23:03,90,182,,
'2026-03-15 15:23:03,90,166,,
'2026-03-15 15:23:03,90,165,,
'2026-03-15 15:23:04,90,182,,
'2026-03-15 15:23:04,90,166,,
'2026-03-15 15:23:04,90,168,,
'2026-03-15 15:23:04,90,183,,
'2026-03-15 15:23:05,90,165,,
'2026-03-15 15:23:05,90,168,,
'2026-03-15 15:23:05,90,181,,
'2026-03-15 15:23:05,90,164,,
'2026-03-15 15:23:05,89,165,,
'2026-03-15 15:23:06,89,182,,
'2026-03-15 15:23:06,89,164,,
'2026-03-15 15:23:06,88,163,,
'2026-03-15 15:23:06,88,181,,
'2026-03-15 15:23:06,88,165,,
'2026-03-15 15:23:07,88,163,,
'2026-03-15 15:23:07,88,180,,
'2026-03-15 15:23:07,88,166,,
'2026-03-15 15:23:07,88,163,,
'2026-03-15 15:23:07,87,182,,
'2026-03-15 15:23:08,87,168,,
'2026-03-15 15:23:08,87,165,,
'2026-03-15 15:23:08,87,182,,
'2026-03-15 15:23:08,87,170,,
'2026-03-15 15:23:08,87,167,,
'2026-03-15 15:23:09,87,184,,
'2026-03-15 15:23:09,87,171,,
'2026-03-15 15:23:09,88,171,,
'2026-03-15 15:23:09,88,184,,
'2026-03-15 15:23:09,88,170,,
'2026-03-15 15:23:10,88,177,,
'2026-03-15 15:23:10,88,180,,
'2026-03-15 15:23:10,88,168,,
'2026-03-15 15:23:10,88,181,,
'2026-03-15 15:23:10,88,174,,
'2026-03-15 15:23:11,88,167,,
'2026-03-15 15:23:11,89,184,,
'2026-03-15 15:23:11,89,170,,
'2026-03-15 15:23:11,89,166,,
'2026-03-15 15:23:12,90,185,,
'2026-03-15 15:23:12,90,169,,
'2026-03-15 15:23:12,90,165,,
'2026-03-15 15:23:12,90,186,,
'2026-03-15 15:23:12,90,169,,
'2026-03-15 15:23:13,91,167,,
'2026-03-15 15:23:13,91,183,,
'2026-03-15 15:23:13,91,168,,
'2026-03-15 15:23:13,92,173,,
'2026-03-15 15:23:13,92,177,,
'2026-03-15 15:23:14,92,168,,
'2026-03-15 15:23:14,93,180,,
'2026-03-15 15:23:14,93,169,,
'2026-03-15 15:23:14,93,166,,
'2026-03-15 15:23:14,93,185,,
'2026-03-15 15:23:15,93,169,,
'2026-03-15 15:23:15,94,167,,
'2026-03-15 15:23:15,94,185,,
'2026-03-15 15:23:15,94,167,,
'2026-03-15 15:23:15,94,175,,
'2026-03-15 15:23:16,94,170,,
'2026-03-15 15:23:16,94,157,,
'2026-03-15 15:23:16,94,170,,
'2026-03-15 15:23:16,94,154,,
'2026-03-15 15:23:16,94,147,,
'2026-03-15 15:23:17,94,166,,
'2026-03-15 15:23:17,94,149,,
'2026-03-15 15:23:17,94,146,,
'2026-03-15 15:23:17,94,168,,
'2026-03-15 15:23:17,94,152,,
'2026-03-15 15:23:18,94,152,,
'2026-03-15 15:23:18,94,169,,
'2026-03-15 15:23:18,94,155,,
'2026-03-15 15:23:18,94,158,,
'2026-03-15 15:23:18,94,167,,
'2026-03-15 15:23:19,94,158,,
'2026-03-15 15:23:19,94,166,,
'2026-03-15 15:23:19,94,165,,
'2026-03-15 15:23:19,94,158,,
'2026-03-15 15:23:20,94,172,,
'2026-03-15 15:23:20,94,163,,
'2026-03-15 15:23:20,94,157,,
'2026-03-15 15:23:20,94,173,,
'2026-03-15 15:23:20,94,161,,
'2026-03-15 15:23:21,94,156,,
'2026-03-15 15:23:21,93,174,,
'2026-03-15 15:23:21,93,160,,
'2026-03-15 15:23:21,93,155,,
'2026-03-15 15:23:21,92,174,,
'2026-03-15 15:23:22,92,156,,
'2026-03-15 15:23:22,92,153,,
'2026-03-15 15:23:22,91,170,,
'2026-03-15 15:23:22,91,154,,
'2026-03-15 15:23:22,91,150,,
'2026-03-15 15:23:23,89,167,,
'2026-03-15 15:23:23,89,157,,
'2026-03-15 15:23:23,89,150,,
'2026-03-15 15:23:23,89,163,,
'2026-03-15 15:23:23,89,159,,
'2026-03-15 15:23:24,89,153,,
'2026-03-15 15:23:24,88,163,,
'2026-03-15 15:23:24,88,161,,
'2026-03-15 15:23:24,88,154,,
'2026-03-15 15:23:24,88,164,,
'2026-03-15 15:23:25,88,164,,
'2026-03-15 15:23:25,88,155,,
'2026-03-15 15:23:25,87,164,,
'2026-03-15 15:23:25,87,167,,
'2026-03-15 15:23:25,87,155,,
'2026-03-15 15:23:26,86,165,,
'2026-03-15 15:23:26,86,168,,
'2026-03-15 15:23:26,86,155,,
'2026-03-15 15:23:26,86,165,,
'2026-03-15 15:23:27,86,169,,
'2026-03-15 15:23:27,86,156,,
'2026-03-15 15:23:27,85,163,,
'2026-03-15 15:23:27,85,169,,
'2026-03-15 15:23:27,85,156,,
'2026-03-15 15:23:28,85,163,,
'2026-03-15 15:23:28,85,168,,
'2026-03-15 15:23:28,85,155,,
'2026-03-15 15:23:28,85,162,,
'2026-03-15 15:23:28,85,166,,
'2026-03-15 15:23:29,85,152,,
'2026-03-15 15:23:29,86,157,,
'2026-03-15 15:23:29,86,161,,
'2026-03-15 15:23:29,86,149,,
'2026-03-15 15:23:29,86,155,,
'2026-03-15 15:23:30,86,161,,
'2026-03-15 15:23:30,86,150,,
'2026-03-15 15:23:30,86,153,,
'2026-03-15 15:23:30,86,164,,
'2026-03-15 15:23:30,86,153,,
'2026-03-15 15:23:31,86,152,,
'2026-03-15 15:23:31,86,168,,
'2026-03-15 15:23:31,86,154,,
'2026-03-15 15:23:31,86,152,,
'2026-03-15 15:23:31,85,170,,
'2026-03-15 15:23:32,85,156,,
'2026-03-15 15:23:32,85,153,,
'2026-03-15 15:23:32,84,163,,
'2026-03-15 15:23:32,84,167,,
'2026-03-15 15:23:32,84,155,,
'2026-03-15 15:23:33,83,154,,
'2026-03-15 15:23:33,83,173,,
'2026-03-15 15:23:33,83,157,,
'2026-03-15 15:23:33,83,153,,
'2026-03-15 15:23:34,82,170,,
'2026-03-15 15:23:34,82,159,,
'2026-03-15 15:23:34,82,153,,
'2026-03-15 15:23:34,81,168,,
'2026-03-15 15:23:34,81,161,,
'2026-03-15 15:23:35,81,155,,
'2026-03-15 15:23:35,81,167,,
'2026-03-15 15:23:35,81,162,,
'2026-03-15 15:23:35,81,156,,
'2026-03-15 15:23:35,82,168,,
'2026-03-15 15:23:36,82,163,,
'2026-03-15 15:23:36,82,156,,
'2026-03-15 15:23:36,82,169,,
'2026-03-15 15:23:36,82,163,,
'2026-03-15 15:23:36,82,155,,
'2026-03-15 15:23:37,82,171,,
'2026-03-15 15:23:37,82,162,,
'2026-03-15 15:23:37,82,155,,
'2026-03-15 15:23:37,83,172,,
'2026-03-15 15:23:37,83,161,,
'2026-03-15 15:23:38,83,155,,
'2026-03-15 15:23:38,84,172,,
'2026-03-15 15:23:38,84,160,,
'2026-03-15 15:23:38,84,155,,
'2026-03-15 15:23:38,85,172,,
'2026-03-15 15:23:39,85,160,,
'2026-03-15 15:23:39,85,155,,
'2026-03-15 15:23:39,86,171,,
'2026-03-15 15:23:39,86,160,,
'2026-03-15 15:23:39,86,155,,
'2026-03-15 15:23:40,87,171,,
'2026-03-15 15:23:40,87,161,,
'2026-03-15 15:23:40,87,154,,
'2026-03-15 15:23:40,87,170,,
'2026-03-15 15:23:40,87,162,,
'2026-03-15 15:23:41,87,155,,
'2026-03-15 15:23:41,87,171,,
'2026-03-15 15:23:41,87,162,,
'2026-03-15 15:23:41,87,156,,
'2026-03-15 15:23:42,87,171,,
'2026-03-15 15:23:42,87,160,,
'2026-03-15 15:23:42,87,156,,
'2026-03-15 15:23:42,87,172,,
'2026-03-15 15:23:42,87,161,,
'2026-03-15 15:23:43,87,156,,
'2026-03-15 15:23:43,87,172,,
'2026-03-15 15:23:43,87,162,,
'2026-03-15 15:23:43,87,155,,
'2026-03-15 15:23:43,87,172,,
'2026-03-15 15:23:44,87,163,,
'2026-03-15 15:23:44,87,157,,
'2026-03-15 15:23:44,86,171,,
'2026-03-15 15:23:44,86,163,,
'2026-03-15 15:23:44,86,157,,
'2026-03-15 15:23:45,86,170,,
'2026-03-15 15:23:45,86,164,,
'2026-03-15 15:23:45,86,158,,
'2026-03-15 15:23:45,86,168,,
'2026-03-15 15:23:45,86,166,,
'2026-03-15 15:23:46,86,159,,
'2026-03-15 15:23:46,86,169,,
'2026-03-15 15:23:46,86,166,,
'2026-03-15 15:23:46,86,158,,
'2026-03-15 15:23:46,86,169,,
'2026-03-15 15:23:47,86,166,,
'2026-03-15 15:23:47,86,157,,
'2026-03-15 15:23:47,87,169,,
'2026-03-15 15:23:47,87,165,,
'2026-03-15 15:23:47,87,157,,
'2026-03-15 15:23:48,87,169,,
'2026-03-15 15:23:48,87,164,,
'2026-03-15 15:23:48,87,157,,
'2026-03-15 15:23:48,87,171,,
'2026-03-15 15:23:49,87,162,,
'2026-03-15 15:23:49,87,156,,
'2026-03-15 15:23:49,86,166,,
'2026-03-15 15:23:49,86,167,,
'2026-03-15 15:23:49,86,156,,
'2026-03-15 15:23:50,85,157,,
'2026-03-15 15:23:50,85,174,,
'2026-03-15 15:23:50,85,159,,
'2026-03-15 15:23:50,85,156,,
'2026-03-15 15:23:50,84,173,,
'2026-03-15 15:23:51,84,159,,
'2026-03-15 15:23:51,84,156,,
'2026-03-15 15:23:51,84,170,,
'2026-03-15 15:23:51,84,159,,
'2026-03-15 15:23:51,84,157,,
'2026-03-15 15:23:52,84,167,,
'2026-03-15 15:23:52,84,162,,
'2026-03-15 15:23:52,84,158,,
'2026-03-15 15:23:52,84,167,,
'2026-03-15 15:23:52,84,165,,
'2026-03-15 15:23:53,84,158,,
'2026-03-15 15:23:53,84,168,,
'2026-03-15 15:23:53,84,167,,
'2026-03-15 15:23:53,84,158,,
'2026-03-15 15:23:53,84,168,,
'2026-03-15 15:23:54,84,168,,
'2026-03-15 15:23:54,84,158,,
'2026-03-15 15:23:54,84,170,,
'2026-03-15 15:23:54,84,168,,
'2026-03-15 15:23:54,84,160,,
'2026-03-15 15:23:55,84,171,,
'2026-03-15 15:23:55,84,163,,
'2026-03-15 15:23:55,84,159,,
'2026-03-15 15:23:55,84,173,,
'2026-03-15 15:23:55,84,163,,
'2026-03-15 15:23:56,84,159,,
'2026-03-15 15:23:56,86,174,,
'2026-03-15 15:23:56,86,162,,
'2026-03-15 15:23:56,86,159,,
'2026-03-15 15:23:57,87,175,,
'2026-03-15 15:23:57,87,163,,
'2026-03-15 15:23:57,87,159,,
'2026-03-15 15:23:57,88,176,,
'2026-03-15 15:23:57,88,163,,
'2026-03-15 15:23:58,89,160,,
'2026-03-15 15:23:58,89,176,,
'2026-03-15 15:23:58,89,162,,
'2026-03-15 15:23:58,89,160,,
'2026-03-15 15:23:58,89,177,,
'2026-03-15 15:23:59,89,163,,
'2026-03-15 15:23:59,89,160,,
'2026-03-15 15:23:59,88,176,,
'2026-03-15 15:23:59,88,165,,
'2026-03-15 15:23:59,88,160,,
'2026-03-15 15:24:00,87,170,,
'2026-03-15 15:24:00,87,172,,
'2026-03-15 15:24:00,87,161,,
'2026-03-15 15:24:00,86,162,,
'2026-03-15 15:24:00,86,178,,
'2026-03-15 15:24:01,86,163,,
'2026-03-15 15:24:01,85,160,,
'2026-03-15 15:24:01,85,178,,
'2026-03-15 15:24:01,85,164,,
'2026-03-15 15:24:01,85,162,,
'2026-03-15 15:24:02,85,179,,
'2026-03-15 15:24:02,85,165,,
'2026-03-15 15:24:02,85,162,,
'2026-03-15 15:24:02,85,179,,
'2026-03-15 15:24:02,85,165,,
'2026-03-15 15:24:03,84,162,,
'2026-03-15 15:24:03,84,181,,
'2026-03-15 15:24:03,84,165,,
'2026-03-15 15:24:03,84,161,,
'2026-03-15 15:24:04,84,180,,
'2026-03-15 15:24:04,84,165,,
'2026-03-15 15:24:04,84,162,,
'2026-03-15 15:24:04,84,179,,
'2026-03-15 15:24:04,84,166,,
'2026-03-15 15:24:05,84,163,,
'2026-03-15 15:24:05,84,180,,
'2026-03-15 15:24:05,84,166,,
'2026-03-15 15:24:05,84,164,,
'2026-03-15 15:24:05,84,180,,
'2026-03-15 15:24:06,84,167,,
'2026-03-15 15:24:06,84,163,,
'2026-03-15 15:24:06,85,179,,
'2026-03-15 15:24:06,85,168,,
'2026-03-15 15:24:06,85,164,,
'2026-03-15 15:24:07,86,178,,
'2026-03-15 15:24:07,86,169,,
'2026-03-15 15:24:07,86,164,,
'2026-03-15 15:24:07,86,178,,
'2026-03-15 15:24:07,86,171,,
'2026-03-15 15:24:08,86,165,,
'2026-03-15 15:24:08,86,178,,
'2026-03-15 15:24:08,86,170,,
'2026-03-15 15:24:08,86,165,,
'2026-03-15 15:24:08,86,179,,
'2026-03-15 15:24:09,86,172,,
'2026-03-15 15:24:09,86,165,,
'2026-03-15 15:24:09,85,177,,
'2026-03-15 15:24:09,85,176,,
'2026-03-15 15:24:09,85,166,,
'2026-03-15 15:24:10,85,174,,
'2026-03-15 15:24:10,85,180,,
'2026-03-15 15:24:10,85,168,,
'2026-03-15 15:24:10,84,168,,
'2026-03-15 15:24:10,84,184,,
'2026-03-15 15:24:11,84,169,,
'2026-03-15 15:24:11,84,167,,
'2026-03-15 15:24:11,84,183,,
'2026-03-15 15:24:11,84,170,,
'2026-03-15 15:24:12,85,169,,
'2026-03-15 15:24:12,85,184,,
'2026-03-15 15:24:12,85,169,,
'2026-03-15 15:24:12,85,169,,
'2026-03-15 15:24:12,85,183,,
'2026-03-15 15:24:13,85,166,,
'2026-03-15 15:24:13,85,166,,
'2026-03-15 15:24:13,85,179,,
'2026-03-15 15:24:13,85,163,,
'2026-03-15 15:24:13,85,165,,
'2026-03-15 15:24:14,85,179,,
'2026-03-15 15:24:14,85,165,,
'2026-03-15 15:24:14,85,165,,
'2026-03-15 15:24:14,85,180,,
'2026-03-15 15:24:14,85,165,,
'2026-03-15 15:24:15,85,162,,
'2026-03-15 15:24:15,85,177,,
'2026-03-15 15:24:15,85,162,,
'2026-03-15 15:24:15,85,158,,
'2026-03-15 15:24:15,84,172,,
'2026-03-15 15:24:16,84,162,,
'2026-03-15 15:24:16,84,157,,
'2026-03-15 15:24:16,84,168,,
'2026-03-15 15:24:16,84,166,,
'2026-03-15 15:24:16,84,159,,
'2026-03-15 15:24:17,84,164,,
'2026-03-15 15:24:17,84,171,,
'2026-03-15 15:24:17,84,161,,
'2026-03-15 15:24:17,84,163,,
'2026-03-15 15:24:17,84,174,,
'2026-03-15 15:24:18,84,161,,
'2026-03-15 15:24:18,84,161,,
'2026-03-15 15:24:18,84,177,,
'2026-03-15 15:24:18,84,162,,
'2026-03-15 15:24:19,84,162,,
'2026-03-15 15:24:19,84,178,,
'2026-03-15 15:24:19,84,163,,
'2026-03-15 15:24:19,83,161,,
'2026-03-15 15:24:19,83,178,,
'2026-03-15 15:24:20,83,164,,
'2026-03-15 15:24:20,83,161,,
'2026-03-15 15:24:20,83,177,,
'2026-03-15 15:24:20,83,164,,
'2026-03-15 15:24:20,83,161,,
'2026-03-15 15:24:21,83,176,,
'2026-03-15 15:24:21,83,165,,
'2026-03-15 15:24:21,83,162,,
'2026-03-15 15:24:21,83,176,,
'2026-03-15 15:24:21,83,165,,
'2026-03-15 15:24:22,83,163,,
'2026-03-15 15:24:22,84,178,,
'2026-03-15 15:24:22,84,165,,
'2026-03-15 15:24:22,84,164,,
'2026-03-15 15:24:22,86,179,,
'2026-03-15 15:24:23,86,165,,
'2026-03-15 15:24:23,86,163,,
'2026-03-15 15:24:23,86,180,,
'2026-03-15 15:24:23,86,165,,
'2026-03-15 15:24:23,86,163,,
'2026-03-15 15:24:24,86,179,,
'2026-03-15 15:24:24,86,165,,
'2026-03-15 15:24:24,87,165,,
'2026-03-15 15:24:24,87,179,,
'2026-03-15 15:24:24,87,166,,
'2026-03-15 15:24:25,87,165,,
'2026-03-15 15:24:25,87,180,,
'2026-03-15 15:24:25,87,166,,
'2026-03-15 15:24:25,87,165,,
'2026-03-15 15:24:25,87,180,,
'2026-03-15 15:24:26,87,167,,
'2026-03-15 15:24:26,87,165,,
'2026-03-15 15:24:26,87,181,,
'2026-03-15 15:24:26,87,168,,
'2026-03-15 15:24:27,87,165,,
'2026-03-15 15:24:27,87,181,,
'2026-03-15 15:24:27,87,169,,
'2026-03-15 15:24:27,88,167,,
'2026-03-15 15:24:27,88,181,,
'2026-03-15 15:24:28,88,168,,
'2026-03-15 15:24:28,89,173,,
'2026-03-15 15:24:28,89,177,,
'2026-03-15 15:24:28,89,167,,
'2026-03-15 15:24:28,89,177,,
'2026-03-15 15:24:29,89,172,,
'2026-03-15 15:24:29,89,166,,
'2026-03-15 15:24:29,89,177,,
'2026-03-15 15:24:29,89,170,,
'2026-03-15 15:24:29,89,166,,
'2026-03-15 15:24:30,88,176,,
'2026-03-15 15:24:30,88,172,,
'2026-03-15 15:24:30,88,168,,
'2026-03-15 15:24:30,88,172,,
'2026-03-15 15:24:30,88,176,,
'2026-03-15 15:24:31,88,169,,
'2026-03-15 15:24:31,87,168,,
'2026-03-15 15:24:31,87,182,,
'2026-03-15 15:24:31,87,170,,
'2026-03-15 15:24:31,87,167,,
'2026-03-15 15:24:32,87,184,,
'2026-03-15 15:24:32,87,171,,
'2026-03-15 15:24:32,87,168,,
'2026-03-15 15:24:32,87,183,,
'2026-03-15 15:24:32,87,172,,
'2026-03-15 15:24:33,87,169,,
'2026-03-15 15:24:33,86,182,,
'2026-03-15 15:24:33,86,174,,
'2026-03-15 15:24:33,86,170,,
'2026-03-15 15:24:34,85,180,,
'2026-03-15 15:24:34,85,175,,
'2026-03-15 15:24:34,85,168,,
'2026-03-15 15:24:34,84,171,,
'2026-03-15 15:24:34,84,170,,
'2026-03-15 15:24:35,84,156,,
'2026-03-15 15:24:35,82,154,,
'2026-03-15 15:24:35,82,167,,
'2026-03-15 15:24:35,82,152,,
'2026-03-15 15:24:35,82,148,,
'2026-03-15 15:24:36,81,155,,
'2026-03-15 15:24:36,81,150,,
'2026-03-15 15:24:36,81,137,,
'2026-03-15 15:24:36,80,132,,
'2026-03-15 15:24:36,80,145,,
'2026-03-15 15:24:37,80,131,,
'2026-03-15 15:24:37,80,129,,
'2026-03-15 15:24:37,79,140,,
'2026-03-15 15:24:37,79,135,,
'2026-03-15 15:24:37,79,131,,
'2026-03-15 15:24:38,79,136,,
'2026-03-15 15:24:38,79,143,,
'2026-03-15 15:24:38,79,135,,
'2026-03-15 15:24:38,79,135,,
'2026-03-15 15:24:38,79,151,,
'2026-03-15 15:24:39,79,139,,
'2026-03-15 15:24:39,79,137,,
'2026-03-15 15:24:39,78,153,,
'2026-03-15 15:24:39,78,143,,
'2026-03-15 15:24:39,78,139,,
'2026-03-15 15:24:40,78,148,,
'2026-03-15 15:24:40,78,141,,
'2026-03-15 15:24:40,78,135,,
'2026-03-15 15:24:40,78,141,,
'2026-03-15 15:24:40,78,145,,
'2026-03-15 15:24:41,78,136,,
'2026-03-15 15:24:41,78,138,,
'2026-03-15 15:24:41,78,150,,
'2026-03-15 15:24:41,78,138,,
'2026-03-15 15:24:42,78,137,,
'2026-03-15 15:24:42,78,153,,
'2026-03-15 15:24:42,78,141,,
'2026-03-15 15:24:42,80,140,,
'2026-03-15 15:24:42,80,155,,
'2026-03-15 15:24:43,80,144,,
'2026-03-15 15:24:43,81,142,,
'2026-03-15 15:24:43,81,156,,
'2026-03-15 15:24:43,81,145,,
'2026-03-15 15:24:43,81,143,,
'2026-03-15 15:24:44,82,157,,
'2026-03-15 15:24:44,82,145,,
'2026-03-15 15:24:44,82,143,,
'2026-03-15 15:24:44,82,156,,
'2026-03-15 15:24:44,82,146,,
'2026-03-15 15:24:45,82,144,,
'2026-03-15 15:24:45,82,154,,
'2026-03-15 15:24:45,82,150,,
'2026-03-15 15:24:45,82,145,,
'2026-03-15 15:24:45,82,146,,
'2026-03-15 15:24:46,82,160,,
'2026-03-15 15:24:46,82,147,,
'2026-03-15 15:24:46,82,144,,
'2026-03-15 15:24:46,81,158,,
'2026-03-15 15:24:46,81,148,,
'2026-03-15 15:24:47,81,145,,
'2026-03-15 15:24:47,81,152,,
'2026-03-15 15:24:47,81,154,,
'2026-03-15 15:24:47,81,146,,
'2026-03-15 15:24:47,81,147,,
'2026-03-15 15:24:48,81,158,,
'2026-03-15 15:24:48,81,148,,
'2026-03-15 15:24:48,81,145,,
'2026-03-15 15:24:48,81,160,,
'2026-03-15 15:24:49,81,149,,
'2026-03-15 15:24:49,81,147,,
'2026-03-15 15:24:49,80,160,,
'2026-03-15 15:24:49,80,149,,
'2026-03-15 15:24:49,80,148,,
'2026-03-15 15:24:50,80,160,,
'2026-03-15 15:24:50,80,150,,
'2026-03-15 15:24:50,80,148,,
'2026-03-15 15:24:50,80,159,,
'2026-03-15 15:24:50,80,152,,
'2026-03-15 15:24:51,80,148,,
'2026-03-15 15:24:51,80,155,,
'2026-03-15 15:24:51,80,159,,
'2026-03-15 15:24:51,80,149,,
'2026-03-15 15:24:51,80,150,,
'2026-03-15 15:24:52,80,162,,
'2026-03-15 15:24:52,80,150,,
'2026-03-15 15:24:52,80,148,,
'2026-03-15 15:24:52,80,162,,
'2026-03-15 15:24:52,80,151,,
'2026-03-15 15:24:53,80,149,,
'2026-03-15 15:24:53,81,162,,
'2026-03-15 15:24:53,81,152,,
'2026-03-15 15:24:53,81,150,,
'2026-03-15 15:24:53,82,161,,
'2026-03-15 15:24:54,82,152,,
'2026-03-15 15:24:54,82,151,,
'2026-03-15 15:24:54,82,162,,
'2026-03-15 15:24:54,82,154,,
'2026-03-15 15:24:54,82,150,,
'2026-03-15 15:24:55,83,160,,
'2026-03-15 15:24:55,83,157,,
'2026-03-15 15:24:55,83,151,,
'2026-03-15 15:24:55,82,155,,
'2026-03-15 15:24:56,82,165,,
'2026-03-15 15:24:56,82,152,,
'2026-03-15 15:24:56,82,151,,
'2026-03-15 15:24:56,82,166,,
'2026-03-15 15:24:56,82,153,,
'2026-03-15 15:24:57,82,152,,
'2026-03-15 15:24:57,82,165,,
'2026-03-15 15:24:57,82,153,,
'2026-03-15 15:24:57,82,153,,
'2026-03-15 15:24:57,82,164,,
'2026-03-15 15:24:58,82,155,,
'2026-03-15 15:24:58,82,153,,
'2026-03-15 15:24:58,82,164,,
'2026-03-15 15:24:58,82,156,,
'2026-03-15 15:24:58,82,154,,
'2026-03-15 15:24:59,83,164,,
'2026-03-15 15:24:59,83,158,,
'2026-03-15 15:24:59,83,153,,
'2026-03-15 15:24:59,83,164,,
'2026-03-15 15:24:59,83,159,,
'2026-03-15 15:25:00,83,153,,
'2026-03-15 15:25:00,83,164,,
'2026-03-15 15:25:00,83,158,,
'2026-03-15 15:25:00,83,155,,
'2026-03-15 15:25:00,84,164,,
'2026-03-15 15:25:01,84,159,,
'2026-03-15 15:25:01,84,154,,
'2026-03-15 15:25:01,84,164,,
'2026-03-15 15:25:01,84,158,,
'2026-03-15 15:25:01,84,154,,
'2026-03-15 15:25:02,84,163,,
'2026-03-15 15:25:02,84,159,,
'2026-03-15 15:25:02,84,155,,
'2026-03-15 15:25:02,85,163,,
'2026-03-15 15:25:02,85,160,,
'2026-03-15 15:25:03,85,156,,
'2026-03-15 15:25:03,86,165,,
'2026-03-15 15:25:03,86,160,,
'2026-03-15 15:25:03,86,157,,
'2026-03-15 15:25:04,87,168,,
'2026-03-15 15:25:04,87,158,,
'2026-03-15 15:25:04,87,157,,
'2026-03-15 15:25:04,88,171,,
'2026-03-15 15:25:04,88,159,,
'2026-03-15 15:25:05,88,158,,
'2026-03-15 15:25:05,88,170,,
'2026-03-15 15:25:05,88,160,,
'2026-03-15 15:25:05,88,158,,
'2026-03-15 15:25:05,88,171,,
'2026-03-15 15:25:06,88,162,,
'2026-03-15 15:25:06,88,159,,
'2026-03-15 15:25:06,87,168,,
'2026-03-15 15:25:06,87,165,,
'2026-03-15 15:25:06,87,160,,
'2026-03-15 15:25:07,86,162,,
'2026-03-15 15:25:07,86,169,,
'2026-03-15 15:25:07,86,159,,
'2026-03-15 15:25:07,85,157,,
'2026-03-15 15:25:07,85,168,,
'2026-03-15 15:25:08,85,156,,
'2026-03-15 15:25:08,85,153,,
'2026-03-15 15:25:08,85,166,,
'2026-03-15 15:25:08,85,154,,
'2026-03-15 15:25:08,85,153,,
'2026-03-15 15:25:09,85,167,,
'2026-03-15 15:25:09,85,156,,
'2026-03-15 15:25:09,85,153,,
'2026-03-15 15:25:09,84,166,,
'2026-03-15 15:25:09,84,158,,
'2026-03-15 15:25:10,84,155,,
'2026-03-15 15:25:10,83,164,,
'2026-03-15 15:25:10,83,162,,
'2026-03-15 15:25:10,83,157,,
'2026-03-15 15:25:11,82,159,,
'2026-03-15 15:25:11,82,169,,
'2026-03-15 15:25:11,82,158,,
'2026-03-15 15:25:11,81,157,,
'2026-03-15 15:25:11,81,171,,
'2026-03-15 15:25:12,81,158,,
'2026-03-15 15:25:12,81,157,,
'2026-03-15 15:25:12,81,170,,
'2026-03-15 15:25:12,81,159,,
'2026-03-15 15:25:12,82,157,,
'2026-03-15 15:25:13,82,172,,
'2026-03-15 15:25:13,82,160,,
'2026-03-15 15:25:13,84,159,,
'2026-03-15 15:25:13,84,171,,
'2026-03-15 15:25:13,84,161,,
