participant_id,timestamp,t_rel_s,level,event,question_index_global,question_index_level,question_display,selected_answer,correct_answer,is_correct,rt_ms,level_time_left_s,question_time_left_s,accuracy_pct,note
P20260315_152722,2026-03-15T15:27:45.514,0.0,1,EXPERIMENT_START,0,0,,,,,,,,,
P20260315_152722,2026-03-15T15:27:45.516,0.001,1,LEVEL_START,0,0,,,,,,120.0,,,level_1
P20260315_152722,2026-03-15T15:27:45.517,0.002,1,QUESTION_ONSET,1,1,7 - 2 = ?,,5,,,119.999,10.0,,
P20260315_152722,2026-03-15T15:27:49.397,3.883,1,RESPONSE,1,1,7 - 2 = ?,5,5,1,3880,116.119,,100.0,
P20260315_152722,2026-03-15T15:27:50.608,5.094,1,QUESTION_ONSET,2,2,6 + 1 = ?,,7,,,114.908,10.0,100.0,
P20260315_152722,2026-03-15T15:27:52.971,7.457,1,RESPONSE,2,2,6 + 1 = ?,7,7,1,2363,112.545,,100.0,
P20260315_152722,2026-03-15T15:27:54.183,8.669,1,QUESTION_ONSET,3,3,7 - 0 = ?,,7,,,111.332,10.0,100.0,
P20260315_152722,2026-03-15T15:27:56.923,11.409,1,RESPONSE,3,3,7 - 0 = ?,7,7,1,2740,108.593,,100.0,
P20260315_152722,2026-03-15T15:27:58.136,12.622,1,QUESTION_ONSET,4,4,4 + 2 = ?,,6,,,107.38,10.0,100.0,
P20260315_152722,2026-03-15T15:28:00.691,15.177,1,RESPONSE,4,4,4 + 2 = ?,6,6,1,2555,104.825,,100.0,
P20260315_152722,2026-03-15T15:28:01.895,16.381,1,QUESTION_ONSET,5,5,3 - 2 = ?,,1,,,103.621,9.999,100.0,
P20260315_152722,2026-03-15T15:28:04.186,18.672,1,RESPONSE,5,5,3 - 2 = ?,1,1,1,2292,101.329,,100.0,
P20260315_152722,2026-03-15T15:28:05.388,19.874,1,QUESTION_ONSET,6,6,7 - 0 = ?,,7,,,100.127,9.999,100.0,
P20260315_152722,2026-03-15T15:28:07.729,22.214,1,RESPONSE,6,6,7 - 0 = ?,7,7,1,2340,97.787,,100.0,
P20260315_152722,2026-03-15T15:28:08.944,23.43,1,QUESTION_ONSET,7,7,2 + 4 = ?,,6,,,96.572,10.0,100.0,
P20260315_152722,2026-03-15T15:28:11.221,25.706,1,RESPONSE,7,7,2 + 4 = ?,6,6,1,2277,94.295,,100.0,
P20260315_152722,2026-03-15T15:28:12.428,26.914,1,QUESTION_ONSET,8,8,7 - 3 = ?,,4,,,93.087,9.999,100.0,
P20260315_152722,2026-03-15T15:28:15.439,29.924,1,RESPONSE,8,8,7 - 3 = ?,4,4,1,3010,90.077,,100.0,
P20260315_152722,2026-03-15T15:28:16.654,31.139,1,QUESTION_ONSET,9,9,4 - 3 = ?,,1,,,88.862,10.0,100.0,
P20260315_152722,2026-03-15T15:28:19.106,33.591,1,RESPONSE,9,9,4 - 3 = ?,1,1,1,2452,86.41,,100.0,
P20260315_152722,2026-03-15T15:28:20.321,34.807,1,QUESTION_ONSET,10,10,2 + 2 = ?,,4,,,85.194,10.0,100.0,
P20260315_152722,2026-03-15T15:28:22.607,37.093,1,RESPONSE,10,10,2 + 2 = ?,4,4,1,2286,82.908,,100.0,
P20260315_152722,2026-03-15T15:28:23.815,38.301,1,QUESTION_ONSET,11,11,5 - 4 = ?,,1,,,81.701,10.0,100.0,
P20260315_152722,2026-03-15T15:28:25.639,40.125,1,RESPONSE,11,11,5 - 4 = ?,1,1,1,1824,79.877,,100.0,
P20260315_152722,2026-03-15T15:28:26.853,41.339,1,QUESTION_ONSET,12,12,0 + 7 = ?,,7,,,78.662,9.999,100.0,
P20260315_152722,2026-03-15T15:28:29.006,43.491,1,RESPONSE,12,12,0 + 7 = ?,7,7,1,2152,76.51,,100.0,
P20260315_152722,2026-03-15T15:28:30.208,44.694,1,QUESTION_ONSET,13,13,8 - 5 = ?,,3,,,75.307,10.0,100.0,
P20260315_152722,2026-03-15T15:28:32.421,46.907,1,RESPONSE,13,13,8 - 5 = ?,3,3,1,2213,73.094,,100.0,
P20260315_152722,2026-03-15T15:28:33.636,48.121,1,QUESTION_ONSET,14,14,9 - 4 = ?,,5,,,71.88,10.0,100.0,
P20260315_152722,2026-03-15T15:28:35.828,50.314,1,RESPONSE,14,14,9 - 4 = ?,5,5,1,2193,69.687,,100.0,
P20260315_152722,2026-03-15T15:28:37.041,51.527,1,QUESTION_ONSET,15,15,2 - 0 = ?,,2,,,68.475,9.999,100.0,
P20260315_152722,2026-03-15T15:28:38.843,53.329,1,RESPONSE,15,15,2 - 0 = ?,2,2,1,1802,66.673,,100.0,
P20260315_152722,2026-03-15T15:28:40.046,54.532,1,QUESTION_ONSET,16,16,0 + 9 = ?,,9,,,65.47,9.999,100.0,
P20260315_152722,2026-03-15T15:28:42.062,56.547,1,RESPONSE,16,16,0 + 9 = ?,9,9,1,2016,63.454,,100.0,
P20260315_152722,2026-03-15T15:28:43.264,57.75,1,QUESTION_ONSET,17,17,4 + 5 = ?,,9,,,62.251,10.0,100.0,
P20260315_152722,2026-03-15T15:28:44.903,59.388,1,RESPONSE,17,17,4 + 5 = ?,9,9,1,1638,60.613,,100.0,
P20260315_152722,2026-03-15T15:28:46.104,60.59,1,QUESTION_ONSET,18,18,9 - 2 = ?,,7,,,59.411,9.999,100.0,
P20260315_152722,2026-03-15T15:28:48.000,62.486,1,RESPONSE,18,18,9 - 2 = ?,7,7,1,1896,57.516,,100.0,
P20260315_152722,2026-03-15T15:28:49.205,63.691,1,QUESTION_ONSET,19,19,7 - 6 = ?,,1,,,56.311,9.999,100.0,
P20260315_152722,2026-03-15T15:28:51.305,65.791,1,RESPONSE,19,19,7 - 6 = ?,1,1,1,2101,54.21,,100.0,
P20260315_152722,2026-03-15T15:28:52.507,66.993,1,QUESTION_ONSET,20,20,1 + 6 = ?,,7,,,53.009,10.0,100.0,
P20260315_152722,2026-03-15T15:28:54.196,68.682,1,RESPONSE,20,20,1 + 6 = ?,7,7,1,1689,51.319,,100.0,
P20260315_152722,2026-03-15T15:28:55.402,69.887,1,QUESTION_ONSET,21,21,7 + 2 = ?,,9,,,50.114,10.0,100.0,
P20260315_152722,2026-03-15T15:28:57.216,71.701,1,RESPONSE,21,21,7 + 2 = ?,9,9,1,1814,48.3,,100.0,
P20260315_152722,2026-03-15T15:28:58.425,72.911,1,QUESTION_ONSET,22,22,9 - 1 = ?,,8,,,47.09,10.0,100.0,
P20260315_152722,2026-03-15T15:28:59.963,74.449,1,RESPONSE,22,22,9 - 1 = ?,8,8,1,1538,45.552,,100.0,
P20260315_152722,2026-03-15T15:29:01.169,75.655,1,QUESTION_ONSET,23,23,9 - 7 = ?,,2,,,44.347,10.0,100.0,
P20260315_152722,2026-03-15T15:29:03.952,78.438,1,RESPONSE,23,23,9 - 7 = ?,2,2,1,2783,41.563,,100.0,
P20260315_152722,2026-03-15T15:29:05.161,79.646,1,QUESTION_ONSET,24,24,2 + 0 = ?,,2,,,40.355,10.0,100.0,
P20260315_152722,2026-03-15T15:29:06.800,81.286,1,RESPONSE,24,24,2 + 0 = ?,2,2,1,1639,38.716,,100.0,
P20260315_152722,2026-03-15T15:29:08.009,82.495,1,QUESTION_ONSET,25,25,3 - 3 = ?,,0,,,37.506,9.999,100.0,
P20260315_152722,2026-03-15T15:29:10.025,84.511,1,RESPONSE,25,25,3 - 3 = ?,0,0,1,2016,35.49,,100.0,
P20260315_152722,2026-03-15T15:29:11.239,85.725,1,QUESTION_ONSET,26,26,3 - 2 = ?,,1,,,34.277,10.0,100.0,
P20260315_152722,2026-03-15T15:29:13.089,87.575,1,RESPONSE,26,26,3 - 2 = ?,1,1,1,1850,32.426,,100.0,
P20260315_152722,2026-03-15T15:29:14.301,88.787,1,QUESTION_ONSET,27,27,6 - 2 = ?,,4,,,31.214,9.999,100.0,
P20260315_152722,2026-03-15T15:29:16.363,90.849,1,RESPONSE,27,27,6 - 2 = ?,4,4,1,2063,29.153,,100.0,
P20260315_152722,2026-03-15T15:29:17.577,92.063,1,QUESTION_ONSET,28,28,4 + 2 = ?,,6,,,27.939,10.0,100.0,
P20260315_152722,2026-03-15T15:29:19.424,93.91,1,RESPONSE,28,28,4 + 2 = ?,6,6,1,1848,26.091,,100.0,
P20260315_152722,2026-03-15T15:29:20.637,95.122,1,QUESTION_ONSET,29,29,1 - 1 = ?,,0,,,24.879,10.0,100.0,
P20260315_152722,2026-03-15T15:29:22.429,96.914,1,RESPONSE,29,29,1 - 1 = ?,0,0,1,1792,23.087,,100.0,
P20260315_152722,2026-03-15T15:29:23.632,98.118,1,QUESTION_ONSET,30,30,6 - 2 = ?,,4,,,21.883,10.0,100.0,
P20260315_152722,2026-03-15T15:29:25.471,99.957,1,RESPONSE,30,30,6 - 2 = ?,4,4,1,1839,20.044,,100.0,
P20260315_152722,2026-03-15T15:29:26.676,101.162,1,QUESTION_ONSET,31,31,4 + 1 = ?,,5,,,18.839,10.0,100.0,
P20260315_152722,2026-03-15T15:29:29.088,103.574,1,RESPONSE,31,31,4 + 1 = ?,5,5,1,2411,16.428,,100.0,
P20260315_152722,2026-03-15T15:29:30.301,104.787,1,QUESTION_ONSET,32,32,2 - 2 = ?,,0,,,15.215,10.0,100.0,
P20260315_152722,2026-03-15T15:29:32.360,106.845,1,RESPONSE,32,32,2 - 2 = ?,0,0,1,2059,13.156,,100.0,
P20260315_152722,2026-03-15T15:29:33.569,108.054,1,QUESTION_ONSET,33,33,5 - 3 = ?,,2,,,11.947,10.0,100.0,
P20260315_152722,2026-03-15T15:29:35.382,109.868,1,RESPONSE,33,33,5 - 3 = ?,2,2,1,1814,10.133,,100.0,
P20260315_152722,2026-03-15T15:29:36.598,111.084,1,QUESTION_ONSET,34,34,0 + 5 = ?,,5,,,8.918,9.999,100.0,
P20260315_152722,2026-03-15T15:29:38.401,112.887,1,RESPONSE,34,34,0 + 5 = ?,5,5,1,1804,7.114,,100.0,
P20260315_152722,2026-03-15T15:29:39.624,114.11,1,QUESTION_ONSET,35,35,6 - 0 = ?,,6,,,5.891,9.997,100.0,
P20260315_152722,2026-03-15T15:29:42.161,116.647,1,RESPONSE,35,35,6 - 0 = ?,6,6,1,2540,3.355,,100.0,
P20260315_152722,2026-03-15T15:29:43.371,117.857,1,QUESTION_ONSET,36,36,2 + 7 = ?,,9,,,2.145,10.0,100.0,
P20260315_152722,2026-03-15T15:29:45.083,119.569,1,RESPONSE,36,36,2 + 7 = ?,9,9,1,1712,0.433,,100.0,
P20260315_152722,2026-03-15T15:29:45.626,120.112,1,LEVEL_END,36,36,2 + 7 = ?,,9,,,0.0,,100.0,level_1_accuracy_100.00
P20260315_152722,2026-03-15T15:29:47.133,121.619,2,LEVEL_START,36,0,2 + 7 = ?,,9,,,120.0,,100.0,level_2
P20260315_152722,2026-03-15T15:29:47.135,121.62,2,QUESTION_ONSET,37,1,3 - 6 + 9 = ?,,6,,,119.999,10.0,100.0,
P20260315_152722,2026-03-15T15:29:52.786,127.272,2,RESPONSE,37,1,3 - 6 + 9 = ?,6,6,1,5651,114.347,,100.0,
P20260315_152722,2026-03-15T15:29:53.991,128.477,2,QUESTION_ONSET,38,2,0 + 3 + 2 = ?,,5,,,113.142,10.0,100.0,
P20260315_152722,2026-03-15T15:29:56.413,130.899,2,RESPONSE,38,2,0 + 3 + 2 = ?,5,5,1,2422,110.72,,100.0,
P20260315_152722,2026-03-15T15:29:57.631,132.117,2,QUESTION_ONSET,39,3,1 - 2 + 6 = ?,,5,,,109.503,10.0,100.0,
P20260315_152722,2026-03-15T15:30:00.472,134.958,2,RESPONSE,39,3,1 - 2 + 6 = ?,5,5,1,2841,106.661,,100.0,
P20260315_152722,2026-03-15T15:30:01.690,136.176,2,QUESTION_ONSET,40,4,4 - 1 + 1 = ?,,4,,,105.443,10.0,100.0,
P20260315_152722,2026-03-15T15:30:04.072,138.558,2,RESPONSE,40,4,4 - 1 + 1 = ?,4,4,1,2382,103.061,,100.0,
P20260315_152722,2026-03-15T15:30:05.289,139.775,2,QUESTION_ONSET,41,5,1 + 9 - 2 = ?,,8,,,101.844,9.998,100.0,
P20260315_152722,2026-03-15T15:30:07.457,141.943,2,RESPONSE,41,5,1 + 9 - 2 = ?,8,8,1,2169,99.677,,100.0,
P20260315_152722,2026-03-15T15:30:08.664,143.15,2,QUESTION_ONSET,42,6,8 + 4 - 3 = ?,,9,,,98.469,10.0,100.0,
P20260315_152722,2026-03-15T15:30:11.601,146.086,2,RESPONSE,42,6,8 + 4 - 3 = ?,9,9,1,2937,95.533,,100.0,
P20260315_152722,2026-03-15T15:30:12.815,147.301,2,QUESTION_ONSET,43,7,1 + 4 - 1 = ?,,4,,,94.318,10.0,100.0,
P20260315_152722,2026-03-15T15:30:14.940,149.426,2,RESPONSE,43,7,1 + 4 - 1 = ?,4,4,1,2125,92.193,,100.0,
P20260315_152722,2026-03-15T15:30:16.149,150.635,2,QUESTION_ONSET,44,8,5 + 8 - 6 = ?,,7,,,90.984,10.0,100.0,
P20260315_152722,2026-03-15T15:30:19.525,154.011,2,RESPONSE,44,8,5 + 8 - 6 = ?,7,7,1,3376,87.608,,100.0,
P20260315_152722,2026-03-15T15:30:20.730,155.216,2,QUESTION_ONSET,45,9,9 + 8 - 9 = ?,,8,,,86.403,9.999,100.0,
P20260315_152722,2026-03-15T15:30:22.545,157.031,2,RESPONSE,45,9,9 + 8 - 9 = ?,8,8,1,1815,84.588,,100.0,
P20260315_152722,2026-03-15T15:30:23.748,158.233,2,QUESTION_ONSET,46,10,4 - 5 + 5 = ?,,4,,,83.386,10.0,100.0,
P20260315_152722,2026-03-15T15:30:26.320,160.806,2,RESPONSE,46,10,4 - 5 + 5 = ?,4,4,1,2573,80.813,,100.0,
P20260315_152722,2026-03-15T15:30:27.527,162.013,2,QUESTION_ONSET,47,11,9 - 3 - 6 = ?,,0,,,79.606,10.0,100.0,
P20260315_152722,2026-03-15T15:30:30.784,165.27,2,RESPONSE,47,11,9 - 3 - 6 = ?,0,0,1,3256,76.35,,100.0,
P20260315_152722,2026-03-15T15:30:31.995,166.481,2,QUESTION_ONSET,48,12,6 - 0 - 4 = ?,,2,,,75.138,10.0,100.0,
P20260315_152722,2026-03-15T15:30:34.475,168.961,2,RESPONSE,48,12,6 - 0 - 4 = ?,2,2,1,2480,72.658,,100.0,
P20260315_152722,2026-03-15T15:30:35.691,170.177,2,QUESTION_ONSET,49,13,8 - 8 + 4 = ?,,4,,,71.442,10.0,100.0,
P20260315_152722,2026-03-15T15:30:37.853,172.339,2,RESPONSE,49,13,8 - 8 + 4 = ?,4,4,1,2162,69.281,,100.0,
P20260315_152722,2026-03-15T15:30:39.070,173.556,2,QUESTION_ONSET,50,14,0 - 2 + 2 = ?,,0,,,68.063,10.0,100.0,
P20260315_152722,2026-03-15T15:30:41.195,175.681,2,RESPONSE,50,14,0 - 2 + 2 = ?,0,0,1,2125,65.938,,100.0,
P20260315_152722,2026-03-15T15:30:42.403,176.889,2,QUESTION_ONSET,51,15,1 - 1 + 6 = ?,,6,,,64.73,9.999,100.0,
P20260315_152722,2026-03-15T15:30:45.030,179.516,2,RESPONSE,51,15,1 - 1 + 6 = ?,6,6,1,2628,62.103,,100.0,
P20260315_152722,2026-03-15T15:30:46.234,180.72,2,QUESTION_ONSET,52,16,4 + 1 - 1 = ?,,4,,,60.899,10.0,100.0,
P20260315_152722,2026-03-15T15:30:48.213,182.699,2,RESPONSE,52,16,4 + 1 - 1 = ?,4,4,1,1979,58.92,,100.0,
P20260315_152722,2026-03-15T15:30:49.415,183.901,2,QUESTION_ONSET,53,17,5 - 6 + 7 = ?,,6,,,57.718,10.0,100.0,
P20260315_152722,2026-03-15T15:30:52.061,186.547,2,RESPONSE,53,17,5 - 6 + 7 = ?,6,6,1,2645,55.073,,100.0,
P20260315_152722,2026-03-15T15:30:53.263,187.749,2,QUESTION_ONSET,54,18,1 + 0 + 0 = ?,,1,,,53.87,10.0,100.0,
P20260315_152722,2026-03-15T15:30:54.972,189.458,2,RESPONSE,54,18,1 + 0 + 0 = ?,1,1,1,1709,52.161,,100.0,
P20260315_152722,2026-03-15T15:30:56.186,190.671,2,QUESTION_ONSET,55,19,5 + 8 - 7 = ?,,6,,,50.948,10.0,100.0,
P20260315_152722,2026-03-15T15:30:59.495,193.981,2,RESPONSE,55,19,5 + 8 - 7 = ?,6,6,1,3309,47.638,,100.0,
P20260315_152722,2026-03-15T15:31:00.701,195.187,2,QUESTION_ONSET,56,20,1 - 6 + 7 = ?,,2,,,46.432,9.999,100.0,
P20260315_152722,2026-03-15T15:31:03.453,197.939,2,RESPONSE,56,20,1 - 6 + 7 = ?,2,2,1,2752,43.68,,100.0,
P20260315_152722,2026-03-15T15:31:04.661,199.147,2,QUESTION_ONSET,57,21,4 - 1 + 3 = ?,,6,,,42.472,10.0,100.0,
P20260315_152722,2026-03-15T15:31:07.546,202.032,2,RESPONSE,57,21,4 - 1 + 3 = ?,6,6,1,2885,39.588,,100.0,
P20260315_152722,2026-03-15T15:31:08.762,203.248,2,QUESTION_ONSET,58,22,3 - 0 - 2 = ?,,1,,,38.371,9.999,100.0,
P20260315_152722,2026-03-15T15:31:10.961,205.447,2,RESPONSE,58,22,3 - 0 - 2 = ?,1,1,1,2199,36.172,,100.0,
P20260315_152722,2026-03-15T15:31:12.178,206.664,2,QUESTION_ONSET,59,23,8 - 3 - 2 = ?,,3,,,34.955,10.0,100.0,
P20260315_152722,2026-03-15T15:31:14.188,208.673,2,RESPONSE,59,23,8 - 3 - 2 = ?,3,3,1,2009,32.946,,100.0,
P20260315_152722,2026-03-15T15:31:15.396,209.882,2,QUESTION_ONSET,60,24,0 - 0 + 1 = ?,,1,,,31.737,10.0,100.0,
P20260315_152722,2026-03-15T15:31:17.470,211.956,2,RESPONSE,60,24,0 - 0 + 1 = ?,1,1,1,2074,29.663,,100.0,
P20260315_152722,2026-03-15T15:31:18.674,213.16,2,QUESTION_ONSET,61,25,3 + 5 + 0 = ?,,8,,,28.459,10.0,100.0,
P20260315_152722,2026-03-15T15:31:20.599,215.085,2,RESPONSE,61,25,3 + 5 + 0 = ?,8,8,1,1925,26.534,,100.0,
P20260315_152722,2026-03-15T15:31:21.805,216.291,2,QUESTION_ONSET,62,26,1 + 8 + 0 = ?,,9,,,25.329,10.0,100.0,
P20260315_152722,2026-03-15T15:31:23.648,218.134,2,RESPONSE,62,26,1 + 8 + 0 = ?,9,9,1,1843,23.485,,100.0,
P20260315_152722,2026-03-15T15:31:24.864,219.349,2,QUESTION_ONSET,63,27,9 - 5 + 2 = ?,,6,,,22.27,9.997,100.0,
P20260315_152722,2026-03-15T15:31:27.531,222.016,2,RESPONSE,63,27,9 - 5 + 2 = ?,6,6,1,2669,19.603,,100.0,
P20260315_152722,2026-03-15T15:31:28.743,223.229,2,QUESTION_ONSET,64,28,5 + 1 - 5 = ?,,1,,,18.391,10.0,100.0,
P20260315_152722,2026-03-15T15:31:30.688,225.174,2,RESPONSE,64,28,5 + 1 - 5 = ?,1,1,1,1945,16.445,,100.0,
P20260315_152722,2026-03-15T15:31:31.897,226.383,2,QUESTION_ONSET,65,29,9 - 3 + 3 = ?,,9,,,15.236,9.999,100.0,
P20260315_152722,2026-03-15T15:31:33.509,227.995,2,RESPONSE,65,29,9 - 3 + 3 = ?,9,9,1,1612,13.625,,100.0,
P20260315_152722,2026-03-15T15:31:34.726,229.211,2,QUESTION_ONSET,66,30,1 - 6 + 7 = ?,,2,,,12.408,9.999,100.0,
P20260315_152722,2026-03-15T15:31:37.120,231.606,2,RESPONSE,66,30,1 - 6 + 7 = ?,2,2,1,2394,10.013,,100.0,
P20260315_152722,2026-03-15T15:31:38.331,232.817,2,QUESTION_ONSET,67,31,1 - 0 + 4 = ?,,5,,,8.802,10.0,100.0,
P20260315_152722,2026-03-15T15:31:40.675,235.16,2,RESPONSE,67,31,1 - 0 + 4 = ?,5,5,1,2343,6.459,,100.0,
P20260315_152722,2026-03-15T15:31:41.888,236.374,2,QUESTION_ONSET,68,32,3 - 8 + 5 = ?,,0,,,5.245,9.999,100.0,
P20260315_152722,2026-03-15T15:31:44.421,238.907,2,RESPONSE,68,32,3 - 8 + 5 = ?,0,0,1,2533,2.712,,100.0,
P20260315_152722,2026-03-15T15:31:45.632,240.118,2,QUESTION_ONSET,69,33,1 - 2 + 9 = ?,,8,,,1.501,10.0,100.0,
P20260315_152722,2026-03-15T15:31:47.200,241.686,2,LEVEL_END,69,33,1 - 2 + 9 = ?,,8,,,0.0,,100.0,level_2_accuracy_100.00
P20260315_152722,2026-03-15T15:31:48.708,243.194,3,LEVEL_START,69,0,1 - 2 + 9 = ?,,8,,,120.0,,100.0,level_3
P20260315_152722,2026-03-15T15:31:48.710,243.196,3,QUESTION_ONSET,70,1,4 - 9 + 11 = ?,,6,,,119.998,10.0,100.0,
P20260315_152722,2026-03-15T15:31:52.044,246.53,3,RESPONSE,70,1,4 - 9 + 11 = ?,6,6,1,3334,116.664,,100.0,
P20260315_152722,2026-03-15T15:31:53.253,247.739,3,QUESTION_ONSET,71,2,1 - 4 + 4 = ?,,1,,,115.455,10.0,100.0,
P20260315_152722,2026-03-15T15:31:55.303,249.789,3,RESPONSE,71,2,1 - 4 + 4 = ?,1,1,1,2050,113.405,,100.0,
P20260315_152722,2026-03-15T15:31:56.515,251.001,3,QUESTION_ONSET,72,3,4 + 3 - 6 = ?,,1,,,112.193,10.0,100.0,
P20260315_152722,2026-03-15T15:31:59.323,253.809,3,RESPONSE,72,3,4 + 3 - 6 = ?,1,1,1,2808,109.385,,100.0,
P20260315_152722,2026-03-15T15:32:00.529,255.015,3,QUESTION_ONSET,73,4,6 + 1 - 6 + 3 = ?,,4,,,108.179,10.0,100.0,
P20260315_152722,2026-03-15T15:32:03.266,257.752,3,RESPONSE,73,4,6 + 1 - 6 + 3 = ?,4,4,1,2737,105.442,,100.0,
P20260315_152722,2026-03-15T15:32:04.480,258.965,3,QUESTION_ONSET,74,5,0 + 6 + 0 - 6 = ?,,0,,,104.229,9.999,100.0,
P20260315_152722,2026-03-15T15:32:06.463,260.949,3,RESPONSE,74,5,0 + 6 + 0 - 6 = ?,0,0,1,1983,102.245,,100.0,
P20260315_152722,2026-03-15T15:32:07.675,262.161,3,QUESTION_ONSET,75,6,80 + 9 + 2 - 91 = ?,,0,,,101.033,9.999,100.0,
P20260315_152722,2026-03-15T15:32:13.126,267.612,3,RESPONSE,75,6,80 + 9 + 2 - 91 = ?,0,0,1,5451,95.582,,100.0,
P20260315_152722,2026-03-15T15:32:14.333,268.818,3,QUESTION_ONSET,76,7,1 + 56 - 57 = ?,,0,,,94.376,10.0,100.0,
P20260315_152722,2026-03-15T15:32:17.314,271.8,3,RESPONSE,76,7,1 + 56 - 57 = ?,0,0,1,2981,91.394,,100.0,
P20260315_152722,2026-03-15T15:32:18.520,273.005,3,QUESTION_ONSET,77,8,2 - 3 + 0 + 3 = ?,,2,,,90.189,10.0,100.0,
P20260315_152722,2026-03-15T15:32:20.971,275.456,3,RESPONSE,77,8,2 - 3 + 0 + 3 = ?,2,2,1,2451,87.738,,100.0,
P20260315_152722,2026-03-15T15:32:22.191,276.676,3,QUESTION_ONSET,78,9,10 + 7 - 9 = ?,,8,,,86.518,9.999,100.0,
P20260315_152722,2026-03-15T15:32:25.007,279.492,3,RESPONSE,78,9,10 + 7 - 9 = ?,8,8,1,2816,83.702,,100.0,
P20260315_152722,2026-03-15T15:32:26.216,280.701,3,QUESTION_ONSET,79,10,9 - 4 + 12 - 9 = ?,,8,,,82.493,10.0,100.0,
P20260315_152722,2026-03-15T15:32:28.828,283.313,3,RESPONSE,79,10,9 - 4 + 12 - 9 = ?,8,8,1,2612,79.881,,100.0,
P20260315_152722,2026-03-15T15:32:30.033,284.518,3,QUESTION_ONSET,80,11,4 + 8 - 6 = ?,,6,,,78.676,10.0,100.0,
P20260315_152722,2026-03-15T15:32:32.659,287.145,3,RESPONSE,80,11,4 + 8 - 6 = ?,6,6,1,2626,76.049,,100.0,
P20260315_152722,2026-03-15T15:32:33.872,288.357,3,QUESTION_ONSET,81,12,2 - 1 - 1 + 6 = ?,,6,,,74.837,10.0,100.0,
P20260315_152722,2026-03-15T15:32:36.606,291.092,3,RESPONSE,81,12,2 - 1 - 1 + 6 = ?,6,6,1,2734,72.102,,100.0,
P20260315_152722,2026-03-15T15:32:37.823,292.308,3,QUESTION_ONSET,82,13,5 - 4 + 0 = ?,,1,,,70.886,9.999,100.0,
P20260315_152722,2026-03-15T15:32:39.934,294.42,3,RESPONSE,82,13,5 - 4 + 0 = ?,1,1,1,2112,68.774,,100.0,
P20260315_152722,2026-03-15T15:32:41.151,295.637,3,QUESTION_ONSET,83,14,0 + 3 - 1 = ?,,2,,,67.557,9.999,100.0,
P20260315_152722,2026-03-15T15:32:43.303,297.789,3,RESPONSE,83,14,0 + 3 - 1 = ?,2,2,1,2153,65.405,,100.0,
P20260315_152722,2026-03-15T15:32:44.517,299.003,3,QUESTION_ONSET,84,15,8 + 6 + 2 - 9 = ?,,7,,,64.191,10.0,100.0,
P20260315_152722,2026-03-15T15:32:52.098,306.584,3,RESPONSE,84,15,8 + 6 + 2 - 9 = ?,6,7,0,7580,56.611,,98.8,
P20260315_152722,2026-03-15T15:32:53.301,307.786,3,QUESTION_ONSET,85,16,9 + 0 - 9 = ?,,0,,,55.408,10.0,98.8,
P20260315_152722,2026-03-15T15:32:56.114,310.6,3,RESPONSE,85,16,9 + 0 - 9 = ?,0,0,1,2813,52.594,,98.81,
P20260315_152722,2026-03-15T15:32:57.327,311.812,3,QUESTION_ONSET,86,17,87 + 4 - 84 = ?,,7,,,51.382,10.0,98.81,
P20260315_152722,2026-03-15T15:32:59.583,314.069,3,RESPONSE,86,17,87 + 4 - 84 = ?,7,7,1,2256,49.125,,98.82,
P20260315_152722,2026-03-15T15:33:00.785,315.271,3,QUESTION_ONSET,87,18,0 + 8 - 2 - 0 = ?,,6,,,47.923,10.0,98.82,
P20260315_152722,2026-03-15T15:33:03.212,317.697,3,RESPONSE,87,18,0 + 8 - 2 - 0 = ?,6,6,1,2426,45.497,,98.84,
P20260315_152722,2026-03-15T15:33:04.415,318.901,3,QUESTION_ONSET,88,19,3 + 0 - 3 = ?,,0,,,44.293,10.0,98.84,
P20260315_152722,2026-03-15T15:33:06.343,320.828,3,RESPONSE,88,19,3 + 0 - 3 = ?,0,0,1,1927,42.366,,98.85,
P20260315_152722,2026-03-15T15:33:07.553,322.039,3,QUESTION_ONSET,89,20,59 + 5 - 64 = ?,,0,,,41.155,10.0,98.85,
P20260315_152722,2026-03-15T15:33:12.104,326.589,3,RESPONSE,89,20,59 + 5 - 64 = ?,0,0,1,4551,36.605,,98.86,
P20260315_152722,2026-03-15T15:33:13.306,327.792,3,QUESTION_ONSET,90,21,22 - 8 - 2 - 7 = ?,,5,,,35.402,10.0,98.86,
P20260315_152722,2026-03-15T15:33:16.507,330.992,3,RESPONSE,90,21,22 - 8 - 2 - 7 = ?,7,5,0,3200,32.202,,97.75,
P20260315_152722,2026-03-15T15:33:17.711,332.196,3,QUESTION_ONSET,91,22,1 + 4 - 1 - 4 = ?,,0,,,30.998,9.999,97.75,
P20260315_152722,2026-03-15T15:33:20.455,334.94,3,RESPONSE,91,22,1 + 4 - 1 - 4 = ?,0,0,1,2745,28.254,,97.78,
P20260315_152722,2026-03-15T15:33:21.657,336.142,3,QUESTION_ONSET,92,23,5 + 9 - 5 = ?,,9,,,27.052,10.0,97.78,
P20260315_152722,2026-03-15T15:33:23.794,338.279,3,RESPONSE,92,23,5 + 9 - 5 = ?,9,9,1,2137,24.915,,97.8,
P20260315_152722,2026-03-15T15:33:24.996,339.481,3,QUESTION_ONSET,93,24,1 + 0 + 5 = ?,,6,,,23.713,10.0,97.8,
P20260315_152722,2026-03-15T15:33:27.224,341.71,3,RESPONSE,93,24,1 + 0 + 5 = ?,6,6,1,2228,21.484,,97.83,
P20260315_152722,2026-03-15T15:33:28.437,342.922,3,QUESTION_ONSET,94,25,57 - 56 - 4 + 4 = ?,,1,,,20.272,9.999,97.83,
P20260315_152722,2026-03-15T15:33:31.343,345.829,3,RESPONSE,94,25,57 - 56 - 4 + 4 = ?,1,1,1,2907,17.365,,97.85,
P20260315_152722,2026-03-15T15:33:32.547,347.033,3,QUESTION_ONSET,95,26,0 + 7 - 4 = ?,,3,,,16.161,10.0,97.85,
P20260315_152722,2026-03-15T15:33:35.084,349.569,3,RESPONSE,95,26,0 + 7 - 4 = ?,3,3,1,2536,13.625,,97.87,
P20260315_152722,2026-03-15T15:33:36.291,350.777,3,QUESTION_ONSET,96,27,0 + 3 - 2 = ?,,1,,,12.417,10.0,97.87,
P20260315_152722,2026-03-15T15:33:38.117,352.603,3,RESPONSE,96,27,0 + 3 - 2 = ?,1,1,1,1826,10.591,,97.89,
P20260315_152722,2026-03-15T15:33:39.321,353.807,3,QUESTION_ONSET,97,28,3 + 14 - 15 + 7 = ?,,9,,,9.387,10.0,97.89,
P20260315_152722,2026-03-15T15:33:44.382,358.867,3,RESPONSE,97,28,3 + 14 - 15 + 7 = ?,9,9,1,5061,4.327,,97.92,
P20260315_152722,2026-03-15T15:33:45.584,360.07,3,QUESTION_ONSET,98,29,0 - 4 + 5 = ?,,1,,,3.124,9.999,97.92,
P20260315_152722,2026-03-15T15:33:47.728,362.214,3,RESPONSE,98,29,0 - 4 + 5 = ?,1,1,1,2145,0.98,,97.94,
P20260315_152722,2026-03-15T15:33:48.811,363.296,3,LEVEL_END,98,29,0 - 4 + 5 = ?,,1,,,0.0,,97.94,level_3_accuracy_97.94
P20260315_152722,2026-03-15T15:33:50.312,364.797,4,LEVEL_START,98,0,0 - 4 + 5 = ?,,1,,,120.0,,97.94,level_4
P20260315_152722,2026-03-15T15:33:50.313,364.799,4,QUESTION_ONSET,99,1,8 - 7 × 2 + 7 = ?,,1,,,119.998,10.0,97.94,
P20260315_152722,2026-03-15T15:34:00.397,374.883,4,TIMEOUT,99,1,8 - 7 × 2 + 7 = ?,,1,0,10000,109.915,,96.94,
P20260315_152722,2026-03-15T15:34:01.599,376.085,4,QUESTION_ONSET,100,2,6 - 1 × 2 = ?,,4,,,108.713,10.0,96.94,
P20260315_152722,2026-03-15T15:34:04.628,379.114,4,RESPONSE,100,2,6 - 1 × 2 = ?,4,4,1,3029,105.683,,96.97,
P20260315_152722,2026-03-15T15:34:05.833,380.318,4,QUESTION_ONSET,101,3,4 × 22 - 4 - 83 = ?,,1,,,104.479,9.999,96.97,
P20260315_152722,2026-03-15T15:34:09.723,384.209,4,RESPONSE,101,3,4 × 22 - 4 - 83 = ?,1,1,1,3891,100.588,,97.0,
P20260315_152722,2026-03-15T15:34:10.943,385.429,4,QUESTION_ONSET,102,4,2 × 6 - 1 - 8 = ?,,3,,,99.368,9.996,97.0,
P20260315_152722,2026-03-15T15:34:14.899,389.384,4,RESPONSE,102,4,2 × 6 - 1 - 8 = ?,3,3,1,3958,95.413,,97.03,
P20260315_152722,2026-03-15T15:34:16.102,390.588,4,QUESTION_ONSET,103,5,7 - 1 × 3 = ?,,4,,,94.209,10.0,97.03,
P20260315_152722,2026-03-15T15:34:18.345,392.831,4,RESPONSE,103,5,7 - 1 × 3 = ?,4,4,1,2243,91.966,,97.06,
P20260315_152722,2026-03-15T15:34:19.563,394.049,4,QUESTION_ONSET,104,6,1 - 4 + 6 × 1 = ?,,3,,,90.749,9.999,97.06,
P20260315_152722,2026-03-15T15:34:24.273,398.759,4,RESPONSE,104,6,1 - 4 + 6 × 1 = ?,3,3,1,4710,86.039,,97.09,
P20260315_152722,2026-03-15T15:34:25.476,399.962,4,QUESTION_ONSET,105,7,4 × 2 + 29 - 37 = ?,,0,,,84.835,10.0,97.09,
P20260315_152722,2026-03-15T15:34:34.876,409.362,4,RESPONSE,105,7,4 × 2 + 29 - 37 = ?,1,0,0,9400,75.435,,96.15,
P20260315_152722,2026-03-15T15:34:36.087,410.572,4,QUESTION_ONSET,106,8,9 - 1 × 5 = ?,,4,,,74.225,10.0,96.15,
P20260315_152722,2026-03-15T15:34:38.699,413.184,4,RESPONSE,106,8,9 - 1 × 5 = ?,4,4,1,2612,71.613,,96.19,
P20260315_152722,2026-03-15T15:34:39.902,414.388,4,QUESTION_ONSET,107,9,70 - 7 × 9 = ?,,7,,,70.41,10.0,96.19,
P20260315_152722,2026-03-15T15:34:44.314,418.8,4,RESPONSE,107,9,70 - 7 × 9 = ?,7,7,1,4412,65.998,,96.23,
P20260315_152722,2026-03-15T15:34:45.517,420.003,4,QUESTION_ONSET,108,10,1 × 1 - 8 + 15 = ?,,8,,,64.794,9.999,96.23,
P20260315_152722,2026-03-15T15:34:49.742,424.227,4,RESPONSE,108,10,1 × 1 - 8 + 15 = ?,8,8,1,4224,60.57,,96.26,
P20260315_152722,2026-03-15T15:34:50.959,425.444,4,QUESTION_ONSET,109,11,13 - 2 × 3 - 5 = ?,,2,,,59.353,10.0,96.26,
P20260315_152722,2026-03-15T15:34:58.931,433.417,4,RESPONSE,109,11,13 - 2 × 3 - 5 = ?,2,2,1,7972,51.381,,96.3,
P20260315_152722,2026-03-15T15:35:00.133,434.619,4,QUESTION_ONSET,110,12,4 × 1 + 2 = ?,,6,,,50.178,10.0,96.3,
P20260315_152722,2026-03-15T15:35:03.083,437.568,4,RESPONSE,110,12,4 × 1 + 2 = ?,6,6,1,2949,47.229,,96.33,
P20260315_152722,2026-03-15T15:35:04.299,438.785,4,QUESTION_ONSET,111,13,35 - 8 × 4 + 5 = ?,,8,,,46.012,10.0,96.33,
P20260315_152722,2026-03-15T15:35:08.094,442.579,4,RESPONSE,111,13,35 - 8 × 4 + 5 = ?,8,8,1,3795,42.218,,96.36,
P20260315_152722,2026-03-15T15:35:09.296,443.782,4,QUESTION_ONSET,112,14,1 × 8 + 5 - 4 = ?,,9,,,41.015,10.0,96.36,
P20260315_152722,2026-03-15T15:35:14.944,449.43,4,RESPONSE,112,14,1 × 8 + 5 - 4 = ?,9,9,1,5647,35.368,,96.4,
P20260315_152722,2026-03-15T15:35:16.155,450.641,4,QUESTION_ONSET,113,15,62 - 62 + 8 × 1 = ?,,8,,,34.156,10.0,96.4,
P20260315_152722,2026-03-15T15:35:19.947,454.432,4,RESPONSE,113,15,62 - 62 + 8 × 1 = ?,8,8,1,3791,30.365,,96.43,
P20260315_152722,2026-03-15T15:35:21.153,455.639,4,QUESTION_ONSET,114,16,3 - 7 × 1 + 4 = ?,,0,,,29.159,10.0,96.43,
P20260315_152722,2026-03-15T15:35:25.863,460.348,4,RESPONSE,114,16,3 - 7 × 1 + 4 = ?,0,0,1,4710,24.449,,96.46,
P20260315_152722,2026-03-15T15:35:27.083,461.569,4,QUESTION_ONSET,115,17,4 - 6 × 1 + 3 = ?,,1,,,23.229,10.0,96.46,
P20260315_152722,2026-03-15T15:35:33.451,467.937,4,RESPONSE,115,17,4 - 6 × 1 + 3 = ?,2,1,0,6368,16.861,,95.61,
P20260315_152722,2026-03-15T15:35:34.653,469.139,4,QUESTION_ONSET,116,18,22 - 3 × 6 + 0 = ?,,4,,,15.658,10.0,95.61,
P20260315_152722,2026-03-15T15:35:39.552,474.038,4,RESPONSE,116,18,22 - 3 × 6 + 0 = ?,4,4,1,4899,10.759,,95.65,
P20260315_152722,2026-03-15T15:35:40.758,475.244,4,QUESTION_ONSET,117,19,6 × 1 - 4 + 4 = ?,,6,,,9.553,10.0,95.65,
P20260315_152722,2026-03-15T15:35:44.133,478.619,4,RESPONSE,117,19,6 × 1 - 4 + 4 = ?,6,6,1,3375,6.178,,95.69,
P20260315_152722,2026-03-15T15:35:45.341,479.827,4,QUESTION_ONSET,118,20,8 × 1 - 3 = ?,,5,,,4.97,10.0,95.69,
P20260315_152722,2026-03-15T15:35:48.441,482.926,4,RESPONSE,118,20,8 × 1 - 3 = ?,5,5,1,3099,1.871,,95.73,
P20260315_152722,2026-03-15T15:35:49.648,484.134,4,QUESTION_ONSET,119,21,1 × 5 + 0 - 2 = ?,,3,,,0.663,9.999,95.73,
P20260315_152722,2026-03-15T15:35:50.377,484.862,4,LEVEL_END,119,21,1 × 5 + 0 - 2 = ?,,3,,,0.0,,95.73,level_4_accuracy_95.73
P20260315_152722,2026-03-15T15:35:51.884,486.37,5,LEVEL_START,119,0,1 × 5 + 0 - 2 = ?,,3,,,120.0,,95.73,level_5
P20260315_152722,2026-03-15T15:35:51.886,486.371,5,QUESTION_ONSET,120,1,12 × 4 ÷ 2 - 20 = ?,,4,,,119.999,9.999,95.73,
P20260315_152722,2026-03-15T15:36:01.397,495.882,5,RESPONSE,120,1,12 × 4 ÷ 2 - 20 = ?,4,4,1,9511,110.488,,95.76,
P20260315_152722,2026-03-15T15:36:02.599,497.085,5,QUESTION_ONSET,121,2,1 × 49 ÷ 7 - 1 = ?,,6,,,109.285,10.0,95.76,
P20260315_152722,2026-03-15T15:36:06.077,500.562,5,RESPONSE,121,2,1 × 49 ÷ 7 - 1 = ?,6,6,1,3477,105.808,,95.8,
P20260315_152722,2026-03-15T15:36:07.294,501.779,5,QUESTION_ONSET,122,3,18 × 7 ÷ 18 - 6 = ?,,1,,,104.591,10.0,95.8,
P20260315_152722,2026-03-15T15:36:12.422,506.908,5,RESPONSE,122,3,18 × 7 ÷ 18 - 6 = ?,1,1,1,5128,99.462,,95.83,
P20260315_152722,2026-03-15T15:36:13.626,508.112,5,QUESTION_ONSET,123,4,17 × 3 ÷ 17 + 0 = ?,,3,,,98.258,10.0,95.83,
P20260315_152722,2026-03-15T15:36:17.034,511.519,5,RESPONSE,123,4,17 × 3 ÷ 17 + 0 = ?,3,3,1,3407,94.851,,95.87,
P20260315_152722,2026-03-15T15:36:18.236,512.722,5,QUESTION_ONSET,124,5,12 × 44 ÷ 24 - 15 = ?,,7,,,93.649,9.999,95.87,
P20260315_152722,2026-03-15T15:36:22.733,517.219,5,RESPONSE,124,5,12 × 44 ÷ 24 - 15 = ?,9,7,0,4498,89.151,,95.08,
P20260315_152722,2026-03-15T15:36:23.936,518.421,5,QUESTION_ONSET,125,6,4 × 10 ÷ 10 + 0 = ?,,4,,,87.949,9.999,95.08,
P20260315_152722,2026-03-15T15:36:26.737,521.223,5,RESPONSE,125,6,4 × 10 ÷ 10 + 0 = ?,4,4,1,2802,85.147,,95.12,
P20260315_152722,2026-03-15T15:36:27.939,522.425,5,QUESTION_ONSET,126,7,14 × 1 ÷ 14 + 2 = ?,,3,,,83.945,9.999,95.12,
P20260315_152722,2026-03-15T15:36:31.879,526.365,5,RESPONSE,126,7,14 × 1 ÷ 14 + 2 = ?,2,3,0,3940,80.005,,94.35,
P20260315_152722,2026-03-15T15:36:33.082,527.567,5,QUESTION_ONSET,127,8,16 × 3 ÷ 24 + 0 = ?,,2,,,78.803,10.0,94.35,
P20260315_152722,2026-03-15T15:36:39.634,534.12,5,RESPONSE,127,8,16 × 3 ÷ 24 + 0 = ?,2,2,1,6553,72.25,,94.4,
P20260315_152722,2026-03-15T15:36:40.841,535.327,5,QUESTION_ONSET,128,9,2 × 85 ÷ 10 - 16 = ?,,1,,,71.043,9.999,94.4,
P20260315_152722,2026-03-15T15:36:46.122,540.608,5,RESPONSE,128,9,2 × 85 ÷ 10 - 16 = ?,0,1,0,5281,65.762,,93.65,
P20260315_152722,2026-03-15T15:36:47.326,541.812,5,QUESTION_ONSET,129,10,91 × 3 ÷ 21 - 7 = ?,,6,,,64.558,9.999,93.65,
P20260315_152722,2026-03-15T15:36:57.407,551.893,5,TIMEOUT,129,10,91 × 3 ÷ 21 - 7 = ?,,6,0,10000,54.477,,92.91,
P20260315_152722,2026-03-15T15:36:58.617,553.103,5,QUESTION_ONSET,130,11,36 × 7 ÷ 28 + 0 = ?,,9,,,53.267,9.999,92.91,
P20260315_152722,2026-03-15T15:37:08.682,563.168,5,TIMEOUT,130,11,36 × 7 ÷ 28 + 0 = ?,,9,0,10000,43.202,,92.19,
P20260315_152722,2026-03-15T15:37:09.884,564.369,5,QUESTION_ONSET,131,12,2 × 80 ÷ 8 - 11 = ?,,9,,,42.001,10.0,92.19,
P20260315_152722,2026-03-15T15:37:14.446,568.932,5,RESPONSE,131,12,2 × 80 ÷ 8 - 11 = ?,9,9,1,4562,37.438,,92.25,
P20260315_152722,2026-03-15T15:37:15.648,570.134,5,QUESTION_ONSET,132,13,12 × 2 ÷ 8 + 0 = ?,,3,,,36.236,10.0,92.25,
P20260315_152722,2026-03-15T15:37:18.946,573.432,5,RESPONSE,132,13,12 × 2 ÷ 8 + 0 = ?,3,3,1,3298,32.938,,92.31,
P20260315_152722,2026-03-15T15:37:20.151,574.637,5,QUESTION_ONSET,133,14,7 × 81 ÷ 27 - 19 = ?,,2,,,31.733,10.0,92.31,
P20260315_152722,2026-03-15T15:37:25.290,579.776,5,RESPONSE,133,14,7 × 81 ÷ 27 - 19 = ?,2,2,1,5139,26.594,,92.37,
P20260315_152722,2026-03-15T15:37:26.492,580.978,5,QUESTION_ONSET,134,15,10 × 5 ÷ 10 - 3 = ?,,2,,,25.392,9.999,92.37,
P20260315_152722,2026-03-15T15:37:29.356,583.842,5,RESPONSE,134,15,10 × 5 ÷ 10 - 3 = ?,2,2,1,2864,22.528,,92.42,
P20260315_152722,2026-03-15T15:37:30.562,585.048,5,QUESTION_ONSET,135,16,46 × 1 ÷ 23 + 0 = ?,,2,,,21.322,9.999,92.42,
P20260315_152722,2026-03-15T15:37:35.063,589.549,5,RESPONSE,135,16,46 × 1 ÷ 23 + 0 = ?,2,2,1,4501,16.821,,92.48,
P20260315_152722,2026-03-15T15:37:36.273,590.759,5,QUESTION_ONSET,136,17,60 × 8 ÷ 24 - 14 = ?,,6,,,15.611,10.0,92.48,
P20260315_152722,2026-03-15T15:37:41.537,596.023,5,RESPONSE,136,17,60 × 8 ÷ 24 - 14 = ?,6,6,1,5264,10.347,,92.54,
P20260315_152722,2026-03-15T15:37:42.750,597.236,5,QUESTION_ONSET,137,18,16 × 4 ÷ 16 - 2 = ?,,2,,,9.134,10.0,92.54,
P20260315_152722,2026-03-15T15:37:47.224,601.709,5,RESPONSE,137,18,16 × 4 ÷ 16 - 2 = ?,2,2,1,4473,4.661,,92.59,
P20260315_152722,2026-03-15T15:37:48.430,602.916,5,QUESTION_ONSET,138,19,3 × 78 ÷ 18 - 13 = ?,,0,,,3.454,9.999,92.59,
P20260315_152722,2026-03-15T15:37:51.892,606.378,5,LEVEL_END,138,19,3 × 78 ÷ 18 - 13 = ?,,0,,,0.0,,92.59,level_5_accuracy_92.59
P20260315_152722,2026-03-15T15:37:51.893,606.379,,EXPERIMENT_END,138,19,3 × 78 ÷ 18 - 13 = ?,,0,,,0.0,,92.59,final_accuracy_92.59
P20260315_152722,2026-03-15T15:37:56.903,611.389,,WINDOW_CLOSED,138,19,3 × 78 ÷ 18 - 13 = ?,,0,,,0.0,,92.59,
