Timestamp_Beijing,HR,GSR,HR_Baseline,GSR_Baseline
'2026-03-13 15:22:03,65,186,65.88076079,179.4974396
'2026-03-13 15:22:03,65,185,,
'2026-03-13 15:22:03,65,185,,
'2026-03-13 15:22:03,64,186,,
'2026-03-13 15:22:03,64,185,,
'2026-03-13 15:22:04,64,185,,
'2026-03-13 15:22:04,64,184,,
'2026-03-13 15:22:04,64,185,,
'2026-03-13 15:22:04,64,186,,
'2026-03-13 15:22:04,64,185,,
'2026-03-13 15:22:05,64,186,,
'2026-03-13 15:22:05,64,185,,
'2026-03-13 15:22:05,65,185,,
'2026-03-13 15:22:05,65,185,,
'2026-03-13 15:22:05,65,186,,
'2026-03-13 15:22:06,65,186,,
'2026-03-13 15:22:06,65,185,,
'2026-03-13 15:22:06,65,186,,
'2026-03-13 15:22:06,65,186,,
'2026-03-13 15:22:07,65,186,,
'2026-03-13 15:22:07,65,186,,
'2026-03-13 15:22:07,65,187,,
'2026-03-13 15:22:07,65,186,,
'2026-03-13 15:22:07,65,186,,
'2026-03-13 15:22:08,65,186,,
'2026-03-13 15:22:08,65,187,,
'2026-03-13 15:22:08,65,187,,
'2026-03-13 15:22:08,65,186,,
'2026-03-13 15:22:08,65,186,,
'2026-03-13 15:22:09,65,186,,
'2026-03-13 15:22:09,65,187,,
'2026-03-13 15:22:09,65,186,,
'2026-03-13 15:22:09,65,186,,
'2026-03-13 15:22:09,65,186,,
'2026-03-13 15:22:10,65,187,,
'2026-03-13 15:22:10,65,186,,
'2026-03-13 15:22:10,65,187,,
'2026-03-13 15:22:10,65,186,,
'2026-03-13 15:22:10,65,186,,
'2026-03-13 15:22:11,64,186,,
'2026-03-13 15:22:11,64,186,,
'2026-03-13 15:22:11,64,186,,
'2026-03-13 15:22:11,64,185,,
'2026-03-13 15:22:11,64,185,,
'2026-03-13 15:22:12,64,186,,
'2026-03-13 15:22:12,64,184,,
'2026-03-13 15:22:12,64,184,,
'2026-03-13 15:22:12,64,184,,
'2026-03-13 15:22:12,65,185,,
'2026-03-13 15:22:13,65,184,,
'2026-03-13 15:22:13,65,184,,
'2026-03-13 15:22:13,65,185,,
'2026-03-13 15:22:13,66,185,,
'2026-03-13 15:22:13,66,184,,
'2026-03-13 15:22:14,66,184,,
'2026-03-13 15:22:14,66,184,,
'2026-03-13 15:22:14,67,185,,
'2026-03-13 15:22:14,67,183,,
'2026-03-13 15:22:15,67,184,,
'2026-03-13 15:22:15,67,184,,
'2026-03-13 15:22:15,66,183,,
'2026-03-13 15:22:15,66,184,,
'2026-03-13 15:22:15,66,184,,
'2026-03-13 15:22:16,66,183,,
'2026-03-13 15:22:16,66,182,,
'2026-03-13 15:22:16,66,182,,
'2026-03-13 15:22:16,64,184,,
'2026-03-13 15:22:16,64,183,,
'2026-03-13 15:22:17,64,182,,
'2026-03-13 15:22:17,64,183,,
'2026-03-13 15:22:17,64,184,,
'2026-03-13 15:22:17,64,184,,
'2026-03-13 15:22:17,64,183,,
'2026-03-13 15:22:18,64,183,,
'2026-03-13 15:22:18,64,183,,
'2026-03-13 15:22:18,64,183,,
'2026-03-13 15:22:18,64,184,,
'2026-03-13 15:22:18,64,183,,
'2026-03-13 15:22:19,64,183,,
'2026-03-13 15:22:19,64,183,,
'2026-03-13 15:22:19,63,184,,
'2026-03-13 15:22:19,63,185,,
'2026-03-13 15:22:19,63,184,,
'2026-03-13 15:22:20,63,183,,
'2026-03-13 15:22:20,63,184,,
'2026-03-13 15:22:20,63,184,,
'2026-03-13 15:22:20,63,184,,
'2026-03-13 15:22:20,63,184,,
'2026-03-13 15:22:21,63,185,,
'2026-03-13 15:22:21,63,184,,
'2026-03-13 15:22:21,62,185,,
'2026-03-13 15:22:21,62,184,,
'2026-03-13 15:22:22,62,184,,
'2026-03-13 15:22:22,62,184,,
'2026-03-13 15:22:22,62,184,,
'2026-03-13 15:22:22,62,185,,
'2026-03-13 15:22:22,62,185,,
'2026-03-13 15:22:23,62,184,,
'2026-03-13 15:22:23,62,184,,
'2026-03-13 15:22:23,62,185,,
'2026-03-13 15:22:23,62,184,,
'2026-03-13 15:22:23,62,184,,
'2026-03-13 15:22:24,62,184,,
'2026-03-13 15:22:24,62,184,,
'2026-03-13 15:22:24,62,183,,
'2026-03-13 15:22:24,62,183,,
'2026-03-13 15:22:24,62,183,,
'2026-03-13 15:22:25,62,184,,
'2026-03-13 15:22:25,62,184,,
'2026-03-13 15:22:25,62,183,,
'2026-03-13 15:22:25,62,183,,
'2026-03-13 15:22:25,62,183,,
'2026-03-13 15:22:26,63,184,,
'2026-03-13 15:22:26,63,183,,
'2026-03-13 15:22:26,63,183,,
'2026-03-13 15:22:26,63,183,,
'2026-03-13 15:22:26,63,184,,
'2026-03-13 15:22:27,63,184,,
'2026-03-13 15:22:27,63,184,,
'2026-03-13 15:22:27,63,183,,
'2026-03-13 15:22:27,64,184,,
'2026-03-13 15:22:27,64,184,,
'2026-03-13 15:22:28,64,184,,
'2026-03-13 15:22:28,64,183,,
'2026-03-13 15:22:28,66,184,,
'2026-03-13 15:22:28,66,184,,
'2026-03-13 15:22:28,66,184,,
'2026-03-13 15:22:29,66,183,,
'2026-03-13 15:22:29,66,184,,
'2026-03-13 15:22:29,67,185,,
'2026-03-13 15:22:29,67,184,,
'2026-03-13 15:22:30,67,183,,
'2026-03-13 15:22:30,67,184,,
'2026-03-13 15:22:30,67,184,,
'2026-03-13 15:22:30,67,184,,
'2026-03-13 15:22:30,67,184,,
'2026-03-13 15:22:31,67,183,,
'2026-03-13 15:22:31,67,184,,
'2026-03-13 15:22:31,67,184,,
'2026-03-13 15:22:31,67,183,,
'2026-03-13 15:22:31,67,184,,
'2026-03-13 15:22:32,67,184,,
'2026-03-13 15:22:32,66,184,,
'2026-03-13 15:22:32,66,184,,
'2026-03-13 15:22:32,66,184,,
'2026-03-13 15:22:32,66,183,,
'2026-03-13 15:22:33,66,184,,
'2026-03-13 15:22:33,65,184,,
'2026-03-13 15:22:33,65,185,,
'2026-03-13 15:22:33,65,184,,
'2026-03-13 15:22:33,65,184,,
'2026-03-13 15:22:34,65,184,,
'2026-03-13 15:22:34,65,185,,
'2026-03-13 15:22:34,65,184,,
'2026-03-13 15:22:34,65,184,,
'2026-03-13 15:22:34,65,184,,
'2026-03-13 15:22:35,66,185,,
'2026-03-13 15:22:35,66,183,,
'2026-03-13 15:22:35,66,184,,
'2026-03-13 15:22:35,66,184,,
'2026-03-13 15:22:35,66,185,,
'2026-03-13 15:22:36,66,184,,
'2026-03-13 15:22:36,66,185,,
'2026-03-13 15:22:36,66,185,,
'2026-03-13 15:22:36,66,185,,
'2026-03-13 15:22:37,66,185,,
'2026-03-13 15:22:37,66,185,,
'2026-03-13 15:22:37,66,185,,
'2026-03-13 15:22:37,66,184,,
'2026-03-13 15:22:37,65,185,,
'2026-03-13 15:22:38,65,185,,
'2026-03-13 15:22:38,65,185,,
'2026-03-13 15:22:38,65,184,,
'2026-03-13 15:22:38,65,184,,
'2026-03-13 15:22:38,65,186,,
'2026-03-13 15:22:39,65,184,,
'2026-03-13 15:22:39,65,185,,
'2026-03-13 15:22:39,65,185,,
'2026-03-13 15:22:39,65,186,,
'2026-03-13 15:22:39,65,185,,
'2026-03-13 15:22:40,65,185,,
'2026-03-13 15:22:40,65,185,,
'2026-03-13 15:22:40,65,184,,
'2026-03-13 15:22:40,65,183,,
'2026-03-13 15:22:40,65,182,,
'2026-03-13 15:22:41,65,183,,
'2026-03-13 15:22:41,65,183,,
'2026-03-13 15:22:41,64,182,,
'2026-03-13 15:22:41,64,182,,
'2026-03-13 15:22:41,64,182,,
'2026-03-13 15:22:42,64,182,,
'2026-03-13 15:22:42,64,182,,
'2026-03-13 15:22:42,64,182,,
'2026-03-13 15:22:42,64,182,,
'2026-03-13 15:22:42,64,181,,
'2026-03-13 15:22:43,64,181,,
'2026-03-13 15:22:43,64,181,,
'2026-03-13 15:22:43,64,182,,
'2026-03-13 15:22:43,64,180,,
'2026-03-13 15:22:44,64,181,,
'2026-03-13 15:22:44,64,181,,
'2026-03-13 15:22:44,64,181,,
'2026-03-13 15:22:44,64,179,,
'2026-03-13 15:22:44,64,180,,
'2026-03-13 15:22:45,64,181,,
'2026-03-13 15:22:45,64,181,,
'2026-03-13 15:22:45,64,183,,
'2026-03-13 15:22:45,64,183,,
'2026-03-13 15:22:45,64,184,,
'2026-03-13 15:22:46,64,185,,
'2026-03-13 15:22:46,63,187,,
'2026-03-13 15:22:46,63,188,,
'2026-03-13 15:22:46,63,189,,
'2026-03-13 15:22:46,63,189,,
'2026-03-13 15:22:47,63,189,,
'2026-03-13 15:22:47,63,190,,
'2026-03-13 15:22:47,63,189,,
'2026-03-13 15:22:47,63,189,,
'2026-03-13 15:22:47,63,189,,
'2026-03-13 15:22:48,63,189,,
'2026-03-13 15:22:48,63,189,,
'2026-03-13 15:22:48,63,189,,
'2026-03-13 15:22:48,63,189,,
'2026-03-13 15:22:48,63,189,,
'2026-03-13 15:22:49,63,190,,
'2026-03-13 15:22:49,63,189,,
'2026-03-13 15:22:49,63,189,,
'2026-03-13 15:22:49,63,188,,
'2026-03-13 15:22:49,64,188,,
'2026-03-13 15:22:50,64,188,,
'2026-03-13 15:22:50,64,188,,
'2026-03-13 15:22:50,64,187,,
'2026-03-13 15:22:50,65,188,,
'2026-03-13 15:22:50,65,187,,
'2026-03-13 15:22:51,65,188,,
'2026-03-13 15:22:51,65,187,,
'2026-03-13 15:22:51,66,187,,
'2026-03-13 15:22:51,66,188,,
'2026-03-13 15:22:52,66,187,,
'2026-03-13 15:22:52,66,186,,
'2026-03-13 15:22:52,66,186,,
'2026-03-13 15:22:52,67,187,,
'2026-03-13 15:22:52,67,186,,
'2026-03-13 15:22:53,67,185,,
'2026-03-13 15:22:53,67,185,,
'2026-03-13 15:22:53,66,186,,
'2026-03-13 15:22:53,66,185,,
'2026-03-13 15:22:53,66,185,,
'2026-03-13 15:22:54,66,185,,
'2026-03-13 15:22:54,66,185,,
'2026-03-13 15:22:54,66,185,,
'2026-03-13 15:22:54,66,184,,
'2026-03-13 15:22:54,66,185,,
'2026-03-13 15:22:55,66,184,,
'2026-03-13 15:22:55,66,185,,
'2026-03-13 15:22:55,66,184,,
'2026-03-13 15:22:55,66,184,,
'2026-03-13 15:22:55,66,184,,
'2026-03-13 15:22:56,66,184,,
'2026-03-13 15:22:56,66,184,,
'2026-03-13 15:22:56,66,184,,
'2026-03-13 15:22:56,66,183,,
'2026-03-13 15:22:56,66,183,,
'2026-03-13 15:22:57,66,183,,
'2026-03-13 15:22:57,66,184,,
'2026-03-13 15:22:57,66,183,,
'2026-03-13 15:22:57,66,183,,
'2026-03-13 15:22:57,66,183,,
'2026-03-13 15:22:58,66,183,,
'2026-03-13 15:22:58,66,182,,
'2026-03-13 15:22:58,66,182,,
'2026-03-13 15:22:58,66,183,,
'2026-03-13 15:22:59,66,183,,
'2026-03-13 15:22:59,66,182,,
'2026-03-13 15:22:59,66,183,,
'2026-03-13 15:22:59,66,183,,
'2026-03-13 15:22:59,66,183,,
'2026-03-13 15:23:00,66,182,,
'2026-03-13 15:23:00,66,182,,
'2026-03-13 15:23:00,66,183,,
'2026-03-13 15:23:00,66,182,,
'2026-03-13 15:23:00,65,183,,
'2026-03-13 15:23:01,65,183,,
'2026-03-13 15:23:01,65,182,,
'2026-03-13 15:23:01,65,182,,
'2026-03-13 15:23:01,66,183,,
'2026-03-13 15:23:01,66,182,,
'2026-03-13 15:23:02,66,182,,
'2026-03-13 15:23:02,66,181,,
'2026-03-13 15:23:02,66,183,,
'2026-03-13 15:23:02,66,181,,
'2026-03-13 15:23:02,66,182,,
'2026-03-13 15:23:03,66,181,,
'2026-03-13 15:23:03,66,182,,
'2026-03-13 15:23:03,66,182,,
'2026-03-13 15:23:03,66,181,,
'2026-03-13 15:23:03,66,181,,
'2026-03-13 15:23:04,66,182,,
'2026-03-13 15:23:04,66,183,,
'2026-03-13 15:23:04,66,181,,
'2026-03-13 15:23:04,66,181,,
'2026-03-13 15:23:04,66,182,,
'2026-03-13 15:23:05,67,182,,
'2026-03-13 15:23:05,67,181,,
'2026-03-13 15:23:05,67,181,,
'2026-03-13 15:23:05,67,181,,
'2026-03-13 15:23:05,68,181,,
'2026-03-13 15:23:06,68,181,,
'2026-03-13 15:23:06,68,182,,
'2026-03-13 15:23:06,68,182,,
'2026-03-13 15:23:06,68,181,,
'2026-03-13 15:23:07,67,182,,
'2026-03-13 15:23:07,67,182,,
'2026-03-13 15:23:07,67,181,,
'2026-03-13 15:23:07,67,181,,
'2026-03-13 15:23:07,67,181,,
'2026-03-13 15:23:08,66,182,,
'2026-03-13 15:23:08,66,181,,
'2026-03-13 15:23:08,66,181,,
'2026-03-13 15:23:08,66,181,,
'2026-03-13 15:23:08,66,182,,
'2026-03-13 15:23:09,66,182,,
'2026-03-13 15:23:09,66,181,,
'2026-03-13 15:23:09,66,181,,
'2026-03-13 15:23:09,67,182,,
'2026-03-13 15:23:09,67,181,,
'2026-03-13 15:23:10,67,181,,
'2026-03-13 15:23:10,67,182,,
'2026-03-13 15:23:10,66,182,,
'2026-03-13 15:23:10,66,181,,
'2026-03-13 15:23:10,66,181,,
'2026-03-13 15:23:11,66,181,,
'2026-03-13 15:23:11,66,181,,
'2026-03-13 15:23:11,66,181,,
'2026-03-13 15:23:11,66,181,,
'2026-03-13 15:23:11,66,181,,
'2026-03-13 15:23:12,66,181,,
'2026-03-13 15:23:12,66,181,,
'2026-03-13 15:23:12,66,182,,
'2026-03-13 15:23:12,66,182,,
'2026-03-13 15:23:12,66,181,,
'2026-03-13 15:23:13,66,181,,
'2026-03-13 15:23:13,67,182,,
'2026-03-13 15:23:13,67,181,,
'2026-03-13 15:23:13,67,181,,
'2026-03-13 15:23:14,67,181,,
'2026-03-13 15:23:14,66,182,,
'2026-03-13 15:23:14,66,179,,
'2026-03-13 15:23:14,66,178,,
'2026-03-13 15:23:14,66,178,,
'2026-03-13 15:23:15,66,178,,
'2026-03-13 15:23:15,66,178,,
'2026-03-13 15:23:15,66,177,,
'2026-03-13 15:23:15,66,177,,
'2026-03-13 15:23:15,66,176,,
'2026-03-13 15:23:16,66,184,,
'2026-03-13 15:23:16,66,201,,
'2026-03-13 15:23:16,66,204,,
'2026-03-13 15:23:16,66,202,,
'2026-03-13 15:23:16,66,201,,
'2026-03-13 15:23:17,66,201,,
'2026-03-13 15:23:17,66,200,,
'2026-03-13 15:23:17,66,199,,
'2026-03-13 15:23:17,66,199,,
'2026-03-13 15:23:17,66,201,,
'2026-03-13 15:23:18,66,202,,
'2026-03-13 15:23:18,66,201,,
'2026-03-13 15:23:18,66,202,,
'2026-03-13 15:23:18,66,203,,
'2026-03-13 15:23:18,66,205,,
'2026-03-13 15:23:19,66,202,,
'2026-03-13 15:23:19,66,203,,
'2026-03-13 15:23:19,66,204,,
'2026-03-13 15:23:19,65,204,,
'2026-03-13 15:23:19,65,203,,
'2026-03-13 15:23:20,65,204,,
'2026-03-13 15:23:20,65,204,,
'2026-03-13 15:23:20,65,203,,
'2026-03-13 15:23:20,65,205,,
'2026-03-13 15:23:20,65,204,,
'2026-03-13 15:23:21,65,204,,
'2026-03-13 15:23:21,65,203,,
'2026-03-13 15:23:21,65,204,,
'2026-03-13 15:23:21,65,203,,
'2026-03-13 15:23:22,65,203,,
'2026-03-13 15:23:22,65,202,,
'2026-03-13 15:23:22,66,204,,
'2026-03-13 15:23:22,66,203,,
'2026-03-13 15:23:22,66,202,,
'2026-03-13 15:23:23,66,201,,
'2026-03-13 15:23:23,66,203,,
'2026-03-13 15:23:23,66,201,,
'2026-03-13 15:23:23,66,200,,
'2026-03-13 15:23:23,66,199,,
'2026-03-13 15:23:24,67,201,,
'2026-03-13 15:23:24,67,203,,
'2026-03-13 15:23:24,67,205,,
'2026-03-13 15:23:24,67,206,,
'2026-03-13 15:23:24,68,207,,
'2026-03-13 15:23:25,68,206,,
'2026-03-13 15:23:25,68,206,,
'2026-03-13 15:23:25,68,205,,
'2026-03-13 15:23:25,69,207,,
'2026-03-13 15:23:25,69,207,,
'2026-03-13 15:23:26,69,205,,
'2026-03-13 15:23:26,69,205,,
'2026-03-13 15:23:26,69,206,,
'2026-03-13 15:23:26,69,206,,
'2026-03-13 15:23:26,69,205,,
'2026-03-13 15:23:27,69,205,,
'2026-03-13 15:23:27,69,204,,
'2026-03-13 15:23:27,67,204,,
'2026-03-13 15:23:27,67,204,,
'2026-03-13 15:23:27,67,204,,
'2026-03-13 15:23:28,67,203,,
'2026-03-13 15:23:28,67,201,,
'2026-03-13 15:23:28,67,202,,
'2026-03-13 15:23:28,67,203,,
'2026-03-13 15:23:29,67,202,,
'2026-03-13 15:23:29,67,200,,
'2026-03-13 15:23:29,67,200,,
'2026-03-13 15:23:29,66,200,,
'2026-03-13 15:23:29,66,200,,
'2026-03-13 15:23:30,66,198,,
'2026-03-13 15:23:30,66,198,,
'2026-03-13 15:23:30,66,197,,
'2026-03-13 15:23:30,66,198,,
'2026-03-13 15:23:30,66,196,,
'2026-03-13 15:23:31,66,195,,
'2026-03-13 15:23:31,66,195,,
'2026-03-13 15:23:31,66,196,,
'2026-03-13 15:23:31,66,194,,
'2026-03-13 15:23:31,66,194,,
'2026-03-13 15:23:32,66,193,,
'2026-03-13 15:23:32,66,192,,
'2026-03-13 15:23:32,65,193,,
'2026-03-13 15:23:32,65,192,,
'2026-03-13 15:23:32,65,191,,
'2026-03-13 15:23:33,65,190,,
'2026-03-13 15:23:33,63,190,,
'2026-03-13 15:23:33,63,191,,
'2026-03-13 15:23:33,63,190,,
'2026-03-13 15:23:33,63,189,,
'2026-03-13 15:23:34,63,189,,
'2026-03-13 15:23:34,63,190,,
'2026-03-13 15:23:34,63,188,,
'2026-03-13 15:23:34,63,188,,
'2026-03-13 15:23:34,64,188,,
'2026-03-13 15:23:35,64,188,,
'2026-03-13 15:23:35,64,187,,
'2026-03-13 15:23:35,64,186,,
'2026-03-13 15:23:35,65,187,,
'2026-03-13 15:23:35,65,186,,
'2026-03-13 15:23:36,65,186,,
'2026-03-13 15:23:36,65,185,,
'2026-03-13 15:23:36,65,185,,
'2026-03-13 15:23:36,65,186,,
'2026-03-13 15:23:37,65,185,,
'2026-03-13 15:23:37,65,185,,
'2026-03-13 15:23:37,65,185,,
'2026-03-13 15:23:37,65,184,,
'2026-03-13 15:23:37,65,185,,
'2026-03-13 15:23:38,65,185,,
'2026-03-13 15:23:38,65,184,,
'2026-03-13 15:23:38,65,184,,
'2026-03-13 15:23:38,65,183,,
'2026-03-13 15:23:38,66,184,,
'2026-03-13 15:23:39,66,183,,
'2026-03-13 15:23:39,66,182,,
'2026-03-13 15:23:39,66,182,,
'2026-03-13 15:23:39,66,184,,
'2026-03-13 15:23:39,66,182,,
'2026-03-13 15:23:40,66,182,,
'2026-03-13 15:23:40,66,181,,
'2026-03-13 15:23:40,65,183,,
'2026-03-13 15:23:40,65,181,,
'2026-03-13 15:23:40,65,181,,
'2026-03-13 15:23:41,65,182,,
'2026-03-13 15:23:41,66,181,,
'2026-03-13 15:23:41,66,181,,
'2026-03-13 15:23:41,66,181,,
'2026-03-13 15:23:41,66,181,,
'2026-03-13 15:23:42,66,181,,
'2026-03-13 15:23:42,67,180,,
'2026-03-13 15:23:42,67,181,,
'2026-03-13 15:23:42,67,181,,
'2026-03-13 15:23:42,67,180,,
'2026-03-13 15:23:43,67,180,,
'2026-03-13 15:23:43,67,180,,
'2026-03-13 15:23:43,67,180,,
'2026-03-13 15:23:43,67,179,,
'2026-03-13 15:23:44,67,181,,
'2026-03-13 15:23:44,67,180,,
'2026-03-13 15:23:44,67,179,,
'2026-03-13 15:23:44,67,179,,
'2026-03-13 15:23:44,67,179,,
'2026-03-13 15:23:45,65,181,,
'2026-03-13 15:23:45,65,179,,
'2026-03-13 15:23:45,65,179,,
'2026-03-13 15:23:45,65,179,,
'2026-03-13 15:23:45,65,179,,
'2026-03-13 15:23:46,65,180,,
'2026-03-13 15:23:46,65,179,,
'2026-03-13 15:23:46,65,180,,
'2026-03-13 15:23:46,65,179,,
'2026-03-13 15:23:46,66,179,,
'2026-03-13 15:23:47,66,179,,
'2026-03-13 15:23:47,66,179,,
'2026-03-13 15:23:47,66,179,,
'2026-03-13 15:23:47,66,178,,
'2026-03-13 15:23:47,65,179,,
'2026-03-13 15:23:48,65,179,,
'2026-03-13 15:23:48,65,179,,
'2026-03-13 15:23:48,65,179,,
'2026-03-13 15:23:48,65,179,,
'2026-03-13 15:23:48,64,180,,
'2026-03-13 15:23:49,64,179,,
'2026-03-13 15:23:49,64,179,,
'2026-03-13 15:23:49,64,179,,
'2026-03-13 15:23:49,64,179,,
'2026-03-13 15:23:49,64,180,,
'2026-03-13 15:23:50,64,179,,
'2026-03-13 15:23:50,64,180,,
'2026-03-13 15:23:50,64,179,,
'2026-03-13 15:23:50,64,180,,
'2026-03-13 15:23:50,64,180,,
'2026-03-13 15:23:51,64,179,,
'2026-03-13 15:23:51,64,180,,
'2026-03-13 15:23:51,63,180,,
'2026-03-13 15:23:51,63,180,,
'2026-03-13 15:23:52,63,180,,
'2026-03-13 15:23:52,63,180,,
'2026-03-13 15:23:52,63,179,,
'2026-03-13 15:23:52,62,181,,
'2026-03-13 15:23:52,62,181,,
'2026-03-13 15:23:53,62,179,,
'2026-03-13 15:23:53,62,180,,
'2026-03-13 15:23:53,62,180,,
'2026-03-13 15:23:53,62,181,,
'2026-03-13 15:23:53,62,180,,
'2026-03-13 15:23:54,62,180,,
'2026-03-13 15:23:54,62,180,,
'2026-03-13 15:23:54,63,181,,
'2026-03-13 15:23:54,63,180,,
'2026-03-13 15:23:54,63,180,,
'2026-03-13 15:23:55,63,180,,
'2026-03-13 15:23:55,64,181,,
'2026-03-13 15:23:55,64,180,,
'2026-03-13 15:23:55,64,181,,
'2026-03-13 15:23:55,64,181,,
'2026-03-13 15:23:56,64,180,,
'2026-03-13 15:23:56,64,181,,
'2026-03-13 15:23:56,64,181,,
'2026-03-13 15:23:56,64,180,,
'2026-03-13 15:23:56,64,180,,
'2026-03-13 15:23:57,65,181,,
'2026-03-13 15:23:57,65,181,,
'2026-03-13 15:23:57,65,180,,
'2026-03-13 15:23:57,65,180,,
'2026-03-13 15:23:57,66,181,,
'2026-03-13 15:23:58,66,181,,
'2026-03-13 15:23:58,66,180,,
'2026-03-13 15:23:58,68,181,,
'2026-03-13 15:23:58,68,181,,
'2026-03-13 15:23:59,68,181,,
'2026-03-13 15:23:59,68,179,,
'2026-03-13 15:23:59,69,181,,
'2026-03-13 15:23:59,69,181,,
'2026-03-13 15:23:59,69,180,,
'2026-03-13 15:24:00,71,180,,
'2026-03-13 15:24:00,71,180,,
'2026-03-13 15:24:00,71,180,,
'2026-03-13 15:24:00,71,180,,
'2026-03-13 15:24:00,71,178,,
'2026-03-13 15:24:01,71,179,,
'2026-03-13 15:24:01,71,179,,
'2026-03-13 15:24:01,71,178,,
'2026-03-13 15:24:01,71,178,,
'2026-03-13 15:24:01,71,178,,
'2026-03-13 15:24:02,70,179,,
'2026-03-13 15:24:02,70,178,,
'2026-03-13 15:24:02,70,178,,
'2026-03-13 15:24:02,70,178,,
'2026-03-13 15:24:02,69,179,,
'2026-03-13 15:24:03,69,178,,
'2026-03-13 15:24:03,69,178,,
'2026-03-13 15:24:03,69,178,,
'2026-03-13 15:24:03,69,178,,
'2026-03-13 15:24:03,70,179,,
'2026-03-13 15:24:04,70,178,,
'2026-03-13 15:24:04,70,178,,
'2026-03-13 15:24:04,70,177,,
'2026-03-13 15:24:04,71,177,,
'2026-03-13 15:24:04,71,176,,
'2026-03-13 15:24:05,71,175,,
'2026-03-13 15:24:05,71,175,,
'2026-03-13 15:24:05,71,176,,
'2026-03-13 15:24:05,71,175,,
'2026-03-13 15:24:05,71,175,,
'2026-03-13 15:24:06,71,174,,
'2026-03-13 15:24:06,70,174,,
'2026-03-13 15:24:06,70,175,,
'2026-03-13 15:24:06,70,174,,
'2026-03-13 15:24:07,70,174,,
'2026-03-13 15:24:07,70,174,,
'2026-03-13 15:24:07,68,176,,
'2026-03-13 15:24:07,68,175,,
'2026-03-13 15:24:07,68,175,,
'2026-03-13 15:24:08,68,175,,
'2026-03-13 15:24:08,67,176,,
'2026-03-13 15:24:08,67,175,,
'2026-03-13 15:24:08,67,175,,
'2026-03-13 15:24:08,67,176,,
'2026-03-13 15:24:09,66,176,,
'2026-03-13 15:24:09,66,175,,
'2026-03-13 15:24:09,66,176,,
'2026-03-13 15:24:09,66,176,,
'2026-03-13 15:24:09,66,175,,
'2026-03-13 15:24:10,67,176,,
'2026-03-13 15:24:10,67,176,,
'2026-03-13 15:24:10,67,175,,
'2026-03-13 15:24:10,67,175,,
'2026-03-13 15:24:10,67,175,,
'2026-03-13 15:24:11,66,177,,
'2026-03-13 15:24:11,66,176,,
'2026-03-13 15:24:11,66,175,,
'2026-03-13 15:24:11,66,176,,
'2026-03-13 15:24:11,66,176,,
'2026-03-13 15:24:12,66,176,,
'2026-03-13 15:24:12,66,175,,
'2026-03-13 15:24:12,66,176,,
'2026-03-13 15:24:12,66,176,,
'2026-03-13 15:24:12,66,176,,
'2026-03-13 15:24:13,66,175,,
'2026-03-13 15:24:13,66,176,,
'2026-03-13 15:24:13,66,176,,
'2026-03-13 15:24:13,66,176,,
'2026-03-13 15:24:14,66,176,,
'2026-03-13 15:24:14,66,175,,
'2026-03-13 15:24:14,66,176,,
'2026-03-13 15:24:14,65,175,,
'2026-03-13 15:24:14,65,176,,
'2026-03-13 15:24:15,65,176,,
'2026-03-13 15:24:15,65,176,,
'2026-03-13 15:24:15,65,175,,
'2026-03-13 15:24:15,64,176,,
'2026-03-13 15:24:15,64,177,,
'2026-03-13 15:24:16,64,175,,
'2026-03-13 15:24:16,64,175,,
'2026-03-13 15:24:16,64,175,,
'2026-03-13 15:24:16,65,176,,
'2026-03-13 15:24:16,65,175,,
'2026-03-13 15:24:17,65,175,,
'2026-03-13 15:24:17,65,176,,
'2026-03-13 15:24:17,65,176,,
'2026-03-13 15:24:17,65,175,,
'2026-03-13 15:24:17,65,176,,
'2026-03-13 15:24:18,65,176,,
'2026-03-13 15:24:18,65,176,,
'2026-03-13 15:24:18,65,174,,
'2026-03-13 15:24:18,65,175,,
'2026-03-13 15:24:18,65,174,,
'2026-03-13 15:24:19,66,174,,
'2026-03-13 15:24:19,66,173,,
'2026-03-13 15:24:19,66,174,,
'2026-03-13 15:24:19,66,174,,
'2026-03-13 15:24:19,66,173,,
'2026-03-13 15:24:20,66,174,,
'2026-03-13 15:24:20,66,174,,
'2026-03-13 15:24:20,66,173,,
'2026-03-13 15:24:20,66,173,,
'2026-03-13 15:24:21,66,174,,
'2026-03-13 15:24:21,65,175,,
'2026-03-13 15:24:21,65,174,,
'2026-03-13 15:24:21,65,174,,
'2026-03-13 15:24:21,65,174,,
'2026-03-13 15:24:22,64,173,,
'2026-03-13 15:24:22,64,174,,
'2026-03-13 15:24:22,64,174,,
'2026-03-13 15:24:22,64,175,,
'2026-03-13 15:24:22,64,174,,
'2026-03-13 15:24:23,64,175,,
'2026-03-13 15:24:23,64,175,,
'2026-03-13 15:24:23,64,175,,
'2026-03-13 15:24:23,64,175,,
'2026-03-13 15:24:23,65,175,,
'2026-03-13 15:24:24,65,176,,
'2026-03-13 15:24:24,65,175,,
'2026-03-13 15:24:24,65,174,,
'2026-03-13 15:24:24,65,175,,
'2026-03-13 15:24:24,65,176,,
'2026-03-13 15:24:25,65,176,,
'2026-03-13 15:24:25,65,175,,
'2026-03-13 15:24:25,65,176,,
'2026-03-13 15:24:25,65,176,,
'2026-03-13 15:24:25,65,176,,
'2026-03-13 15:24:26,65,176,,
'2026-03-13 15:24:26,65,176,,
'2026-03-13 15:24:26,65,177,,
'2026-03-13 15:24:26,64,177,,
'2026-03-13 15:24:26,64,176,,
'2026-03-13 15:24:27,64,177,,
'2026-03-13 15:24:27,64,176,,
'2026-03-13 15:24:27,64,177,,
'2026-03-13 15:24:27,64,177,,
'2026-03-13 15:24:27,64,176,,
'2026-03-13 15:24:28,64,177,,
'2026-03-13 15:24:28,64,177,,
'2026-03-13 15:24:28,64,177,,
'2026-03-13 15:24:28,64,177,,
'2026-03-13 15:24:29,64,177,,
'2026-03-13 15:24:29,64,176,,
'2026-03-13 15:24:29,64,178,,
'2026-03-13 15:24:29,64,178,,
'2026-03-13 15:24:29,64,176,,
'2026-03-13 15:24:30,64,177,,
'2026-03-13 15:24:30,64,177,,
'2026-03-13 15:24:30,64,179,,
'2026-03-13 15:24:30,64,177,,
'2026-03-13 15:24:30,64,177,,
'2026-03-13 15:24:31,64,177,,
'2026-03-13 15:24:31,64,177,,
'2026-03-13 15:24:31,64,177,,
'2026-03-13 15:24:31,64,178,,
'2026-03-13 15:24:31,64,177,,
'2026-03-13 15:24:32,64,176,,
'2026-03-13 15:24:32,64,178,,
'2026-03-13 15:24:32,64,178,,
'2026-03-13 15:24:32,64,178,,
'2026-03-13 15:24:32,64,178,,
'2026-03-13 15:24:33,64,178,,
'2026-03-13 15:24:33,64,179,,
'2026-03-13 15:24:33,64,178,,
'2026-03-13 15:24:33,64,178,,
'2026-03-13 15:24:33,64,178,,
'2026-03-13 15:24:34,64,179,,
'2026-03-13 15:24:34,64,179,,
'2026-03-13 15:24:34,64,178,,
'2026-03-13 15:24:34,64,178,,
'2026-03-13 15:24:34,64,179,,
'2026-03-13 15:24:35,64,179,,
'2026-03-13 15:24:35,64,179,,
'2026-03-13 15:24:35,64,178,,
'2026-03-13 15:24:35,64,180,,
'2026-03-13 15:24:36,64,180,,
'2026-03-13 15:24:36,64,179,,
'2026-03-13 15:24:36,64,179,,
'2026-03-13 15:24:36,64,180,,
'2026-03-13 15:24:36,64,179,,
'2026-03-13 15:24:37,64,180,,
'2026-03-13 15:24:37,64,180,,
'2026-03-13 15:24:37,64,180,,
'2026-03-13 15:24:37,64,179,,
'2026-03-13 15:24:37,63,180,,
'2026-03-13 15:24:38,63,180,,
'2026-03-13 15:24:38,63,179,,
'2026-03-13 15:24:38,63,179,,
'2026-03-13 15:24:38,63,180,,
'2026-03-13 15:24:38,63,181,,
'2026-03-13 15:24:39,63,179,,
'2026-03-13 15:24:39,63,180,,
'2026-03-13 15:24:39,63,180,,
'2026-03-13 15:24:39,64,180,,
'2026-03-13 15:24:39,64,180,,
'2026-03-13 15:24:40,64,181,,
'2026-03-13 15:24:40,64,181,,
'2026-03-13 15:24:40,64,181,,
'2026-03-13 15:24:40,64,181,,
'2026-03-13 15:24:40,64,181,,
'2026-03-13 15:24:41,64,181,,
'2026-03-13 15:24:41,64,180,,
'2026-03-13 15:24:41,64,180,,
'2026-03-13 15:24:41,64,181,,
'2026-03-13 15:24:41,64,181,,
'2026-03-13 15:24:42,64,180,,
'2026-03-13 15:24:42,64,180,,
'2026-03-13 15:24:42,64,182,,
'2026-03-13 15:24:42,64,181,,
'2026-03-13 15:24:42,64,181,,
'2026-03-13 15:24:43,64,181,,
'2026-03-13 15:24:43,64,181,,
'2026-03-13 15:24:43,63,182,,
'2026-03-13 15:24:43,63,181,,
'2026-03-13 15:24:44,63,181,,
'2026-03-13 15:24:44,63,181,,
'2026-03-13 15:24:44,63,181,,
'2026-03-13 15:24:44,64,181,,
'2026-03-13 15:24:44,64,181,,
'2026-03-13 15:24:45,64,182,,
'2026-03-13 15:24:45,64,182,,
'2026-03-13 15:24:45,63,182,,
'2026-03-13 15:24:45,63,182,,
'2026-03-13 15:24:45,63,182,,
'2026-03-13 15:24:46,63,181,,
'2026-03-13 15:24:46,63,182,,
'2026-03-13 15:24:46,62,183,,
'2026-03-13 15:24:46,62,182,,
'2026-03-13 15:24:46,62,182,,
'2026-03-13 15:24:47,62,182,,
'2026-03-13 15:24:47,62,183,,
'2026-03-13 15:24:47,62,183,,
'2026-03-13 15:24:47,62,183,,
'2026-03-13 15:24:47,62,183,,
'2026-03-13 15:24:48,62,183,,
'2026-03-13 15:24:48,63,184,,
'2026-03-13 15:24:48,63,182,,
'2026-03-13 15:24:48,63,183,,
'2026-03-13 15:24:48,63,183,,
'2026-03-13 15:24:49,64,183,,
'2026-03-13 15:24:49,64,183,,
'2026-03-13 15:24:49,64,183,,
'2026-03-13 15:24:49,64,182,,
'2026-03-13 15:24:49,64,183,,
'2026-03-13 15:24:50,64,182,,
'2026-03-13 15:24:50,64,182,,
'2026-03-13 15:24:50,64,182,,
'2026-03-13 15:24:50,65,182,,
'2026-03-13 15:24:51,65,182,,
'2026-03-13 15:24:51,65,182,,
'2026-03-13 15:24:51,65,181,,
'2026-03-13 15:24:51,67,181,,
'2026-03-13 15:24:51,67,181,,
'2026-03-13 15:24:52,67,181,,
'2026-03-13 15:24:52,67,181,,
'2026-03-13 15:24:52,68,182,,
'2026-03-13 15:24:52,68,182,,
'2026-03-13 15:24:52,68,181,,
'2026-03-13 15:24:53,68,180,,
'2026-03-13 15:24:53,69,183,,
'2026-03-13 15:24:53,69,183,,
'2026-03-13 15:24:53,69,181,,
'2026-03-13 15:24:53,69,180,,
'2026-03-13 15:24:54,70,183,,
'2026-03-13 15:24:54,70,183,,
'2026-03-13 15:24:54,70,181,,
'2026-03-13 15:24:54,70,182,,
'2026-03-13 15:24:54,71,184,,
'2026-03-13 15:24:55,71,183,,
'2026-03-13 15:24:55,71,182,,
'2026-03-13 15:24:55,71,182,,
'2026-03-13 15:24:55,72,183,,
'2026-03-13 15:24:55,72,184,,
'2026-03-13 15:24:56,72,182,,
'2026-03-13 15:24:56,72,182,,
'2026-03-13 15:24:56,72,182,,
'2026-03-13 15:24:56,71,184,,
'2026-03-13 15:24:56,71,184,,
'2026-03-13 15:24:57,71,182,,
'2026-03-13 15:24:57,71,183,,
'2026-03-13 15:24:57,70,182,,
'2026-03-13 15:24:57,70,184,,
'2026-03-13 15:24:57,70,183,,
'2026-03-13 15:24:58,70,183,,
'2026-03-13 15:24:58,70,183,,
'2026-03-13 15:24:58,70,184,,
'2026-03-13 15:24:58,70,183,,
'2026-03-13 15:24:59,70,183,,
'2026-03-13 15:24:59,70,182,,
'2026-03-13 15:24:59,70,185,,
'2026-03-13 15:24:59,70,183,,
'2026-03-13 15:24:59,70,182,,
'2026-03-13 15:25:00,70,181,,
'2026-03-13 15:25:00,69,183,,
'2026-03-13 15:25:00,69,182,,
'2026-03-13 15:25:00,69,181,,
'2026-03-13 15:25:00,69,181,,
'2026-03-13 15:25:01,68,183,,
'2026-03-13 15:25:01,68,183,,
'2026-03-13 15:25:01,68,182,,
'2026-03-13 15:25:01,68,181,,
'2026-03-13 15:25:01,69,184,,
'2026-03-13 15:25:02,69,183,,
'2026-03-13 15:25:02,69,182,,
'2026-03-13 15:25:02,69,182,,
'2026-03-13 15:25:02,69,184,,
'2026-03-13 15:25:02,69,183,,
'2026-03-13 15:25:03,69,182,,
'2026-03-13 15:25:03,70,182,,
'2026-03-13 15:25:03,70,184,,
'2026-03-13 15:25:03,70,183,,
'2026-03-13 15:25:03,70,182,,
'2026-03-13 15:25:04,71,182,,
'2026-03-13 15:25:04,71,184,,
'2026-03-13 15:25:04,71,183,,
'2026-03-13 15:25:04,71,182,,
'2026-03-13 15:25:04,72,183,,
'2026-03-13 15:25:05,72,184,,
'2026-03-13 15:25:05,72,182,,
'2026-03-13 15:25:05,72,182,,
'2026-03-13 15:25:05,72,183,,
'2026-03-13 15:25:06,72,184,,
'2026-03-13 15:25:06,72,182,,
'2026-03-13 15:25:06,72,182,,
'2026-03-13 15:25:06,72,183,,
'2026-03-13 15:25:06,72,184,,
'2026-03-13 15:25:07,72,182,,
'2026-03-13 15:25:07,72,183,,
'2026-03-13 15:25:07,72,183,,
'2026-03-13 15:25:07,71,183,,
'2026-03-13 15:25:07,71,183,,
'2026-03-13 15:25:08,71,183,,
'2026-03-13 15:25:08,71,183,,
'2026-03-13 15:25:08,71,182,,
'2026-03-13 15:25:08,70,183,,
'2026-03-13 15:25:08,70,183,,
'2026-03-13 15:25:09,70,184,,
'2026-03-13 15:25:09,70,183,,
'2026-03-13 15:25:09,70,182,,
'2026-03-13 15:25:09,70,184,,
'2026-03-13 15:25:09,70,183,,
'2026-03-13 15:25:10,70,183,,
'2026-03-13 15:25:10,70,183,,
'2026-03-13 15:25:10,70,185,,
'2026-03-13 15:25:10,70,183,,
'2026-03-13 15:25:10,70,183,,
'2026-03-13 15:25:11,70,183,,
'2026-03-13 15:25:11,70,185,,
'2026-03-13 15:25:11,70,184,,
'2026-03-13 15:25:11,70,183,,
'2026-03-13 15:25:11,70,184,,
'2026-03-13 15:25:12,69,185,,
'2026-03-13 15:25:12,69,183,,
'2026-03-13 15:25:12,69,183,,
'2026-03-13 15:25:12,69,184,,
'2026-03-13 15:25:12,68,185,,
'2026-03-13 15:25:13,68,184,,
'2026-03-13 15:25:13,68,184,,
'2026-03-13 15:25:13,68,184,,
'2026-03-13 15:25:13,68,185,,
'2026-03-13 15:25:14,68,184,,
'2026-03-13 15:25:14,68,185,,
'2026-03-13 15:25:14,68,185,,
'2026-03-13 15:25:14,68,186,,
'2026-03-13 15:25:14,68,185,,
'2026-03-13 15:25:15,68,185,,
'2026-03-13 15:25:15,68,186,,
'2026-03-13 15:25:15,68,186,,
'2026-03-13 15:25:15,68,184,,
'2026-03-13 15:25:15,68,185,,
'2026-03-13 15:25:16,68,186,,
'2026-03-13 15:25:16,68,185,,
'2026-03-13 15:25:16,68,185,,
'2026-03-13 15:25:16,68,186,,
'2026-03-13 15:25:16,68,185,,
'2026-03-13 15:25:17,68,185,,
'2026-03-13 15:25:17,68,185,,
'2026-03-13 15:25:17,68,187,,
'2026-03-13 15:25:17,68,185,,
'2026-03-13 15:25:17,68,185,,
'2026-03-13 15:25:18,68,185,,
'2026-03-13 15:25:18,68,185,,
'2026-03-13 15:25:18,68,184,,
'2026-03-13 15:25:18,68,183,,
'2026-03-13 15:25:18,68,183,,
'2026-03-13 15:25:19,68,183,,
'2026-03-13 15:25:19,68,182,,
'2026-03-13 15:25:19,68,182,,
'2026-03-13 15:25:19,68,182,,
'2026-03-13 15:25:19,67,183,,
'2026-03-13 15:25:20,67,182,,
'2026-03-13 15:25:20,67,182,,
'2026-03-13 15:25:20,67,183,,
'2026-03-13 15:25:20,67,183,,
'2026-03-13 15:25:21,67,182,,
'2026-03-13 15:25:21,67,182,,
'2026-03-13 15:25:21,67,182,,
'2026-03-13 15:25:21,67,182,,
'2026-03-13 15:25:21,68,181,,
'2026-03-13 15:25:22,68,182,,
'2026-03-13 15:25:22,68,181,,
'2026-03-13 15:25:22,68,180,,
'2026-03-13 15:25:22,68,180,,
'2026-03-13 15:25:22,68,179,,
'2026-03-13 15:25:23,68,180,,
'2026-03-13 15:25:23,68,179,,
'2026-03-13 15:25:23,68,180,,
'2026-03-13 15:25:23,68,180,,
'2026-03-13 15:25:23,68,178,,
'2026-03-13 15:25:24,68,177,,
'2026-03-13 15:25:24,68,178,,
'2026-03-13 15:25:24,68,177,,
'2026-03-13 15:25:24,68,175,,
'2026-03-13 15:25:24,68,172,,
'2026-03-13 15:25:25,69,174,,
'2026-03-13 15:25:25,69,175,,
'2026-03-13 15:25:25,69,173,,
'2026-03-13 15:25:25,71,170,,
'2026-03-13 15:25:25,71,173,,
'2026-03-13 15:25:26,71,177,,
'2026-03-13 15:25:26,71,177,,
'2026-03-13 15:25:26,72,176,,
'2026-03-13 15:25:26,72,179,,
'2026-03-13 15:25:26,72,176,,
'2026-03-13 15:25:27,72,173,,
'2026-03-13 15:25:27,72,173,,
'2026-03-13 15:25:27,72,175,,
'2026-03-13 15:25:27,72,174,,
'2026-03-13 15:25:28,72,173,,
'2026-03-13 15:25:28,72,172,,
'2026-03-13 15:25:28,71,173,,
'2026-03-13 15:25:28,71,173,,
'2026-03-13 15:25:28,71,172,,
'2026-03-13 15:25:29,71,171,,
'2026-03-13 15:25:29,71,171,,
'2026-03-13 15:25:29,71,171,,
'2026-03-13 15:25:29,71,170,,
'2026-03-13 15:25:29,71,170,,
'2026-03-13 15:25:30,71,169,,
'2026-03-13 15:25:30,70,170,,
'2026-03-13 15:25:30,70,169,,
'2026-03-13 15:25:30,70,169,,
'2026-03-13 15:25:30,70,168,,
'2026-03-13 15:25:31,70,169,,
'2026-03-13 15:25:31,70,169,,
'2026-03-13 15:25:31,70,168,,
'2026-03-13 15:25:31,70,168,,
'2026-03-13 15:25:31,69,167,,
'2026-03-13 15:25:32,69,168,,
'2026-03-13 15:25:32,69,167,,
'2026-03-13 15:25:32,69,166,,
'2026-03-13 15:25:32,69,165,,
'2026-03-13 15:25:32,69,167,,
'2026-03-13 15:25:33,69,167,,
'2026-03-13 15:25:33,69,166,,
'2026-03-13 15:25:33,69,166,,
'2026-03-13 15:25:33,69,167,,
'2026-03-13 15:25:33,69,166,,
'2026-03-13 15:25:34,69,164,,
'2026-03-13 15:25:34,69,164,,
'2026-03-13 15:25:34,68,166,,
'2026-03-13 15:25:34,68,164,,
'2026-03-13 15:25:34,68,164,,
'2026-03-13 15:25:35,68,164,,
'2026-03-13 15:25:35,68,165,,
'2026-03-13 15:25:35,68,165,,
'2026-03-13 15:25:35,68,163,,
'2026-03-13 15:25:36,68,163,,
'2026-03-13 15:25:36,68,164,,
'2026-03-13 15:25:36,67,165,,
'2026-03-13 15:25:36,67,164,,
'2026-03-13 15:25:36,67,165,,
'2026-03-13 15:25:37,67,165,,
'2026-03-13 15:25:37,67,163,,
'2026-03-13 15:25:37,67,165,,
'2026-03-13 15:25:37,67,165,,
'2026-03-13 15:25:37,67,164,,
'2026-03-13 15:25:38,67,164,,
'2026-03-13 15:25:38,67,165,,
'2026-03-13 15:25:38,67,164,,
'2026-03-13 15:25:38,67,164,,
'2026-03-13 15:25:38,67,163,,
'2026-03-13 15:25:39,67,164,,
'2026-03-13 15:25:39,67,166,,
'2026-03-13 15:25:39,67,164,,
'2026-03-13 15:25:39,67,163,,
'2026-03-13 15:25:39,67,164,,
'2026-03-13 15:25:40,66,165,,
'2026-03-13 15:25:40,66,164,,
'2026-03-13 15:25:40,66,164,,
'2026-03-13 15:25:40,66,164,,
'2026-03-13 15:25:40,66,164,,
'2026-03-13 15:25:41,65,165,,
'2026-03-13 15:25:41,65,165,,
'2026-03-13 15:25:41,65,165,,
'2026-03-13 15:25:41,65,165,,
'2026-03-13 15:25:41,65,164,,
'2026-03-13 15:25:42,64,165,,
'2026-03-13 15:25:42,64,165,,
'2026-03-13 15:25:42,64,164,,
'2026-03-13 15:25:42,64,164,,
'2026-03-13 15:25:43,64,165,,
'2026-03-13 15:25:43,64,165,,
'2026-03-13 15:25:43,64,165,,
'2026-03-13 15:25:43,64,165,,
'2026-03-13 15:25:43,64,166,,
'2026-03-13 15:25:44,64,167,,
'2026-03-13 15:25:44,64,165,,
'2026-03-13 15:25:44,64,164,,
'2026-03-13 15:25:44,64,165,,
'2026-03-13 15:25:44,63,166,,
'2026-03-13 15:25:45,63,165,,
'2026-03-13 15:25:45,63,165,,
'2026-03-13 15:25:45,63,165,,
'2026-03-13 15:25:45,63,165,,
'2026-03-13 15:25:45,63,166,,
'2026-03-13 15:25:46,63,165,,
'2026-03-13 15:25:46,63,166,,
'2026-03-13 15:25:46,63,166,,
'2026-03-13 15:25:46,64,166,,
'2026-03-13 15:25:46,64,166,,
'2026-03-13 15:25:47,64,166,,
'2026-03-13 15:25:47,64,165,,
'2026-03-13 15:25:47,64,165,,
'2026-03-13 15:25:47,63,166,,
'2026-03-13 15:25:47,63,166,,
'2026-03-13 15:25:48,63,166,,
'2026-03-13 15:25:48,63,166,,
'2026-03-13 15:25:48,63,167,,
'2026-03-13 15:25:48,63,168,,
'2026-03-13 15:25:48,63,166,,
'2026-03-13 15:25:49,63,166,,
'2026-03-13 15:25:49,63,167,,
'2026-03-13 15:25:49,63,168,,
'2026-03-13 15:25:49,63,166,,
'2026-03-13 15:25:49,63,167,,
'2026-03-13 15:25:50,63,168,,
'2026-03-13 15:25:50,63,167,,
'2026-03-13 15:25:50,63,169,,
'2026-03-13 15:25:50,63,168,,
'2026-03-13 15:25:51,63,168,,
'2026-03-13 15:25:51,63,167,,
'2026-03-13 15:25:51,63,167,,
'2026-03-13 15:25:51,63,168,,
'2026-03-13 15:25:51,63,168,,
'2026-03-13 15:25:52,63,167,,
'2026-03-13 15:25:52,63,168,,
'2026-03-13 15:25:52,63,169,,
'2026-03-13 15:25:52,63,169,,
'2026-03-13 15:25:52,63,168,,
'2026-03-13 15:25:53,63,168,,
'2026-03-13 15:25:53,63,168,,
'2026-03-13 15:25:53,63,169,,
'2026-03-13 15:25:53,63,168,,
'2026-03-13 15:25:53,63,169,,
'2026-03-13 15:25:54,63,169,,
'2026-03-13 15:25:54,63,169,,
'2026-03-13 15:25:54,62,169,,
'2026-03-13 15:25:54,62,169,,
'2026-03-13 15:25:54,62,169,,
'2026-03-13 15:25:55,62,168,,
'2026-03-13 15:25:55,62,169,,
'2026-03-13 15:25:55,62,169,,
'2026-03-13 15:25:55,62,169,,
'2026-03-13 15:25:55,62,168,,
'2026-03-13 15:25:56,62,169,,
'2026-03-13 15:25:56,62,171,,
'2026-03-13 15:25:56,62,169,,
'2026-03-13 15:25:56,62,169,,
'2026-03-13 15:25:56,62,169,,
'2026-03-13 15:25:57,62,170,,
'2026-03-13 15:25:57,62,170,,
'2026-03-13 15:25:57,62,169,,
'2026-03-13 15:25:57,62,170,,
'2026-03-13 15:25:58,62,170,,
'2026-03-13 15:25:58,62,170,,
'2026-03-13 15:25:58,62,170,,
'2026-03-13 15:25:58,62,171,,
'2026-03-13 15:25:58,62,170,,
'2026-03-13 15:25:59,62,170,,
'2026-03-13 15:25:59,62,171,,
'2026-03-13 15:25:59,62,171,,
'2026-03-13 15:25:59,62,170,,
'2026-03-13 15:25:59,62,171,,
'2026-03-13 15:26:00,62,171,,
'2026-03-13 15:26:00,62,172,,
'2026-03-13 15:26:00,62,171,,
'2026-03-13 15:26:00,62,170,,
'2026-03-13 15:26:00,62,171,,
'2026-03-13 15:26:01,63,172,,
'2026-03-13 15:26:01,63,171,,
'2026-03-13 15:26:01,63,171,,
'2026-03-13 15:26:01,63,172,,
'2026-03-13 15:26:01,63,173,,
'2026-03-13 15:26:02,63,172,,
'2026-03-13 15:26:02,63,172,,
'2026-03-13 15:26:02,63,172,,
'2026-03-13 15:26:02,63,172,,
'2026-03-13 15:26:02,63,172,,
'2026-03-13 15:26:03,63,173,,
'2026-03-13 15:26:03,63,173,,
'2026-03-13 15:26:03,63,172,,
'2026-03-13 15:26:03,64,172,,
'2026-03-13 15:26:03,64,173,,
'2026-03-13 15:26:04,64,174,,
'2026-03-13 15:26:04,64,172,,
'2026-03-13 15:26:04,64,172,,
'2026-03-13 15:26:04,64,174,,
'2026-03-13 15:26:04,64,174,,
'2026-03-13 15:26:05,64,173,,
'2026-03-13 15:26:05,64,173,,
'2026-03-13 15:26:05,64,174,,
'2026-03-13 15:26:05,64,174,,
'2026-03-13 15:26:06,64,174,,
'2026-03-13 15:26:06,64,173,,
'2026-03-13 15:26:06,64,174,,
'2026-03-13 15:26:06,64,176,,
'2026-03-13 15:26:06,64,174,,
'2026-03-13 15:26:07,64,174,,
'2026-03-13 15:26:07,64,174,,
'2026-03-13 15:26:07,64,174,,
'2026-03-13 15:26:07,64,174,,
'2026-03-13 15:26:07,64,174,,
'2026-03-13 15:26:08,64,174,,
'2026-03-13 15:26:08,64,174,,
'2026-03-13 15:26:08,64,175,,
'2026-03-13 15:26:08,64,175,,
'2026-03-13 15:26:08,64,176,,
'2026-03-13 15:26:09,64,174,,
'2026-03-13 15:26:09,64,175,,
'2026-03-13 15:26:09,64,176,,
'2026-03-13 15:26:09,64,175,,
'2026-03-13 15:26:09,64,175,,
'2026-03-13 15:26:10,64,175,,
'2026-03-13 15:26:10,64,176,,
'2026-03-13 15:26:10,64,176,,
'2026-03-13 15:26:10,64,175,,
'2026-03-13 15:26:10,64,176,,
'2026-03-13 15:26:11,64,176,,
'2026-03-13 15:26:11,64,176,,
'2026-03-13 15:26:11,64,175,,
'2026-03-13 15:26:11,64,176,,
'2026-03-13 15:26:11,64,176,,
'2026-03-13 15:26:12,64,176,,
'2026-03-13 15:26:12,64,176,,
'2026-03-13 15:26:12,64,177,,
'2026-03-13 15:26:12,64,177,,
'2026-03-13 15:26:13,64,176,,
'2026-03-13 15:26:13,63,177,,
'2026-03-13 15:26:13,63,177,,
'2026-03-13 15:26:13,63,177,,
'2026-03-13 15:26:13,63,176,,
'2026-03-13 15:26:14,63,177,,
'2026-03-13 15:26:14,63,177,,
'2026-03-13 15:26:14,63,177,,
'2026-03-13 15:26:14,63,177,,
'2026-03-13 15:26:14,64,177,,
'2026-03-13 15:26:15,64,178,,
'2026-03-13 15:26:15,64,177,,
'2026-03-13 15:26:15,64,177,,
'2026-03-13 15:26:15,65,177,,
'2026-03-13 15:26:15,65,179,,
'2026-03-13 15:26:16,65,177,,
'2026-03-13 15:26:16,65,177,,
'2026-03-13 15:26:16,65,178,,
'2026-03-13 15:26:16,65,178,,
'2026-03-13 15:26:16,65,179,,
'2026-03-13 15:26:17,65,178,,
'2026-03-13 15:26:17,65,178,,
'2026-03-13 15:26:17,65,177,,
'2026-03-13 15:26:17,65,178,,
'2026-03-13 15:26:17,65,177,,
'2026-03-13 15:26:18,65,177,,
'2026-03-13 15:26:18,65,177,,
'2026-03-13 15:26:18,66,178,,
'2026-03-13 15:26:18,66,177,,
'2026-03-13 15:26:18,66,177,,
'2026-03-13 15:26:19,66,176,,
'2026-03-13 15:26:19,66,176,,
'2026-03-13 15:26:19,66,178,,
'2026-03-13 15:26:19,66,177,,
'2026-03-13 15:26:20,66,177,,
'2026-03-13 15:26:20,66,176,,
'2026-03-13 15:26:20,65,176,,
'2026-03-13 15:26:20,65,178,,
'2026-03-13 15:26:20,65,177,,
'2026-03-13 15:26:21,65,176,,
'2026-03-13 15:26:21,65,176,,
'2026-03-13 15:26:21,65,176,,
'2026-03-13 15:26:21,64,177,,
'2026-03-13 15:26:21,64,176,,
'2026-03-13 15:26:22,64,176,,
'2026-03-13 15:26:22,64,177,,
'2026-03-13 15:26:22,64,177,,
'2026-03-13 15:26:22,64,177,,
'2026-03-13 15:26:22,64,176,,
'2026-03-13 15:26:23,64,176,,
'2026-03-13 15:26:23,64,177,,
'2026-03-13 15:26:23,64,178,,
'2026-03-13 15:26:23,64,177,,
'2026-03-13 15:26:23,64,177,,
'2026-03-13 15:26:24,64,177,,
'2026-03-13 15:26:24,64,178,,
'2026-03-13 15:26:24,64,178,,
'2026-03-13 15:26:24,64,178,,
'2026-03-13 15:26:24,64,176,,
'2026-03-13 15:26:25,64,177,,
'2026-03-13 15:26:25,63,179,,
'2026-03-13 15:26:25,63,177,,
'2026-03-13 15:26:25,63,177,,
'2026-03-13 15:26:25,63,177,,
'2026-03-13 15:26:26,64,179,,
'2026-03-13 15:26:26,64,178,,
'2026-03-13 15:26:26,64,177,,
'2026-03-13 15:26:26,64,178,,
'2026-03-13 15:26:26,64,179,,
'2026-03-13 15:26:27,64,179,,
'2026-03-13 15:26:27,64,178,,
'2026-03-13 15:26:27,64,178,,
'2026-03-13 15:26:27,64,178,,
'2026-03-13 15:26:28,63,179,,
'2026-03-13 15:26:28,63,179,,
'2026-03-13 15:26:28,63,179,,
'2026-03-13 15:26:28,63,177,,
'2026-03-13 15:26:28,63,176,,
'2026-03-13 15:26:29,63,174,,
'2026-03-13 15:26:29,63,172,,
'2026-03-13 15:26:29,63,170,,
'2026-03-13 15:26:29,66,169,,
'2026-03-13 15:26:29,66,167,,
'2026-03-13 15:26:30,66,165,,
'2026-03-13 15:26:30,68,162,,
'2026-03-13 15:26:30,68,161,,
'2026-03-13 15:26:30,68,165,,
'2026-03-13 15:26:30,68,165,,
'2026-03-13 15:26:31,68,165,,
'2026-03-13 15:26:31,68,166,,
'2026-03-13 15:26:31,68,164,,
'2026-03-13 15:26:31,68,162,,
'2026-03-13 15:26:31,68,161,,
'2026-03-13 15:26:32,68,162,,
'2026-03-13 15:26:32,68,161,,
'2026-03-13 15:26:32,68,160,,
'2026-03-13 15:26:32,68,162,,
'2026-03-13 15:26:32,70,166,,
'2026-03-13 15:26:33,70,171,,
'2026-03-13 15:26:33,70,177,,
'2026-03-13 15:26:33,71,178,,
'2026-03-13 15:26:33,71,180,,
'2026-03-13 15:26:33,71,179,,
'2026-03-13 15:26:34,71,177,,
'2026-03-13 15:26:34,72,176,,
'2026-03-13 15:26:34,72,176,,
'2026-03-13 15:26:34,72,174,,
'2026-03-13 15:26:35,72,171,,
'2026-03-13 15:26:35,72,170,,
'2026-03-13 15:26:35,72,172,,
'2026-03-13 15:26:35,72,170,,
'2026-03-13 15:26:35,72,168,,
'2026-03-13 15:26:36,72,168,,
'2026-03-13 15:26:36,71,169,,
'2026-03-13 15:26:36,71,170,,
'2026-03-13 15:26:36,71,167,,
'2026-03-13 15:26:36,71,167,,
'2026-03-13 15:26:37,72,166,,
'2026-03-13 15:26:37,72,168,,
'2026-03-13 15:26:37,72,166,,
'2026-03-13 15:26:37,72,165,,
'2026-03-13 15:26:37,72,167,,
'2026-03-13 15:26:38,71,167,,
'2026-03-13 15:26:38,71,165,,
'2026-03-13 15:26:38,71,165,,
'2026-03-13 15:26:38,71,165,,
'2026-03-13 15:26:38,70,165,,
'2026-03-13 15:26:39,70,166,,
'2026-03-13 15:26:39,70,164,,
'2026-03-13 15:26:39,70,164,,
'2026-03-13 15:26:39,70,162,,
'2026-03-13 15:26:39,69,163,,
'2026-03-13 15:26:40,69,162,,
'2026-03-13 15:26:40,69,160,,
'2026-03-13 15:26:40,69,157,,
'2026-03-13 15:26:40,69,158,,
'2026-03-13 15:26:40,69,157,,
'2026-03-13 15:26:41,69,156,,
'2026-03-13 15:26:41,69,153,,
'2026-03-13 15:26:41,69,155,,
'2026-03-13 15:26:41,69,153,,
'2026-03-13 15:26:41,69,152,,
'2026-03-13 15:26:42,69,152,,
'2026-03-13 15:26:42,69,152,,
'2026-03-13 15:26:42,69,151,,
'2026-03-13 15:26:42,69,150,,
'2026-03-13 15:26:43,69,150,,
'2026-03-13 15:26:43,69,150,,
'2026-03-13 15:26:43,69,149,,
'2026-03-13 15:26:43,69,147,,
'2026-03-13 15:26:43,71,148,,
